0.0, 25.0
 [0.1748046875, 0.01068115234375, -0.045654296875, 0.07470703125, -0.0390625, 0.169921875, -0.1826171875, 0.09423828125, 0.005615234375, -0.01507568359375, 0.0634765625, -0.1826171875] 0 0 0
 [0.1748046875, 0.01068115234375, -0.045654296875, 0.07470703125, -0.0390625, 0.169921875, -0.1826171875, 0.09423828125, 0.005615234375, -0.01507568359375, 0.0634765625, -0.1826171875] 0 0 0
 [0.1748046875, 0.01068115234375, -0.045654296875, 0.07470703125, -0.0390625, 0.169921875, -0.1826171875, 0.09423828125, 0.005615234375, -0.01507568359375, 0.0634765625, -0.1826171875] 0 0 0
 [0.1748046875, 0.01068115234375, -0.045654296875, 0.07470703125, -0.0390625, 0.169921875, -0.1826171875, 0.09423828125, 0.005615234375, -0.01507568359375, 0.0634765625, -0.1826171875] 0 0 0
 [0.1748046875, 0.01068115234375, -0.045654296875, 0.07470703125, -0.0390625, 0.169921875, -0.1826171875, 0.09423828125, 0.005615234375, -0.01507568359375, 0.0634765625, -0.1826171875] 0 0 0
 [0.1748046875, 0.01068115234375, -0.045654296875, 0.07470703125, -0.0390625, 0.169921875, -0.1826171875, 0.09423828125, 0.005615234375, -0.01507568359375, 0.0634765625, -0.1826171875] 0 0 0
 [0.1748046875, 0.01068115234375, -0.045654296875, 0.07470703125, -0.0390625, 0.169921875, -0.1826171875, 0.09423828125, 0.005615234375, -0.01507568359375, 0.0634765625, -0.1826171875] 0 0 0
 [0.1748046875, 0.01068115234375, -0.045654296875, 0.07470703125, -0.0390625, 0.169921875, -0.1826171875, 0.09423828125, 0.005615234375, -0.01507568359375, 0.0634765625, -0.1826171875] 0 0 0
 [0.1748046875, 0.01068115234375, -0.045654296875, 0.07470703125, -0.0390625, 0.169921875, -0.1826171875, 0.09423828125, 0.005615234375, -0.01507568359375, 0.0634765625, -0.1826171875] 0 0 0
 [0.1748046875, 0.01068115234375, -0.045654296875, 0.07470703125, -0.0390625, 0.169921875, -0.1826171875, 0.09423828125, 0.005615234375, -0.01507568359375, 0.0634765625, -0.1826171875] 0 0 0
 [0.1748046875, 0.01068115234375, -0.045654296875, 0.07470703125, -0.0390625, 0.169921875, -0.1826171875, 0.09423828125, 0.005615234375, -0.01507568359375, 0.0634765625, -0.1826171875] 0 0 0
 [0.1748046875, 0.01068115234375, -0.045654296875, 0.07470703125, -0.0390625, 0.169921875, -0.1826171875, 0.09423828125, 0.005615234375, -0.01507568359375, 0.0634765625, -0.1826171875] 0 0 0
 [0.1748046875, 0.01068115234375, -0.045654296875, 0.07470703125, -0.0390625, 0.169921875, -0.1826171875, 0.09423828125, 0.005615234375, -0.01507568359375, 0.0634765625, -0.1826171875] 0 0 0
 [0.1748046875, 0.01068115234375, -0.045654296875, 0.07470703125, -0.0390625, 0.169921875, -0.1826171875, 0.09423828125, 0.005615234375, -0.01507568359375, 0.0634765625, -0.1826171875] 0 0 0
 [0.1748046875, 0.01068115234375, -0.045654296875, 0.07470703125, -0.0390625, 0.169921875, -0.1826171875, 0.09423828125, 0.005615234375, -0.01507568359375, 0.0634765625, -0.1826171875] 0 0 0
 [0.1748046875, 0.01068115234375, -0.045654296875, 0.07470703125, -0.0390625, 0.169921875, -0.1826171875, 0.09423828125, 0.005615234375, -0.01507568359375, 0.0634765625, -0.1826171875] 0 0 0
 [0.1748046875, 0.01068115234375, -0.045654296875, 0.07470703125, -0.0390625, 0.169921875, -0.1826171875, 0.09423828125, 0.005615234375, -0.01507568359375, 0.0634765625, -0.1826171875] 0 0 0
 [0.1748046875, 0.01068115234375, -0.045654296875, 0.07470703125, -0.0390625, 0.169921875, -0.1826171875, 0.09423828125, 0.005615234375, -0.01507568359375, 0.0634765625, -0.1826171875] 0 0 0
 [0.1748046875, 0.01068115234375, -0.045654296875, 0.07470703125, -0.0390625, 0.169921875, -0.1826171875, 0.09423828125, 0.005615234375, -0.01507568359375, 0.0634765625, -0.1826171875] 0 0 0
 [0.1748046875, 0.01068115234375, -0.045654296875, 0.07470703125, -0.0390625, 0.169921875, -0.1826171875, 0.09423828125, 0.005615234375, -0.01507568359375, 0.0634765625, -0.1826171875] 0 0 0
 [0.1748046875, 0.01068115234375, -0.045654296875, 0.07470703125, -0.0390625, 0.169921875, -0.1826171875, 0.09423828125, 0.005615234375, -0.01507568359375, 0.0634765625, -0.1826171875] 0 0 0
 [0.1748046875, 0.01068115234375, -0.045654296875, 0.07470703125, -0.0390625, 0.169921875, -0.1826171875, 0.09423828125, 0.005615234375, -0.01507568359375, 0.0634765625, -0.1826171875] 0 0 0
 [0.1748046875, 0.01068115234375, -0.045654296875, 0.07470703125, -0.0390625, 0.169921875, -0.1826171875, 0.09423828125, 0.005615234375, -0.01507568359375, 0.0634765625, -0.1826171875] 0 0 0
 [0.1748046875, 0.01068115234375, -0.045654296875, 0.07470703125, -0.0390625, 0.169921875, -0.1826171875, 0.09423828125, 0.005615234375, -0.01507568359375, 0.0634765625, -0.1826171875] 0 0 0
 [0.1748046875, 0.01068115234375, -0.045654296875, 0.07470703125, -0.0390625, 0.169921875, -0.1826171875, 0.09423828125, 0.005615234375, -0.01507568359375, 0.0634765625, -0.1826171875] 0 0 0
 [0.1748046875, 0.01068115234375, -0.045654296875, 0.07470703125, -0.0390625, 0.169921875, -0.1826171875, 0.09423828125, 0.005615234375, -0.01507568359375, 0.0634765625, -0.1826171875] 0 0 0
 [0.1748046875, 0.01068115234375, -0.045654296875, 0.07470703125, -0.0390625, 0.169921875, -0.1826171875, 0.09423828125, 0.005615234375, -0.01507568359375, 0.0634765625, -0.1826171875] 0 0 0
 [0.1748046875, 0.01068115234375, -0.045654296875, 0.07470703125, -0.0390625, 0.169921875, -0.1826171875, 0.09423828125, 0.005615234375, -0.01507568359375, 0.0634765625, -0.1826171875] 0 0 0
 [0.1748046875, 0.01068115234375, -0.045654296875, 0.07470703125, -0.0390625, 0.169921875, -0.1826171875, 0.09423828125, 0.005615234375, -0.01507568359375, 0.0634765625, -0.1826171875] 0 0 0
 [0.1748046875, 0.01068115234375, -0.045654296875, 0.07470703125, -0.0390625, 0.169921875, -0.1826171875, 0.09423828125, 0.005615234375, -0.01507568359375, 0.0634765625, -0.1826171875] 0 0 0
 [0.1748046875, 0.01068115234375, -0.045654296875, 0.07470703125, -0.0390625, 0.169921875, -0.1826171875, 0.09423828125, 0.005615234375, -0.01507568359375, 0.0634765625, -0.1826171875] 0 0 0
 [0.1748046875, 0.01068115234375, -0.045654296875, 0.07470703125, -0.0390625, 0.169921875, -0.1826171875, 0.09423828125, 0.005615234375, -0.01507568359375, 0.0634765625, -0.1826171875] 0 0 0
 [0.1748046875, 0.01068115234375, -0.045654296875, 0.07470703125, -0.0390625, 0.169921875, -0.1826171875, 0.09423828125, 0.005615234375, -0.01507568359375, 0.0634765625, -0.1826171875] 0 0 0
 [0.1748046875, 0.01068115234375, -0.045654296875, 0.07470703125, -0.0390625, 0.169921875, -0.1826171875, 0.09423828125, 0.005615234375, -0.01507568359375, 0.0634765625, -0.1826171875] 1 0 0
 [0.1748046875, 0.01068115234375, -0.045654296875, 0.07470703125, -0.0390625, 0.169921875, -0.1826171875, 0.09423828125, 0.005615234375, -0.01507568359375, 0.0634765625, -0.1826171875] 1 0 0
 [0.1748046875, 0.01068115234375, -0.045654296875, 0.07470703125, -0.0390625, 0.169921875, -0.1826171875, 0.09423828125, 0.005615234375, -0.01507568359375, 0.0634765625, -0.1826171875] 1 0 0
 [0.1748046875, 0.01068115234375, -0.045654296875, 0.07470703125, -0.0390625, 0.169921875, -0.1826171875, 0.09423828125, 0.005615234375, -0.01507568359375, 0.0634765625, -0.1826171875] 1 0 0
 [0.1748046875, 0.01068115234375, -0.045654296875, 0.07470703125, -0.0390625, 0.169921875, -0.1826171875, 0.09423828125, 0.005615234375, -0.01507568359375, 0.0634765625, -0.1826171875] 1 0 0
 [0.1748046875, 0.01068115234375, -0.045654296875, 0.07470703125, -0.0390625, 0.169921875, -0.1826171875, 0.09423828125, 0.005615234375, -0.01507568359375, 0.0634765625, -0.1826171875] 1 0 0
 [0.1748046875, 0.01068115234375, -0.045654296875, 0.07470703125, -0.0390625, 0.169921875, -0.1826171875, 0.09423828125, 0.005615234375, -0.01507568359375, 0.0634765625, -0.1826171875] 1 0 0
 [0.1748046875, 0.01068115234375, -0.045654296875, 0.07470703125, -0.0390625, 0.169921875, -0.1826171875, 0.09423828125, 0.005615234375, -0.01507568359375, 0.0634765625, -0.1826171875] 1 0 0
 [0.1748046875, 0.01068115234375, -0.045654296875, 0.07470703125, -0.0390625, 0.169921875, -0.1826171875, 0.09423828125, 0.005615234375, -0.01507568359375, 0.0634765625, -0.1826171875] 1 0 0
 [0.1748046875, 0.01068115234375, -0.045654296875, 0.07470703125, -0.0390625, 0.169921875, -0.1826171875, 0.09423828125, 0.005615234375, -0.01507568359375, 0.0634765625, -0.1826171875] 1 0 0
 [0.1748046875, 0.01068115234375, -0.045654296875, 0.07470703125, -0.0390625, 0.169921875, -0.1826171875, 0.09423828125, 0.005615234375, -0.01507568359375, 0.0634765625, -0.1826171875] 1 0 0
 [0.1748046875, 0.01068115234375, -0.045654296875, 0.07470703125, -0.0390625, 0.169921875, -0.1826171875, 0.09423828125, 0.005615234375, -0.01507568359375, 0.0634765625, -0.1826171875] 1 0 0
 [0.1748046875, 0.01068115234375, -0.045654296875, 0.07470703125, -0.0390625, 0.169921875, -0.1826171875, 0.09423828125, 0.005615234375, -0.01507568359375, 0.0634765625, -0.1826171875] 1 0 0
 [0.1748046875, 0.01068115234375, -0.045654296875, 0.07470703125, -0.0390625, 0.169921875, -0.1826171875, 0.09423828125, 0.005615234375, -0.01507568359375, 0.0634765625, -0.1826171875] 1 0 0
 [0.1748046875, 0.01068115234375, -0.045654296875, 0.07470703125, -0.0390625, 0.169921875, -0.1826171875, 0.09423828125, 0.005615234375, -0.01507568359375, 0.0634765625, -0.1826171875] 1 0 0
 [0.1748046875, 0.01068115234375, -0.045654296875, 0.07470703125, -0.0390625, 0.169921875, -0.1826171875, 0.09423828125, 0.005615234375, -0.01507568359375, 0.0634765625, -0.1826171875] 1 0 0
 [0.1748046875, 0.01068115234375, -0.045654296875, 0.07470703125, -0.0390625, 0.169921875, -0.1826171875, 0.09423828125, 0.005615234375, -0.01507568359375, 0.0634765625, -0.1826171875] 1 0 0
 [0.1748046875, 0.01068115234375, -0.045654296875, 0.07470703125, -0.0390625, 0.169921875, -0.1826171875, 0.09423828125, 0.005615234375, -0.01507568359375, 0.0634765625, -0.1826171875] 1 0 0
 [0.1748046875, 0.01068115234375, -0.045654296875, 0.07470703125, -0.0390625, 0.169921875, -0.1826171875, 0.09423828125, 0.005615234375, -0.01507568359375, 0.0634765625, -0.1826171875] 1 0 0
 [0.1748046875, 0.01068115234375, -0.045654296875, 0.07470703125, -0.0390625, 0.169921875, -0.1826171875, 0.09423828125, 0.005615234375, -0.01507568359375, 0.0634765625, -0.1826171875] 1 0 0
 [0.1748046875, 0.01068115234375, -0.045654296875, 0.07470703125, -0.0390625, 0.169921875, -0.1826171875, 0.09423828125, 0.005615234375, -0.01507568359375, 0.0634765625, -0.1826171875] 1 0 0
 [0.1748046875, 0.01068115234375, -0.045654296875, 0.07470703125, -0.0390625, 0.169921875, -0.1826171875, 0.09423828125, 0.005615234375, -0.01507568359375, 0.0634765625, -0.1826171875] 1 0 0
 [0.1748046875, 0.01068115234375, -0.045654296875, 0.07470703125, -0.0390625, 0.169921875, -0.1826171875, 0.09423828125, 0.005615234375, -0.01507568359375, 0.0634765625, -0.1826171875] 1 0 0
 [0.1748046875, 0.01068115234375, -0.045654296875, 0.07470703125, -0.0390625, 0.169921875, -0.1826171875, 0.09423828125, 0.005615234375, -0.01507568359375, 0.0634765625, -0.1826171875] 1 0 0
 [0.1748046875, 0.01068115234375, -0.045654296875, 0.07470703125, -0.0390625, 0.169921875, -0.1826171875, 0.09423828125, 0.005615234375, -0.01507568359375, 0.0634765625, -0.1826171875] 1 0 0
 [0.1748046875, 0.01068115234375, -0.045654296875, 0.07470703125, -0.0390625, 0.169921875, -0.1826171875, 0.09423828125, 0.005615234375, -0.01507568359375, 0.0634765625, -0.1826171875] 1 0 0
 [0.1748046875, 0.01068115234375, -0.045654296875, 0.07470703125, -0.0390625, 0.169921875, -0.1826171875, 0.09423828125, 0.005615234375, -0.01507568359375, 0.0634765625, -0.1826171875] 1 0 0
 [0.1748046875, 0.01068115234375, -0.045654296875, 0.07470703125, -0.0390625, 0.169921875, -0.1826171875, 0.09423828125, 0.005615234375, -0.01507568359375, 0.0634765625, -0.1826171875] 1 0 0
 [0.1748046875, 0.01068115234375, -0.045654296875, 0.07470703125, -0.0390625, 0.169921875, -0.1826171875, 0.09423828125, 0.005615234375, -0.01507568359375, 0.0634765625, -0.1826171875] 1 0 0
 [0.1748046875, 0.01068115234375, -0.045654296875, 0.07470703125, -0.0390625, 0.169921875, -0.1826171875, 0.09423828125, 0.005615234375, -0.01507568359375, 0.0634765625, -0.1826171875] 1 0 0
 [0.1748046875, 0.01068115234375, -0.045654296875, 0.07470703125, -0.0390625, 0.169921875, -0.1826171875, 0.09423828125, 0.005615234375, -0.01507568359375, 0.0634765625, -0.1826171875] 1 0 0
 [0.1748046875, 0.01068115234375, -0.045654296875, 0.07470703125, -0.0390625, 0.169921875, -0.1826171875, 0.09423828125, 0.005615234375, -0.01507568359375, 0.0634765625, -0.1826171875] 1 0 0
 [0.1748046875, 0.01068115234375, -0.045654296875, 0.07470703125, -0.0390625, 0.169921875, -0.1826171875, 0.09423828125, 0.005615234375, -0.01507568359375, 0.0634765625, -0.1826171875] 1 0 0
 [0.1748046875, 0.01068115234375, -0.045654296875, 0.07470703125, -0.0390625, 0.169921875, -0.1826171875, 0.09423828125, 0.005615234375, -0.01507568359375, 0.0634765625, -0.1826171875] 1 0 0
 [0.1748046875, 0.01068115234375, -0.045654296875, 0.07470703125, -0.0390625, 0.169921875, -0.1826171875, 0.09423828125, 0.005615234375, -0.01507568359375, 0.0634765625, -0.1826171875] 2 0 0
 [0.1748046875, 0.01068115234375, -0.045654296875, 0.07470703125, -0.0390625, 0.169921875, -0.1826171875, 0.09423828125, 0.005615234375, -0.01507568359375, 0.0634765625, -0.1826171875] 2 0 0
 [0.1748046875, 0.01068115234375, -0.045654296875, 0.07470703125, -0.0390625, 0.169921875, -0.1826171875, 0.09423828125, 0.005615234375, -0.01507568359375, 0.0634765625, -0.1826171875] 2 0 0
 [0.1748046875, 0.01068115234375, -0.045654296875, 0.07470703125, -0.0390625, 0.169921875, -0.1826171875, 0.09423828125, 0.005615234375, -0.01507568359375, 0.0634765625, -0.1826171875] 2 0 0
 [0.1748046875, 0.01068115234375, -0.045654296875, 0.07470703125, -0.0390625, 0.169921875, -0.1826171875, 0.09423828125, 0.005615234375, -0.01507568359375, 0.0634765625, -0.1826171875] 2 0 0
 [0.1748046875, 0.01068115234375, -0.045654296875, 0.07470703125, -0.0390625, 0.169921875, -0.1826171875, 0.09423828125, 0.005615234375, -0.01507568359375, 0.0634765625, -0.1826171875] 2 0 0
 [0.1748046875, 0.01068115234375, -0.045654296875, 0.07470703125, -0.0390625, 0.169921875, -0.1826171875, 0.09423828125, 0.005615234375, -0.01507568359375, 0.0634765625, -0.1826171875] 2 0 0
 [0.1748046875, 0.01068115234375, -0.045654296875, 0.07470703125, -0.0390625, 0.169921875, -0.1826171875, 0.09423828125, 0.005615234375, -0.01507568359375, 0.0634765625, -0.1826171875] 2 0 0
 [0.1748046875, 0.01068115234375, -0.045654296875, 0.07470703125, -0.0390625, 0.169921875, -0.1826171875, 0.09423828125, 0.005615234375, -0.01507568359375, 0.0634765625, -0.1826171875] 2 0 0
 [0.1748046875, 0.01068115234375, -0.045654296875, 0.07470703125, -0.0390625, 0.169921875, -0.1826171875, 0.09423828125, 0.005615234375, -0.01507568359375, 0.0634765625, -0.1826171875] 2 0 0
 [0.1748046875, 0.01068115234375, -0.045654296875, 0.07470703125, -0.0390625, 0.169921875, -0.1826171875, 0.09423828125, 0.005615234375, -0.01507568359375, 0.0634765625, -0.1826171875] 2 0 0
 [0.1748046875, 0.01068115234375, -0.045654296875, 0.07470703125, -0.0390625, 0.169921875, -0.1826171875, 0.09423828125, 0.005615234375, -0.01507568359375, 0.0634765625, -0.1826171875] 2 0 0
 [0.1748046875, 0.01068115234375, -0.045654296875, 0.07470703125, -0.0390625, 0.169921875, -0.1826171875, 0.09423828125, 0.005615234375, -0.01507568359375, 0.0634765625, -0.1826171875] 2 0 0
 [0.1748046875, 0.01068115234375, -0.045654296875, 0.07470703125, -0.0390625, 0.169921875, -0.1826171875, 0.09423828125, 0.005615234375, -0.01507568359375, 0.0634765625, -0.1826171875] 2 0 0
 [0.1748046875, 0.01068115234375, -0.045654296875, 0.07470703125, -0.0390625, 0.169921875, -0.1826171875, 0.09423828125, 0.005615234375, -0.01507568359375, 0.0634765625, -0.1826171875] 2 0 0
 [0.1748046875, 0.01068115234375, -0.045654296875, 0.07470703125, -0.0390625, 0.169921875, -0.1826171875, 0.09423828125, 0.005615234375, -0.01507568359375, 0.0634765625, -0.1826171875] 2 0 0
 [0.1748046875, 0.01068115234375, -0.045654296875, 0.07470703125, -0.0390625, 0.169921875, -0.1826171875, 0.09423828125, 0.005615234375, -0.01507568359375, 0.0634765625, -0.1826171875] 2 0 0
 [0.1748046875, 0.01068115234375, -0.045654296875, 0.07470703125, -0.0390625, 0.169921875, -0.1826171875, 0.09423828125, 0.005615234375, -0.01507568359375, 0.0634765625, -0.1826171875] 2 0 0
 [0.1748046875, 0.01068115234375, -0.045654296875, 0.07470703125, -0.0390625, 0.169921875, -0.1826171875, 0.09423828125, 0.005615234375, -0.01507568359375, 0.0634765625, -0.1826171875] 2 0 0
 [0.1748046875, 0.01068115234375, -0.045654296875, 0.07470703125, -0.0390625, 0.169921875, -0.1826171875, 0.09423828125, 0.005615234375, -0.01507568359375, 0.0634765625, -0.1826171875] 2 0 0
 [0.1748046875, 0.01068115234375, -0.045654296875, 0.07470703125, -0.0390625, 0.169921875, -0.1826171875, 0.09423828125, 0.005615234375, -0.01507568359375, 0.0634765625, -0.1826171875] 2 0 0
 [0.1748046875, 0.01068115234375, -0.045654296875, 0.07470703125, -0.0390625, 0.169921875, -0.1826171875, 0.09423828125, 0.005615234375, -0.01507568359375, 0.0634765625, -0.1826171875] 2 0 0
 [0.1748046875, 0.01068115234375, -0.045654296875, 0.07470703125, -0.0390625, 0.169921875, -0.1826171875, 0.09423828125, 0.005615234375, -0.01507568359375, 0.0634765625, -0.1826171875] 2 0 0
 [0.1748046875, 0.01068115234375, -0.045654296875, 0.07470703125, -0.0390625, 0.169921875, -0.1826171875, 0.09423828125, 0.005615234375, -0.01507568359375, 0.0634765625, -0.1826171875] 2 0 0
 [0.1748046875, 0.01068115234375, -0.045654296875, 0.07470703125, -0.0390625, 0.169921875, -0.1826171875, 0.09423828125, 0.005615234375, -0.01507568359375, 0.0634765625, -0.1826171875] 2 0 0
 [0.1748046875, 0.01068115234375, -0.045654296875, 0.07470703125, -0.0390625, 0.169921875, -0.1826171875, 0.09423828125, 0.005615234375, -0.01507568359375, 0.0634765625, -0.1826171875] 2 0 0
 [0.1748046875, 0.01068115234375, -0.045654296875, 0.07470703125, -0.0390625, 0.169921875, -0.1826171875, 0.09423828125, 0.005615234375, -0.01507568359375, 0.0634765625, -0.1826171875] 2 0 0
 [0.1748046875, 0.01068115234375, -0.045654296875, 0.07470703125, -0.0390625, 0.169921875, -0.1826171875, 0.09423828125, 0.005615234375, -0.01507568359375, 0.0634765625, -0.1826171875] 2 0 0
 [0.1748046875, 0.01068115234375, -0.045654296875, 0.07470703125, -0.0390625, 0.169921875, -0.1826171875, 0.09423828125, 0.005615234375, -0.01507568359375, 0.0634765625, -0.1826171875] 2 0 0
 [0.1748046875, 0.01068115234375, -0.045654296875, 0.07470703125, -0.0390625, 0.169921875, -0.1826171875, 0.09423828125, 0.005615234375, -0.01507568359375, 0.0634765625, -0.1826171875] 2 0 0
 [0.1748046875, 0.01068115234375, -0.045654296875, 0.07470703125, -0.0390625, 0.169921875, -0.1826171875, 0.09423828125, 0.005615234375, -0.01507568359375, 0.0634765625, -0.1826171875] 2 0 0
 [0.1748046875, 0.01068115234375, -0.045654296875, 0.07470703125, -0.0390625, 0.169921875, -0.1826171875, 0.09423828125, 0.005615234375, -0.01507568359375, 0.0634765625, -0.1826171875] 3 0 0
 [0.1748046875, 0.01068115234375, -0.045654296875, 0.07470703125, -0.0390625, 0.169921875, -0.1826171875, 0.09423828125, 0.005615234375, -0.01507568359375, 0.0634765625, -0.1826171875] 3 0 0
 [0.1748046875, 0.01068115234375, -0.045654296875, 0.07470703125, -0.0390625, 0.169921875, -0.1826171875, 0.09423828125, 0.005615234375, -0.01507568359375, 0.0634765625, -0.1826171875] 3 0 0
 [0.1748046875, 0.01068115234375, -0.045654296875, 0.07470703125, -0.0390625, 0.169921875, -0.1826171875, 0.09423828125, 0.005615234375, -0.01507568359375, 0.0634765625, -0.1826171875] 3 0 0
 [0.1748046875, 0.01068115234375, -0.045654296875, 0.07470703125, -0.0390625, 0.169921875, -0.1826171875, 0.09423828125, 0.005615234375, -0.01507568359375, 0.0634765625, -0.1826171875] 3 0 0
 [0.1748046875, 0.01068115234375, -0.045654296875, 0.07470703125, -0.0390625, 0.169921875, -0.1826171875, 0.09423828125, 0.005615234375, -0.01507568359375, 0.0634765625, -0.1826171875] 3 0 0
 [0.1748046875, 0.01068115234375, -0.045654296875, 0.07470703125, -0.0390625, 0.169921875, -0.1826171875, 0.09423828125, 0.005615234375, -0.01507568359375, 0.0634765625, -0.1826171875] 3 0 0
 [0.1748046875, 0.01068115234375, -0.045654296875, 0.07470703125, -0.0390625, 0.169921875, -0.1826171875, 0.09423828125, 0.005615234375, -0.01507568359375, 0.0634765625, -0.1826171875] 3 0 0
 [0.1748046875, 0.01068115234375, -0.045654296875, 0.07470703125, -0.0390625, 0.169921875, -0.1826171875, 0.09423828125, 0.005615234375, -0.01507568359375, 0.0634765625, -0.1826171875] 3 0 0
 [0.1748046875, 0.01068115234375, -0.045654296875, 0.07470703125, -0.0390625, 0.169921875, -0.1826171875, 0.09423828125, 0.005615234375, -0.01507568359375, 0.0634765625, -0.1826171875] 3 0 0
 [0.1748046875, 0.01068115234375, -0.045654296875, 0.07470703125, -0.0390625, 0.169921875, -0.1826171875, 0.09423828125, 0.005615234375, -0.01507568359375, 0.0634765625, -0.1826171875] 3 0 0
 [0.1748046875, 0.01068115234375, -0.045654296875, 0.07470703125, -0.0390625, 0.169921875, -0.1826171875, 0.09423828125, 0.005615234375, -0.01507568359375, 0.0634765625, -0.1826171875] 3 0 0
 [0.1748046875, 0.01068115234375, -0.045654296875, 0.07470703125, -0.0390625, 0.169921875, -0.1826171875, 0.09423828125, 0.005615234375, -0.01507568359375, 0.0634765625, -0.1826171875] 3 0 0
 [0.1748046875, 0.01068115234375, -0.045654296875, 0.07470703125, -0.0390625, 0.169921875, -0.1826171875, 0.09423828125, 0.005615234375, -0.01507568359375, 0.0634765625, -0.1826171875] 3 0 0
 [0.1748046875, 0.01068115234375, -0.045654296875, 0.07470703125, -0.0390625, 0.169921875, -0.1826171875, 0.09423828125, 0.005615234375, -0.01507568359375, 0.0634765625, -0.1826171875] 3 0 0
 [0.1748046875, 0.01068115234375, -0.045654296875, 0.07470703125, -0.0390625, 0.169921875, -0.1826171875, 0.09423828125, 0.005615234375, -0.01507568359375, 0.0634765625, -0.1826171875] 3 0 0
 [0.1748046875, 0.01068115234375, -0.045654296875, 0.07470703125, -0.0390625, 0.169921875, -0.1826171875, 0.09423828125, 0.005615234375, -0.01507568359375, 0.0634765625, -0.1826171875] 3 0 0
 [0.1748046875, 0.01068115234375, -0.045654296875, 0.07470703125, -0.0390625, 0.169921875, -0.1826171875, 0.09423828125, 0.005615234375, -0.01507568359375, 0.0634765625, -0.1826171875] 3 0 0
 [0.1748046875, 0.01068115234375, -0.045654296875, 0.07470703125, -0.0390625, 0.169921875, -0.1826171875, 0.09423828125, 0.005615234375, -0.01507568359375, 0.0634765625, -0.1826171875] 3 0 0
 [0.1748046875, 0.01068115234375, -0.045654296875, 0.07470703125, -0.0390625, 0.169921875, -0.1826171875, 0.09423828125, 0.005615234375, -0.01507568359375, 0.0634765625, -0.1826171875] 3 0 0
 [0.1748046875, 0.01068115234375, -0.045654296875, 0.07470703125, -0.0390625, 0.169921875, -0.1826171875, 0.09423828125, 0.005615234375, -0.01507568359375, 0.0634765625, -0.1826171875] 3 0 0
 [0.1748046875, 0.01068115234375, -0.045654296875, 0.07470703125, -0.0390625, 0.169921875, -0.1826171875, 0.09423828125, 0.005615234375, -0.01507568359375, 0.0634765625, -0.1826171875] 3 0 0
 [0.1748046875, 0.01068115234375, -0.045654296875, 0.07470703125, -0.0390625, 0.169921875, -0.1826171875, 0.09423828125, 0.005615234375, -0.01507568359375, 0.0634765625, -0.1826171875] 3 0 0
 [0.1748046875, 0.01068115234375, -0.045654296875, 0.07470703125, -0.0390625, 0.169921875, -0.1826171875, 0.09423828125, 0.005615234375, -0.01507568359375, 0.0634765625, -0.1826171875] 3 0 0
 [0.1748046875, 0.01068115234375, -0.045654296875, 0.07470703125, -0.0390625, 0.169921875, -0.1826171875, 0.09423828125, 0.005615234375, -0.01507568359375, 0.0634765625, -0.1826171875] 3 0 0
 [0.1748046875, 0.01068115234375, -0.045654296875, 0.07470703125, -0.0390625, 0.169921875, -0.1826171875, 0.09423828125, 0.005615234375, -0.01507568359375, 0.0634765625, -0.1826171875] 3 0 0
 [0.1748046875, 0.01068115234375, -0.045654296875, 0.07470703125, -0.0390625, 0.169921875, -0.1826171875, 0.09423828125, 0.005615234375, -0.01507568359375, 0.0634765625, -0.1826171875] 3 0 0
 [0.1748046875, 0.01068115234375, -0.045654296875, 0.07470703125, -0.0390625, 0.169921875, -0.1826171875, 0.09423828125, 0.005615234375, -0.01507568359375, 0.0634765625, -0.1826171875] 3 0 0
 [0.1748046875, 0.01068115234375, -0.045654296875, 0.07470703125, -0.0390625, 0.169921875, -0.1826171875, 0.09423828125, 0.005615234375, -0.01507568359375, 0.0634765625, -0.1826171875] 3 0 0
 [0.1748046875, 0.01068115234375, -0.045654296875, 0.07470703125, -0.0390625, 0.169921875, -0.1826171875, 0.09423828125, 0.005615234375, -0.01507568359375, 0.0634765625, -0.1826171875] 3 0 0
 [0.1748046875, 0.01068115234375, -0.045654296875, 0.07470703125, -0.0390625, 0.169921875, -0.1826171875, 0.09423828125, 0.005615234375, -0.01507568359375, 0.0634765625, -0.1826171875] 3 0 0
 [0.1748046875, 0.01068115234375, -0.045654296875, 0.07470703125, -0.0390625, 0.169921875, -0.1826171875, 0.09423828125, 0.005615234375, -0.01507568359375, 0.0634765625, -0.1826171875] 4 0 0
 [0.1748046875, 0.01068115234375, -0.045654296875, 0.07470703125, -0.0390625, 0.169921875, -0.1826171875, 0.09423828125, 0.005615234375, -0.01507568359375, 0.0634765625, -0.1826171875] 4 0 0
 [0.1748046875, 0.01068115234375, -0.045654296875, 0.07470703125, -0.0390625, 0.169921875, -0.1826171875, 0.09423828125, 0.005615234375, -0.01507568359375, 0.0634765625, -0.1826171875] 4 0 0
 [0.1748046875, 0.01068115234375, -0.045654296875, 0.07470703125, -0.0390625, 0.169921875, -0.1826171875, 0.09423828125, 0.005615234375, -0.01507568359375, 0.0634765625, -0.1826171875] 4 0 0
 [0.1748046875, 0.01068115234375, -0.045654296875, 0.07470703125, -0.0390625, 0.169921875, -0.1826171875, 0.09423828125, 0.005615234375, -0.01507568359375, 0.0634765625, -0.1826171875] 4 0 0
 [0.1748046875, 0.01068115234375, -0.045654296875, 0.07470703125, -0.0390625, 0.169921875, -0.1826171875, 0.09423828125, 0.005615234375, -0.01507568359375, 0.0634765625, -0.1826171875] 4 0 0
 [0.1748046875, 0.01068115234375, -0.045654296875, 0.07470703125, -0.0390625, 0.169921875, -0.1826171875, 0.09423828125, 0.005615234375, -0.01507568359375, 0.0634765625, -0.1826171875] 4 0 0
 [0.1748046875, 0.01068115234375, -0.045654296875, 0.07470703125, -0.0390625, 0.169921875, -0.1826171875, 0.09423828125, 0.005615234375, -0.01507568359375, 0.0634765625, -0.1826171875] 4 0 0
 [0.1748046875, 0.01068115234375, -0.045654296875, 0.07470703125, -0.0390625, 0.169921875, -0.1826171875, 0.09423828125, 0.005615234375, -0.01507568359375, 0.0634765625, -0.1826171875] 4 0 0
 [0.1748046875, 0.01068115234375, -0.045654296875, 0.07470703125, -0.0390625, 0.169921875, -0.1826171875, 0.09423828125, 0.005615234375, -0.01507568359375, 0.0634765625, -0.1826171875] 4 0 0
 [0.1748046875, 0.01068115234375, -0.045654296875, 0.07470703125, -0.0390625, 0.169921875, -0.1826171875, 0.09423828125, 0.005615234375, -0.01507568359375, 0.0634765625, -0.1826171875] 4 0 0
 [0.1748046875, 0.01068115234375, -0.045654296875, 0.07470703125, -0.0390625, 0.169921875, -0.1826171875, 0.09423828125, 0.005615234375, -0.01507568359375, 0.0634765625, -0.1826171875] 4 0 0
 [0.1748046875, 0.01068115234375, -0.045654296875, 0.07470703125, -0.0390625, 0.169921875, -0.1826171875, 0.09423828125, 0.005615234375, -0.01507568359375, 0.0634765625, -0.1826171875] 4 0 0
 [0.1748046875, 0.01068115234375, -0.045654296875, 0.07470703125, -0.0390625, 0.169921875, -0.1826171875, 0.09423828125, 0.005615234375, -0.01507568359375, 0.0634765625, -0.1826171875] 4 0 0
 [0.1748046875, 0.01068115234375, -0.045654296875, 0.07470703125, -0.0390625, 0.169921875, -0.1826171875, 0.09423828125, 0.005615234375, -0.01507568359375, 0.0634765625, -0.1826171875] 4 0 0
 [0.1748046875, 0.01068115234375, -0.045654296875, 0.07470703125, -0.0390625, 0.169921875, -0.1826171875, 0.09423828125, 0.005615234375, -0.01507568359375, 0.0634765625, -0.1826171875] 4 0 0
 [0.1748046875, 0.01068115234375, -0.045654296875, 0.07470703125, -0.0390625, 0.169921875, -0.1826171875, 0.09423828125, 0.005615234375, -0.01507568359375, 0.0634765625, -0.1826171875] 4 0 0
 [0.1748046875, 0.01068115234375, -0.045654296875, 0.07470703125, -0.0390625, 0.169921875, -0.1826171875, 0.09423828125, 0.005615234375, -0.01507568359375, 0.0634765625, -0.1826171875] 4 0 0
 [0.1748046875, 0.01068115234375, -0.045654296875, 0.07470703125, -0.0390625, 0.169921875, -0.1826171875, 0.09423828125, 0.005615234375, -0.01507568359375, 0.0634765625, -0.1826171875] 4 0 0
 [0.1748046875, 0.01068115234375, -0.045654296875, 0.07470703125, -0.0390625, 0.169921875, -0.1826171875, 0.09423828125, 0.005615234375, -0.01507568359375, 0.0634765625, -0.1826171875] 4 0 0
 [0.1748046875, 0.01068115234375, -0.045654296875, 0.07470703125, -0.0390625, 0.169921875, -0.1826171875, 0.09423828125, 0.005615234375, -0.01507568359375, 0.0634765625, -0.1826171875] 4 0 0
 [0.1748046875, 0.01068115234375, -0.045654296875, 0.07470703125, -0.0390625, 0.169921875, -0.1826171875, 0.09423828125, 0.005615234375, -0.01507568359375, 0.0634765625, -0.1826171875] 4 0 0
 [0.1748046875, 0.01068115234375, -0.045654296875, 0.07470703125, -0.0390625, 0.169921875, -0.1826171875, 0.09423828125, 0.005615234375, -0.01507568359375, 0.0634765625, -0.1826171875] 4 0 0
 [0.1748046875, 0.01068115234375, -0.045654296875, 0.07470703125, -0.0390625, 0.169921875, -0.1826171875, 0.09423828125, 0.005615234375, -0.01507568359375, 0.0634765625, -0.1826171875] 4 0 0
 [0.1748046875, 0.01068115234375, -0.045654296875, 0.07470703125, -0.0390625, 0.169921875, -0.1826171875, 0.09423828125, 0.005615234375, -0.01507568359375, 0.0634765625, -0.1826171875] 4 0 0
 [0.1748046875, 0.01068115234375, -0.045654296875, 0.07470703125, -0.0390625, 0.169921875, -0.1826171875, 0.09423828125, 0.005615234375, -0.01507568359375, 0.0634765625, -0.1826171875] 4 0 0
 [0.1748046875, 0.01068115234375, -0.045654296875, 0.07470703125, -0.0390625, 0.169921875, -0.1826171875, 0.09423828125, 0.005615234375, -0.01507568359375, 0.0634765625, -0.1826171875] 4 0 0
 [0.1748046875, 0.01068115234375, -0.045654296875, 0.07470703125, -0.0390625, 0.169921875, -0.1826171875, 0.09423828125, 0.005615234375, -0.01507568359375, 0.0634765625, -0.1826171875] 4 0 0
 [0.1748046875, 0.01068115234375, -0.045654296875, 0.07470703125, -0.0390625, 0.169921875, -0.1826171875, 0.09423828125, 0.005615234375, -0.01507568359375, 0.0634765625, -0.1826171875] 4 0 0
 [0.1748046875, 0.01068115234375, -0.045654296875, 0.07470703125, -0.0390625, 0.169921875, -0.1826171875, 0.09423828125, 0.005615234375, -0.01507568359375, 0.0634765625, -0.1826171875] 4 0 0
 [0.1748046875, 0.01068115234375, -0.045654296875, 0.07470703125, -0.0390625, 0.169921875, -0.1826171875, 0.09423828125, 0.005615234375, -0.01507568359375, 0.0634765625, -0.1826171875] 4 0 0
 [0.1748046875, 0.01068115234375, -0.045654296875, 0.07470703125, -0.0390625, 0.169921875, -0.1826171875, 0.09423828125, 0.005615234375, -0.01507568359375, 0.0634765625, -0.1826171875] 4 0 0
 [0.1748046875, 0.01068115234375, -0.045654296875, 0.07470703125, -0.0390625, 0.169921875, -0.1826171875, 0.09423828125, 0.005615234375, -0.01507568359375, 0.0634765625, -0.1826171875] 4 0 0
 [0.1748046875, 0.01068115234375, -0.045654296875, 0.07470703125, -0.0390625, 0.169921875, -0.1826171875, 0.09423828125, 0.005615234375, -0.01507568359375, 0.0634765625, -0.1826171875] 4 0 0
 [0.1748046875, 0.01068115234375, -0.045654296875, 0.07470703125, -0.0390625, 0.169921875, -0.1826171875, 0.09423828125, 0.005615234375, -0.01507568359375, 0.0634765625, -0.1826171875] 5 0 0
 [0.1748046875, 0.01068115234375, -0.045654296875, 0.07470703125, -0.0390625, 0.169921875, -0.1826171875, 0.09423828125, 0.005615234375, -0.01507568359375, 0.0634765625, -0.1826171875] 5 0 0
 [0.1748046875, 0.01068115234375, -0.045654296875, 0.07470703125, -0.0390625, 0.169921875, -0.1826171875, 0.09423828125, 0.005615234375, -0.01507568359375, 0.0634765625, -0.1826171875] 5 0 0
 [0.1748046875, 0.01068115234375, -0.045654296875, 0.07470703125, -0.0390625, 0.169921875, -0.1826171875, 0.09423828125, 0.005615234375, -0.01507568359375, 0.0634765625, -0.1826171875] 5 0 0
 [0.1748046875, 0.01068115234375, -0.045654296875, 0.07470703125, -0.0390625, 0.169921875, -0.1826171875, 0.09423828125, 0.005615234375, -0.01507568359375, 0.0634765625, -0.1826171875] 5 0 0
 [0.1748046875, 0.01068115234375, -0.045654296875, 0.07470703125, -0.0390625, 0.169921875, -0.1826171875, 0.09423828125, 0.005615234375, -0.01507568359375, 0.0634765625, -0.1826171875] 5 0 0
 [0.1748046875, 0.01068115234375, -0.045654296875, 0.07470703125, -0.0390625, 0.169921875, -0.1826171875, 0.09423828125, 0.005615234375, -0.01507568359375, 0.0634765625, -0.1826171875] 5 0 0
 [0.1748046875, 0.01068115234375, -0.045654296875, 0.07470703125, -0.0390625, 0.169921875, -0.1826171875, 0.09423828125, 0.005615234375, -0.01507568359375, 0.0634765625, -0.1826171875] 5 0 0
 [0.1748046875, 0.01068115234375, -0.045654296875, 0.07470703125, -0.0390625, 0.169921875, -0.1826171875, 0.09423828125, 0.005615234375, -0.01507568359375, 0.0634765625, -0.1826171875] 5 0 0
 [0.1748046875, 0.01068115234375, -0.045654296875, 0.07470703125, -0.0390625, 0.169921875, -0.1826171875, 0.09423828125, 0.005615234375, -0.01507568359375, 0.0634765625, -0.1826171875] 5 0 0
 [0.1748046875, 0.01068115234375, -0.045654296875, 0.07470703125, -0.0390625, 0.169921875, -0.1826171875, 0.09423828125, 0.005615234375, -0.01507568359375, 0.0634765625, -0.1826171875] 5 0 0
 [0.1748046875, 0.01068115234375, -0.045654296875, 0.07470703125, -0.0390625, 0.169921875, -0.1826171875, 0.09423828125, 0.005615234375, -0.01507568359375, 0.0634765625, -0.1826171875] 5 0 0
 [0.1748046875, 0.01068115234375, -0.045654296875, 0.07470703125, -0.0390625, 0.169921875, -0.1826171875, 0.09423828125, 0.005615234375, -0.01507568359375, 0.0634765625, -0.1826171875] 5 0 0
 [0.1748046875, 0.01068115234375, -0.045654296875, 0.07470703125, -0.0390625, 0.169921875, -0.1826171875, 0.09423828125, 0.005615234375, -0.01507568359375, 0.0634765625, -0.1826171875] 5 0 0
 [0.1748046875, 0.01068115234375, -0.045654296875, 0.07470703125, -0.0390625, 0.169921875, -0.1826171875, 0.09423828125, 0.005615234375, -0.01507568359375, 0.0634765625, -0.1826171875] 5 0 0
 [0.1748046875, 0.01068115234375, -0.045654296875, 0.07470703125, -0.0390625, 0.169921875, -0.1826171875, 0.09423828125, 0.005615234375, -0.01507568359375, 0.0634765625, -0.1826171875] 5 0 0
 [0.1748046875, 0.01068115234375, -0.045654296875, 0.07470703125, -0.0390625, 0.169921875, -0.1826171875, 0.09423828125, 0.005615234375, -0.01507568359375, 0.0634765625, -0.1826171875] 5 0 0
 [0.1748046875, 0.01068115234375, -0.045654296875, 0.07470703125, -0.0390625, 0.169921875, -0.1826171875, 0.09423828125, 0.005615234375, -0.01507568359375, 0.0634765625, -0.1826171875] 5 0 0
 [0.1748046875, 0.01068115234375, -0.045654296875, 0.07470703125, -0.0390625, 0.169921875, -0.1826171875, 0.09423828125, 0.005615234375, -0.01507568359375, 0.0634765625, -0.1826171875] 5 0 0
 [0.1748046875, 0.01068115234375, -0.045654296875, 0.07470703125, -0.0390625, 0.169921875, -0.1826171875, 0.09423828125, 0.005615234375, -0.01507568359375, 0.0634765625, -0.1826171875] 5 0 0
 [0.1748046875, 0.01068115234375, -0.045654296875, 0.07470703125, -0.0390625, 0.169921875, -0.1826171875, 0.09423828125, 0.005615234375, -0.01507568359375, 0.0634765625, -0.1826171875] 5 0 0
 [0.1748046875, 0.01068115234375, -0.045654296875, 0.07470703125, -0.0390625, 0.169921875, -0.1826171875, 0.09423828125, 0.005615234375, -0.01507568359375, 0.0634765625, -0.1826171875] 5 0 0
 [0.1748046875, 0.01068115234375, -0.045654296875, 0.07470703125, -0.0390625, 0.169921875, -0.1826171875, 0.09423828125, 0.005615234375, -0.01507568359375, 0.0634765625, -0.1826171875] 5 0 0
 [0.1748046875, 0.01068115234375, -0.045654296875, 0.07470703125, -0.0390625, 0.169921875, -0.1826171875, 0.09423828125, 0.005615234375, -0.01507568359375, 0.0634765625, -0.1826171875] 5 0 0
 [0.1748046875, 0.01068115234375, -0.045654296875, 0.07470703125, -0.0390625, 0.169921875, -0.1826171875, 0.09423828125, 0.005615234375, -0.01507568359375, 0.0634765625, -0.1826171875] 5 0 0
 [0.1748046875, 0.01068115234375, -0.045654296875, 0.07470703125, -0.0390625, 0.169921875, -0.1826171875, 0.09423828125, 0.005615234375, -0.01507568359375, 0.0634765625, -0.1826171875] 5 0 0
 [0.1748046875, 0.01068115234375, -0.045654296875, 0.07470703125, -0.0390625, 0.169921875, -0.1826171875, 0.09423828125, 0.005615234375, -0.01507568359375, 0.0634765625, -0.1826171875] 5 0 0
 [0.1748046875, 0.01068115234375, -0.045654296875, 0.07470703125, -0.0390625, 0.169921875, -0.1826171875, 0.09423828125, 0.005615234375, -0.01507568359375, 0.0634765625, -0.1826171875] 5 0 0
 [0.1748046875, 0.01068115234375, -0.045654296875, 0.07470703125, -0.0390625, 0.169921875, -0.1826171875, 0.09423828125, 0.005615234375, -0.01507568359375, 0.0634765625, -0.1826171875] 5 0 0
 [0.1748046875, 0.01068115234375, -0.045654296875, 0.07470703125, -0.0390625, 0.169921875, -0.1826171875, 0.09423828125, 0.005615234375, -0.01507568359375, 0.0634765625, -0.1826171875] 5 0 0
 [0.1748046875, 0.01068115234375, -0.045654296875, 0.07470703125, -0.0390625, 0.169921875, -0.1826171875, 0.09423828125, 0.005615234375, -0.01507568359375, 0.0634765625, -0.1826171875] 5 0 0
 [0.1748046875, 0.01068115234375, -0.045654296875, 0.07470703125, -0.0390625, 0.169921875, -0.1826171875, 0.09423828125, 0.005615234375, -0.01507568359375, 0.0634765625, -0.1826171875] 5 0 0
 [0.1748046875, 0.01068115234375, -0.045654296875, 0.07470703125, -0.0390625, 0.169921875, -0.1826171875, 0.09423828125, 0.005615234375, -0.01507568359375, 0.0634765625, -0.1826171875] 5 0 0
 [0.1748046875, 0.01068115234375, -0.045654296875, 0.07470703125, -0.0390625, 0.169921875, -0.1826171875, 0.09423828125, 0.005615234375, -0.01507568359375, 0.0634765625, -0.1826171875] 7 0 0
 [0.1748046875, 0.01068115234375, -0.045654296875, 0.07470703125, -0.0390625, 0.169921875, -0.1826171875, 0.09423828125, 0.005615234375, -0.01507568359375, 0.0634765625, -0.1826171875] 7 0 0
 [0.1748046875, 0.01068115234375, -0.045654296875, 0.07470703125, -0.0390625, 0.169921875, -0.1826171875, 0.09423828125, 0.005615234375, -0.01507568359375, 0.0634765625, -0.1826171875] 7 0 0
 [0.1748046875, 0.01068115234375, -0.045654296875, 0.07470703125, -0.0390625, 0.169921875, -0.1826171875, 0.09423828125, 0.005615234375, -0.01507568359375, 0.0634765625, -0.1826171875] 7 0 0
 [0.1748046875, 0.01068115234375, -0.045654296875, 0.07470703125, -0.0390625, 0.169921875, -0.1826171875, 0.09423828125, 0.005615234375, -0.01507568359375, 0.0634765625, -0.1826171875] 7 0 0
 [0.1748046875, 0.01068115234375, -0.045654296875, 0.07470703125, -0.0390625, 0.169921875, -0.1826171875, 0.09423828125, 0.005615234375, -0.01507568359375, 0.0634765625, -0.1826171875] 7 0 0
 [0.1748046875, 0.01068115234375, -0.045654296875, 0.07470703125, -0.0390625, 0.169921875, -0.1826171875, 0.09423828125, 0.005615234375, -0.01507568359375, 0.0634765625, -0.1826171875] 7 0 0
 [0.1748046875, 0.01068115234375, -0.045654296875, 0.07470703125, -0.0390625, 0.169921875, -0.1826171875, 0.09423828125, 0.005615234375, -0.01507568359375, 0.0634765625, -0.1826171875] 7 0 0
 [0.1748046875, 0.01068115234375, -0.045654296875, 0.07470703125, -0.0390625, 0.169921875, -0.1826171875, 0.09423828125, 0.005615234375, -0.01507568359375, 0.0634765625, -0.1826171875] 7 0 0
 [0.1748046875, 0.01068115234375, -0.045654296875, 0.07470703125, -0.0390625, 0.169921875, -0.1826171875, 0.09423828125, 0.005615234375, -0.01507568359375, 0.0634765625, -0.1826171875] 7 0 0
 [0.1748046875, 0.01068115234375, -0.045654296875, 0.07470703125, -0.0390625, 0.169921875, -0.1826171875, 0.09423828125, 0.005615234375, -0.01507568359375, 0.0634765625, -0.1826171875] 7 0 0
 [0.1748046875, 0.01068115234375, -0.045654296875, 0.07470703125, -0.0390625, 0.169921875, -0.1826171875, 0.09423828125, 0.005615234375, -0.01507568359375, 0.0634765625, -0.1826171875] 7 0 0
 [0.1748046875, 0.01068115234375, -0.045654296875, 0.07470703125, -0.0390625, 0.169921875, -0.1826171875, 0.09423828125, 0.005615234375, -0.01507568359375, 0.0634765625, -0.1826171875] 7 0 0
 [0.1748046875, 0.01068115234375, -0.045654296875, 0.07470703125, -0.0390625, 0.169921875, -0.1826171875, 0.09423828125, 0.005615234375, -0.01507568359375, 0.0634765625, -0.1826171875] 7 0 0
 [0.1748046875, 0.01068115234375, -0.045654296875, 0.07470703125, -0.0390625, 0.169921875, -0.1826171875, 0.09423828125, 0.005615234375, -0.01507568359375, 0.0634765625, -0.1826171875] 7 0 0
 [0.1748046875, 0.01068115234375, -0.045654296875, 0.07470703125, -0.0390625, 0.169921875, -0.1826171875, 0.09423828125, 0.005615234375, -0.01507568359375, 0.0634765625, -0.1826171875] 7 0 0
 [0.1748046875, 0.01068115234375, -0.045654296875, 0.07470703125, -0.0390625, 0.169921875, -0.1826171875, 0.09423828125, 0.005615234375, -0.01507568359375, 0.0634765625, -0.1826171875] 7 0 0
 [0.1748046875, 0.01068115234375, -0.045654296875, 0.07470703125, -0.0390625, 0.169921875, -0.1826171875, 0.09423828125, 0.005615234375, -0.01507568359375, 0.0634765625, -0.1826171875] 7 0 0
 [0.1748046875, 0.01068115234375, -0.045654296875, 0.07470703125, -0.0390625, 0.169921875, -0.1826171875, 0.09423828125, 0.005615234375, -0.01507568359375, 0.0634765625, -0.1826171875] 7 0 0
 [0.1748046875, 0.01068115234375, -0.045654296875, 0.07470703125, -0.0390625, 0.169921875, -0.1826171875, 0.09423828125, 0.005615234375, -0.01507568359375, 0.0634765625, -0.1826171875] 7 0 0
 [0.1748046875, 0.01068115234375, -0.045654296875, 0.07470703125, -0.0390625, 0.169921875, -0.1826171875, 0.09423828125, 0.005615234375, -0.01507568359375, 0.0634765625, -0.1826171875] 7 0 0
 [0.1748046875, 0.01068115234375, -0.045654296875, 0.07470703125, -0.0390625, 0.169921875, -0.1826171875, 0.09423828125, 0.005615234375, -0.01507568359375, 0.0634765625, -0.1826171875] 7 0 0
 [0.1748046875, 0.01068115234375, -0.045654296875, 0.07470703125, -0.0390625, 0.169921875, -0.1826171875, 0.09423828125, 0.005615234375, -0.01507568359375, 0.0634765625, -0.1826171875] 7 0 0
 [0.1748046875, 0.01068115234375, -0.045654296875, 0.07470703125, -0.0390625, 0.169921875, -0.1826171875, 0.09423828125, 0.005615234375, -0.01507568359375, 0.0634765625, -0.1826171875] 7 0 0
 [0.1748046875, 0.01068115234375, -0.045654296875, 0.07470703125, -0.0390625, 0.169921875, -0.1826171875, 0.09423828125, 0.005615234375, -0.01507568359375, 0.0634765625, -0.1826171875] 7 0 0
 [0.1748046875, 0.01068115234375, -0.045654296875, 0.07470703125, -0.0390625, 0.169921875, -0.1826171875, 0.09423828125, 0.005615234375, -0.01507568359375, 0.0634765625, -0.1826171875] 7 0 0
 [0.1748046875, 0.01068115234375, -0.045654296875, 0.07470703125, -0.0390625, 0.169921875, -0.1826171875, 0.09423828125, 0.005615234375, -0.01507568359375, 0.0634765625, -0.1826171875] 7 0 0
 [0.1748046875, 0.01068115234375, -0.045654296875, 0.07470703125, -0.0390625, 0.169921875, -0.1826171875, 0.09423828125, 0.005615234375, -0.01507568359375, 0.0634765625, -0.1826171875] 7 0 0
 [0.1748046875, 0.01068115234375, -0.045654296875, 0.07470703125, -0.0390625, 0.169921875, -0.1826171875, 0.09423828125, 0.005615234375, -0.01507568359375, 0.0634765625, -0.1826171875] 7 0 0
 [0.1748046875, 0.01068115234375, -0.045654296875, 0.07470703125, -0.0390625, 0.169921875, -0.1826171875, 0.09423828125, 0.005615234375, -0.01507568359375, 0.0634765625, -0.1826171875] 7 0 0
 [0.1748046875, 0.01068115234375, -0.045654296875, 0.07470703125, -0.0390625, 0.169921875, -0.1826171875, 0.09423828125, 0.005615234375, -0.01507568359375, 0.0634765625, -0.1826171875] 8 0 0
 [0.1748046875, 0.01068115234375, -0.045654296875, 0.07470703125, -0.0390625, 0.169921875, -0.1826171875, 0.09423828125, 0.005615234375, -0.01507568359375, 0.0634765625, -0.1826171875] 8 0 0
 [0.1748046875, 0.01068115234375, -0.045654296875, 0.07470703125, -0.0390625, 0.169921875, -0.1826171875, 0.09423828125, 0.005615234375, -0.01507568359375, 0.0634765625, -0.1826171875] 8 0 0
 [0.1748046875, 0.01068115234375, -0.045654296875, 0.07470703125, -0.0390625, 0.169921875, -0.1826171875, 0.09423828125, 0.005615234375, -0.01507568359375, 0.0634765625, -0.1826171875] 8 0 0
 [0.1748046875, 0.01068115234375, -0.045654296875, 0.07470703125, -0.0390625, 0.169921875, -0.1826171875, 0.09423828125, 0.005615234375, -0.01507568359375, 0.0634765625, -0.1826171875] 8 0 0
 [0.1748046875, 0.01068115234375, -0.045654296875, 0.07470703125, -0.0390625, 0.169921875, -0.1826171875, 0.09423828125, 0.005615234375, -0.01507568359375, 0.0634765625, -0.1826171875] 8 0 0
 [0.1748046875, 0.01068115234375, -0.045654296875, 0.07470703125, -0.0390625, 0.169921875, -0.1826171875, 0.09423828125, 0.005615234375, -0.01507568359375, 0.0634765625, -0.1826171875] 8 0 0
 [0.1748046875, 0.01068115234375, -0.045654296875, 0.07470703125, -0.0390625, 0.169921875, -0.1826171875, 0.09423828125, 0.005615234375, -0.01507568359375, 0.0634765625, -0.1826171875] 8 0 0
 [0.1748046875, 0.01068115234375, -0.045654296875, 0.07470703125, -0.0390625, 0.169921875, -0.1826171875, 0.09423828125, 0.005615234375, -0.01507568359375, 0.0634765625, -0.1826171875] 8 0 0
 [0.1748046875, 0.01068115234375, -0.045654296875, 0.07470703125, -0.0390625, 0.169921875, -0.1826171875, 0.09423828125, 0.005615234375, -0.01507568359375, 0.0634765625, -0.1826171875] 8 0 0
 [0.1748046875, 0.01068115234375, -0.045654296875, 0.07470703125, -0.0390625, 0.169921875, -0.1826171875, 0.09423828125, 0.005615234375, -0.01507568359375, 0.0634765625, -0.1826171875] 8 0 0
 [0.1748046875, 0.01068115234375, -0.045654296875, 0.07470703125, -0.0390625, 0.169921875, -0.1826171875, 0.09423828125, 0.005615234375, -0.01507568359375, 0.0634765625, -0.1826171875] 8 0 0
 [0.1748046875, 0.01068115234375, -0.045654296875, 0.07470703125, -0.0390625, 0.169921875, -0.1826171875, 0.09423828125, 0.005615234375, -0.01507568359375, 0.0634765625, -0.1826171875] 8 0 0
 [0.1748046875, 0.01068115234375, -0.045654296875, 0.07470703125, -0.0390625, 0.169921875, -0.1826171875, 0.09423828125, 0.005615234375, -0.01507568359375, 0.0634765625, -0.1826171875] 8 0 0
 [0.1748046875, 0.01068115234375, -0.045654296875, 0.07470703125, -0.0390625, 0.169921875, -0.1826171875, 0.09423828125, 0.005615234375, -0.01507568359375, 0.0634765625, -0.1826171875] 8 0 0
 [0.1748046875, 0.01068115234375, -0.045654296875, 0.07470703125, -0.0390625, 0.169921875, -0.1826171875, 0.09423828125, 0.005615234375, -0.01507568359375, 0.0634765625, -0.1826171875] 8 0 0
 [0.1748046875, 0.01068115234375, -0.045654296875, 0.07470703125, -0.0390625, 0.169921875, -0.1826171875, 0.09423828125, 0.005615234375, -0.01507568359375, 0.0634765625, -0.1826171875] 8 0 0
 [0.1748046875, 0.01068115234375, -0.045654296875, 0.07470703125, -0.0390625, 0.169921875, -0.1826171875, 0.09423828125, 0.005615234375, -0.01507568359375, 0.0634765625, -0.1826171875] 8 0 0
 [0.1748046875, 0.01068115234375, -0.045654296875, 0.07470703125, -0.0390625, 0.169921875, -0.1826171875, 0.09423828125, 0.005615234375, -0.01507568359375, 0.0634765625, -0.1826171875] 8 0 0
 [0.1748046875, 0.01068115234375, -0.045654296875, 0.07470703125, -0.0390625, 0.169921875, -0.1826171875, 0.09423828125, 0.005615234375, -0.01507568359375, 0.0634765625, -0.1826171875] 8 0 0
 [0.1748046875, 0.01068115234375, -0.045654296875, 0.07470703125, -0.0390625, 0.169921875, -0.1826171875, 0.09423828125, 0.005615234375, -0.01507568359375, 0.0634765625, -0.1826171875] 8 0 0
 [0.1748046875, 0.01068115234375, -0.045654296875, 0.07470703125, -0.0390625, 0.169921875, -0.1826171875, 0.09423828125, 0.005615234375, -0.01507568359375, 0.0634765625, -0.1826171875] 8 0 0
 [0.1748046875, 0.01068115234375, -0.045654296875, 0.07470703125, -0.0390625, 0.169921875, -0.1826171875, 0.09423828125, 0.005615234375, -0.01507568359375, 0.0634765625, -0.1826171875] 8 0 0
 [0.1748046875, 0.01068115234375, -0.045654296875, 0.07470703125, -0.0390625, 0.169921875, -0.1826171875, 0.09423828125, 0.005615234375, -0.01507568359375, 0.0634765625, -0.1826171875] 8 0 0
 [0.1748046875, 0.01068115234375, -0.045654296875, 0.07470703125, -0.0390625, 0.169921875, -0.1826171875, 0.09423828125, 0.005615234375, -0.01507568359375, 0.0634765625, -0.1826171875] 8 0 0
 [0.1748046875, 0.01068115234375, -0.045654296875, 0.07470703125, -0.0390625, 0.169921875, -0.1826171875, 0.09423828125, 0.005615234375, -0.01507568359375, 0.0634765625, -0.1826171875] 8 0 0
 [0.1748046875, 0.01068115234375, -0.045654296875, 0.07470703125, -0.0390625, 0.169921875, -0.1826171875, 0.09423828125, 0.005615234375, -0.01507568359375, 0.0634765625, -0.1826171875] 8 0 0
 [0.1748046875, 0.01068115234375, -0.045654296875, 0.07470703125, -0.0390625, 0.169921875, -0.1826171875, 0.09423828125, 0.005615234375, -0.01507568359375, 0.0634765625, -0.1826171875] 8 0 0
 [0.1748046875, 0.01068115234375, -0.045654296875, 0.07470703125, -0.0390625, 0.169921875, -0.1826171875, 0.09423828125, 0.005615234375, -0.01507568359375, 0.0634765625, -0.1826171875] 8 0 0
 [0.1748046875, 0.01068115234375, -0.045654296875, 0.07470703125, -0.0390625, 0.169921875, -0.1826171875, 0.09423828125, 0.005615234375, -0.01507568359375, 0.0634765625, -0.1826171875] 10 0 0
 [0.1748046875, 0.01068115234375, -0.045654296875, 0.07470703125, -0.0390625, 0.169921875, -0.1826171875, 0.09423828125, 0.005615234375, -0.01507568359375, 0.0634765625, -0.1826171875] 10 0 0
 [0.1748046875, 0.01068115234375, -0.045654296875, 0.07470703125, -0.0390625, 0.169921875, -0.1826171875, 0.09423828125, 0.005615234375, -0.01507568359375, 0.0634765625, -0.1826171875] 10 0 0
 [0.1748046875, 0.01068115234375, -0.045654296875, 0.07470703125, -0.0390625, 0.169921875, -0.1826171875, 0.09423828125, 0.005615234375, -0.01507568359375, 0.0634765625, -0.1826171875] 10 0 0
 [0.1748046875, 0.01068115234375, -0.045654296875, 0.07470703125, -0.0390625, 0.169921875, -0.1826171875, 0.09423828125, 0.005615234375, -0.01507568359375, 0.0634765625, -0.1826171875] 10 0 0
 [0.1748046875, 0.01068115234375, -0.045654296875, 0.07470703125, -0.0390625, 0.169921875, -0.1826171875, 0.09423828125, 0.005615234375, -0.01507568359375, 0.0634765625, -0.1826171875] 10 0 0
 [0.1748046875, 0.01068115234375, -0.045654296875, 0.07470703125, -0.0390625, 0.169921875, -0.1826171875, 0.09423828125, 0.005615234375, -0.01507568359375, 0.0634765625, -0.1826171875] 10 0 0
 [0.1748046875, 0.01068115234375, -0.045654296875, 0.07470703125, -0.0390625, 0.169921875, -0.1826171875, 0.09423828125, 0.005615234375, -0.01507568359375, 0.0634765625, -0.1826171875] 10 0 0
 [0.1748046875, 0.01068115234375, -0.045654296875, 0.07470703125, -0.0390625, 0.169921875, -0.1826171875, 0.09423828125, 0.005615234375, -0.01507568359375, 0.0634765625, -0.1826171875] 10 0 0
 [0.1748046875, 0.01068115234375, -0.045654296875, 0.07470703125, -0.0390625, 0.169921875, -0.1826171875, 0.09423828125, 0.005615234375, -0.01507568359375, 0.0634765625, -0.1826171875] 10 0 0
 [0.1748046875, 0.01068115234375, -0.045654296875, 0.07470703125, -0.0390625, 0.169921875, -0.1826171875, 0.09423828125, 0.005615234375, -0.01507568359375, 0.0634765625, -0.1826171875] 10 0 0
 [0.1748046875, 0.01068115234375, -0.045654296875, 0.07470703125, -0.0390625, 0.169921875, -0.1826171875, 0.09423828125, 0.005615234375, -0.01507568359375, 0.0634765625, -0.1826171875] 10 0 0
 [0.1748046875, 0.01068115234375, -0.045654296875, 0.07470703125, -0.0390625, 0.169921875, -0.1826171875, 0.09423828125, 0.005615234375, -0.01507568359375, 0.0634765625, -0.1826171875] 10 0 0
 [0.1748046875, 0.01068115234375, -0.045654296875, 0.07470703125, -0.0390625, 0.169921875, -0.1826171875, 0.09423828125, 0.005615234375, -0.01507568359375, 0.0634765625, -0.1826171875] 10 0 0
 [0.1748046875, 0.01068115234375, -0.045654296875, 0.07470703125, -0.0390625, 0.169921875, -0.1826171875, 0.09423828125, 0.005615234375, -0.01507568359375, 0.0634765625, -0.1826171875] 10 0 0
 [0.1748046875, 0.01068115234375, -0.045654296875, 0.07470703125, -0.0390625, 0.169921875, -0.1826171875, 0.09423828125, 0.005615234375, -0.01507568359375, 0.0634765625, -0.1826171875] 10 0 0
 [0.1748046875, 0.01068115234375, -0.045654296875, 0.07470703125, -0.0390625, 0.169921875, -0.1826171875, 0.09423828125, 0.005615234375, -0.01507568359375, 0.0634765625, -0.1826171875] 10 0 0
 [0.1748046875, 0.01068115234375, -0.045654296875, 0.07470703125, -0.0390625, 0.169921875, -0.1826171875, 0.09423828125, 0.005615234375, -0.01507568359375, 0.0634765625, -0.1826171875] 10 0 0
 [0.1748046875, 0.01068115234375, -0.045654296875, 0.07470703125, -0.0390625, 0.169921875, -0.1826171875, 0.09423828125, 0.005615234375, -0.01507568359375, 0.0634765625, -0.1826171875] 10 0 0
 [0.1748046875, 0.01068115234375, -0.045654296875, 0.07470703125, -0.0390625, 0.169921875, -0.1826171875, 0.09423828125, 0.005615234375, -0.01507568359375, 0.0634765625, -0.1826171875] 10 0 0
 [0.1748046875, 0.01068115234375, -0.045654296875, 0.07470703125, -0.0390625, 0.169921875, -0.1826171875, 0.09423828125, 0.005615234375, -0.01507568359375, 0.0634765625, -0.1826171875] 10 0 0
 [0.1748046875, 0.01068115234375, -0.045654296875, 0.07470703125, -0.0390625, 0.169921875, -0.1826171875, 0.09423828125, 0.005615234375, -0.01507568359375, 0.0634765625, -0.1826171875] 10 0 0
 [0.1748046875, 0.01068115234375, -0.045654296875, 0.07470703125, -0.0390625, 0.169921875, -0.1826171875, 0.09423828125, 0.005615234375, -0.01507568359375, 0.0634765625, -0.1826171875] 10 0 0
 [0.1748046875, 0.01068115234375, -0.045654296875, 0.07470703125, -0.0390625, 0.169921875, -0.1826171875, 0.09423828125, 0.005615234375, -0.01507568359375, 0.0634765625, -0.1826171875] 10 0 0
 [0.1748046875, 0.01068115234375, -0.045654296875, 0.07470703125, -0.0390625, 0.169921875, -0.1826171875, 0.09423828125, 0.005615234375, -0.01507568359375, 0.0634765625, -0.1826171875] 10 0 0
 [0.1748046875, 0.01068115234375, -0.045654296875, 0.07470703125, -0.0390625, 0.169921875, -0.1826171875, 0.09423828125, 0.005615234375, -0.01507568359375, 0.0634765625, -0.1826171875] 10 0 0
 [0.1748046875, 0.01068115234375, -0.045654296875, 0.07470703125, -0.0390625, 0.169921875, -0.1826171875, 0.09423828125, 0.005615234375, -0.01507568359375, 0.0634765625, -0.1826171875] 10 0 0
 [0.1748046875, 0.01068115234375, -0.045654296875, 0.07470703125, -0.0390625, 0.169921875, -0.1826171875, 0.09423828125, 0.005615234375, -0.01507568359375, 0.0634765625, -0.1826171875] 10 0 0
 [0.1748046875, 0.01068115234375, -0.045654296875, 0.07470703125, -0.0390625, 0.169921875, -0.1826171875, 0.09423828125, 0.005615234375, -0.01507568359375, 0.0634765625, -0.1826171875] 10 0 0
 [0.1748046875, 0.01068115234375, -0.045654296875, 0.07470703125, -0.0390625, 0.169921875, -0.1826171875, 0.09423828125, 0.005615234375, -0.01507568359375, 0.0634765625, -0.1826171875] 10 0 0
 [0.1748046875, 0.01068115234375, -0.045654296875, 0.07470703125, -0.0390625, 0.169921875, -0.1826171875, 0.09423828125, 0.005615234375, -0.01507568359375, 0.0634765625, -0.1826171875] 10 0 0
 [0.1748046875, 0.01068115234375, -0.045654296875, 0.07470703125, -0.0390625, 0.169921875, -0.1826171875, 0.09423828125, 0.005615234375, -0.01507568359375, 0.0634765625, -0.1826171875] 10 0 0
 [0.1748046875, 0.01068115234375, -0.045654296875, 0.07470703125, -0.0390625, 0.169921875, -0.1826171875, 0.09423828125, 0.005615234375, -0.01507568359375, 0.0634765625, -0.1826171875] 10 0 0
 [0.1748046875, 0.01068115234375, -0.045654296875, 0.07470703125, -0.0390625, 0.169921875, -0.1826171875, 0.09423828125, 0.005615234375, -0.01507568359375, 0.0634765625, -0.1826171875] 10 0 0
 [0.1748046875, 0.01068115234375, -0.045654296875, 0.07470703125, -0.0390625, 0.169921875, -0.1826171875, 0.09423828125, 0.005615234375, -0.01507568359375, 0.0634765625, -0.1826171875] 11 0 0
 [0.1748046875, 0.01068115234375, -0.045654296875, 0.07470703125, -0.0390625, 0.169921875, -0.1826171875, 0.09423828125, 0.005615234375, -0.01507568359375, 0.0634765625, -0.1826171875] 11 0 0
 [0.1748046875, 0.01068115234375, -0.045654296875, 0.07470703125, -0.0390625, 0.169921875, -0.1826171875, 0.09423828125, 0.005615234375, -0.01507568359375, 0.0634765625, -0.1826171875] 11 0 0
 [0.1748046875, 0.01068115234375, -0.045654296875, 0.07470703125, -0.0390625, 0.169921875, -0.1826171875, 0.09423828125, 0.005615234375, -0.01507568359375, 0.0634765625, -0.1826171875] 11 0 0
 [0.1748046875, 0.01068115234375, -0.045654296875, 0.07470703125, -0.0390625, 0.169921875, -0.1826171875, 0.09423828125, 0.005615234375, -0.01507568359375, 0.0634765625, -0.1826171875] 11 0 0
 [0.1748046875, 0.01068115234375, -0.045654296875, 0.07470703125, -0.0390625, 0.169921875, -0.1826171875, 0.09423828125, 0.005615234375, -0.01507568359375, 0.0634765625, -0.1826171875] 11 0 0
 [0.1748046875, 0.01068115234375, -0.045654296875, 0.07470703125, -0.0390625, 0.169921875, -0.1826171875, 0.09423828125, 0.005615234375, -0.01507568359375, 0.0634765625, -0.1826171875] 11 0 0
 [0.1748046875, 0.01068115234375, -0.045654296875, 0.07470703125, -0.0390625, 0.169921875, -0.1826171875, 0.09423828125, 0.005615234375, -0.01507568359375, 0.0634765625, -0.1826171875] 11 0 0
 [0.1748046875, 0.01068115234375, -0.045654296875, 0.07470703125, -0.0390625, 0.169921875, -0.1826171875, 0.09423828125, 0.005615234375, -0.01507568359375, 0.0634765625, -0.1826171875] 11 0 0
 [0.1748046875, 0.01068115234375, -0.045654296875, 0.07470703125, -0.0390625, 0.169921875, -0.1826171875, 0.09423828125, 0.005615234375, -0.01507568359375, 0.0634765625, -0.1826171875] 11 0 0
 [0.1748046875, 0.01068115234375, -0.045654296875, 0.07470703125, -0.0390625, 0.169921875, -0.1826171875, 0.09423828125, 0.005615234375, -0.01507568359375, 0.0634765625, -0.1826171875] 11 0 0
 [0.1748046875, 0.01068115234375, -0.045654296875, 0.07470703125, -0.0390625, 0.169921875, -0.1826171875, 0.09423828125, 0.005615234375, -0.01507568359375, 0.0634765625, -0.1826171875] 11 0 0
 [0.1748046875, 0.01068115234375, -0.045654296875, 0.07470703125, -0.0390625, 0.169921875, -0.1826171875, 0.09423828125, 0.005615234375, -0.01507568359375, 0.0634765625, -0.1826171875] 11 0 0
 [0.1748046875, 0.01068115234375, -0.045654296875, 0.07470703125, -0.0390625, 0.169921875, -0.1826171875, 0.09423828125, 0.005615234375, -0.01507568359375, 0.0634765625, -0.1826171875] 11 0 0
 [0.1748046875, 0.01068115234375, -0.045654296875, 0.07470703125, -0.0390625, 0.169921875, -0.1826171875, 0.09423828125, 0.005615234375, -0.01507568359375, 0.0634765625, -0.1826171875] 11 0 0
 [0.1748046875, 0.01068115234375, -0.045654296875, 0.07470703125, -0.0390625, 0.169921875, -0.1826171875, 0.09423828125, 0.005615234375, -0.01507568359375, 0.0634765625, -0.1826171875] 11 0 0
 [0.1748046875, 0.01068115234375, -0.045654296875, 0.07470703125, -0.0390625, 0.169921875, -0.1826171875, 0.09423828125, 0.005615234375, -0.01507568359375, 0.0634765625, -0.1826171875] 11 0 0
 [0.1748046875, 0.01068115234375, -0.045654296875, 0.07470703125, -0.0390625, 0.169921875, -0.1826171875, 0.09423828125, 0.005615234375, -0.01507568359375, 0.0634765625, -0.1826171875] 11 0 0
 [0.1748046875, 0.01068115234375, -0.045654296875, 0.07470703125, -0.0390625, 0.169921875, -0.1826171875, 0.09423828125, 0.005615234375, -0.01507568359375, 0.0634765625, -0.1826171875] 11 0 0
 [0.1748046875, 0.01068115234375, -0.045654296875, 0.07470703125, -0.0390625, 0.169921875, -0.1826171875, 0.09423828125, 0.005615234375, -0.01507568359375, 0.0634765625, -0.1826171875] 11 0 0
 [0.1748046875, 0.01068115234375, -0.045654296875, 0.07470703125, -0.0390625, 0.169921875, -0.1826171875, 0.09423828125, 0.005615234375, -0.01507568359375, 0.0634765625, -0.1826171875] 11 0 0
 [0.1748046875, 0.01068115234375, -0.045654296875, 0.07470703125, -0.0390625, 0.169921875, -0.1826171875, 0.09423828125, 0.005615234375, -0.01507568359375, 0.0634765625, -0.1826171875] 11 0 0
 [0.1748046875, 0.01068115234375, -0.045654296875, 0.07470703125, -0.0390625, 0.169921875, -0.1826171875, 0.09423828125, 0.005615234375, -0.01507568359375, 0.0634765625, -0.1826171875] 11 0 0
 [0.1748046875, 0.01068115234375, -0.045654296875, 0.07470703125, -0.0390625, 0.169921875, -0.1826171875, 0.09423828125, 0.005615234375, -0.01507568359375, 0.0634765625, -0.1826171875] 11 0 0
 [0.1748046875, 0.01068115234375, -0.045654296875, 0.07470703125, -0.0390625, 0.169921875, -0.1826171875, 0.09423828125, 0.005615234375, -0.01507568359375, 0.0634765625, -0.1826171875] 11 0 0
 [0.1748046875, 0.01068115234375, -0.045654296875, 0.07470703125, -0.0390625, 0.169921875, -0.1826171875, 0.09423828125, 0.005615234375, -0.01507568359375, 0.0634765625, -0.1826171875] 11 0 0
 [0.1748046875, 0.01068115234375, -0.045654296875, 0.07470703125, -0.0390625, 0.169921875, -0.1826171875, 0.09423828125, 0.005615234375, -0.01507568359375, 0.0634765625, -0.1826171875] 11 0 0
 [0.1748046875, 0.01068115234375, -0.045654296875, 0.07470703125, -0.0390625, 0.169921875, -0.1826171875, 0.09423828125, 0.005615234375, -0.01507568359375, 0.0634765625, -0.1826171875] 11 0 0
 [0.1748046875, 0.01068115234375, -0.045654296875, 0.07470703125, -0.0390625, 0.169921875, -0.1826171875, 0.09423828125, 0.005615234375, -0.01507568359375, 0.0634765625, -0.1826171875] 11 0 0
 [0.1748046875, 0.01068115234375, -0.045654296875, 0.07470703125, -0.0390625, 0.169921875, -0.1826171875, 0.09423828125, 0.005615234375, -0.01507568359375, 0.0634765625, -0.1826171875] 11 0 0
 [0.1748046875, 0.01068115234375, -0.045654296875, 0.07470703125, -0.0390625, 0.169921875, -0.1826171875, 0.09423828125, 0.005615234375, -0.01507568359375, 0.0634765625, -0.1826171875] 11 0 0
 [0.1748046875, 0.01068115234375, -0.045654296875, 0.07470703125, -0.0390625, 0.169921875, -0.1826171875, 0.09423828125, 0.005615234375, -0.01507568359375, 0.0634765625, -0.1826171875] 11 0 0
 [0.1748046875, 0.01068115234375, -0.045654296875, 0.07470703125, -0.0390625, 0.169921875, -0.1826171875, 0.09423828125, 0.005615234375, -0.01507568359375, 0.0634765625, -0.1826171875] 10 0 0
 [0.1748046875, 0.01068115234375, -0.045654296875, 0.07470703125, -0.0390625, 0.169921875, -0.1826171875, 0.09423828125, 0.005615234375, -0.01507568359375, 0.0634765625, -0.1826171875] 0 0 1
 [0.1748046875, 0.01068115234375, -0.045654296875, 0.07470703125, -0.0390625, 0.169921875, -0.1826171875, 0.09423828125, 0.005615234375, -0.01507568359375, 0.0634765625, -0.1826171875] 0 0 1
 [0.1748046875, 0.01068115234375, -0.045654296875, 0.07470703125, -0.0390625, 0.169921875, -0.1826171875, 0.09423828125, 0.005615234375, -0.01507568359375, 0.0634765625, -0.1826171875] 0 0 1
 [0.1748046875, 0.01068115234375, -0.045654296875, 0.07470703125, -0.0390625, 0.169921875, -0.1826171875, 0.09423828125, 0.005615234375, -0.01507568359375, 0.0634765625, -0.1826171875] 0 0 1
 [0.1748046875, 0.01068115234375, -0.045654296875, 0.07470703125, -0.0390625, 0.169921875, -0.1826171875, 0.09423828125, 0.005615234375, -0.01507568359375, 0.0634765625, -0.1826171875] 0 0 1
 [0.1748046875, 0.01068115234375, -0.045654296875, 0.07470703125, -0.0390625, 0.169921875, -0.1826171875, 0.09423828125, 0.005615234375, -0.01507568359375, 0.0634765625, -0.1826171875] 0 0 1
 [0.1748046875, 0.01068115234375, -0.045654296875, 0.07470703125, -0.0390625, 0.169921875, -0.1826171875, 0.09423828125, 0.005615234375, -0.01507568359375, 0.0634765625, -0.1826171875] 0 0 1
 [0.1748046875, 0.01068115234375, -0.045654296875, 0.07470703125, -0.0390625, 0.169921875, -0.1826171875, 0.09423828125, 0.005615234375, -0.01507568359375, 0.0634765625, -0.1826171875] 0 0 1
 [0.1748046875, 0.01068115234375, -0.045654296875, 0.07470703125, -0.0390625, 0.169921875, -0.1826171875, 0.09423828125, 0.005615234375, -0.01507568359375, 0.0634765625, -0.1826171875] 0 0 1
 [0.1748046875, 0.01068115234375, -0.045654296875, 0.07470703125, -0.0390625, 0.169921875, -0.1826171875, 0.09423828125, 0.005615234375, -0.01507568359375, 0.0634765625, -0.1826171875] 0 0 1
 [0.1748046875, 0.01068115234375, -0.045654296875, 0.07470703125, -0.0390625, 0.169921875, -0.1826171875, 0.09423828125, 0.005615234375, -0.01507568359375, 0.0634765625, -0.1826171875] 0 0 1
 [0.1748046875, 0.01068115234375, -0.045654296875, 0.07470703125, -0.0390625, 0.169921875, -0.1826171875, 0.09423828125, 0.005615234375, -0.01507568359375, 0.0634765625, -0.1826171875] 0 0 1
 [0.1748046875, 0.01068115234375, -0.045654296875, 0.07470703125, -0.0390625, 0.169921875, -0.1826171875, 0.09423828125, 0.005615234375, -0.01507568359375, 0.0634765625, -0.1826171875] 0 0 1
 [0.1748046875, 0.01068115234375, -0.045654296875, 0.07470703125, -0.0390625, 0.169921875, -0.1826171875, 0.09423828125, 0.005615234375, -0.01507568359375, 0.0634765625, -0.1826171875] 0 0 1
 [0.1748046875, 0.01068115234375, -0.045654296875, 0.07470703125, -0.0390625, 0.169921875, -0.1826171875, 0.09423828125, 0.005615234375, -0.01507568359375, 0.0634765625, -0.1826171875] 0 0 1
 [0.1748046875, 0.01068115234375, -0.045654296875, 0.07470703125, -0.0390625, 0.169921875, -0.1826171875, 0.09423828125, 0.005615234375, -0.01507568359375, 0.0634765625, -0.1826171875] 0 0 1
 [0.1748046875, 0.01068115234375, -0.045654296875, 0.07470703125, -0.0390625, 0.169921875, -0.1826171875, 0.09423828125, 0.005615234375, -0.01507568359375, 0.0634765625, -0.1826171875] 0 0 1
 [0.1748046875, 0.01068115234375, -0.045654296875, 0.07470703125, -0.0390625, 0.169921875, -0.1826171875, 0.09423828125, 0.005615234375, -0.01507568359375, 0.0634765625, -0.1826171875] 0 0 1
 [0.1748046875, 0.01068115234375, -0.045654296875, 0.07470703125, -0.0390625, 0.169921875, -0.1826171875, 0.09423828125, 0.005615234375, -0.01507568359375, 0.0634765625, -0.1826171875] 0 0 1
 [0.1748046875, 0.01068115234375, -0.045654296875, 0.07470703125, -0.0390625, 0.169921875, -0.1826171875, 0.09423828125, 0.005615234375, -0.01507568359375, 0.0634765625, -0.1826171875] 0 0 1
 [0.1748046875, 0.01068115234375, -0.045654296875, 0.07470703125, -0.0390625, 0.169921875, -0.1826171875, 0.09423828125, 0.005615234375, -0.01507568359375, 0.0634765625, -0.1826171875] 0 0 1
 [0.1748046875, 0.01068115234375, -0.045654296875, 0.07470703125, -0.0390625, 0.169921875, -0.1826171875, 0.09423828125, 0.005615234375, -0.01507568359375, 0.0634765625, -0.1826171875] 0 0 1
 [0.1748046875, 0.01068115234375, -0.045654296875, 0.07470703125, -0.0390625, 0.169921875, -0.1826171875, 0.09423828125, 0.005615234375, -0.01507568359375, 0.0634765625, -0.1826171875] 0 0 1
 [0.1748046875, 0.01068115234375, -0.045654296875, 0.07470703125, -0.0390625, 0.169921875, -0.1826171875, 0.09423828125, 0.005615234375, -0.01507568359375, 0.0634765625, -0.1826171875] 0 0 1
 [0.1748046875, 0.01068115234375, -0.045654296875, 0.07470703125, -0.0390625, 0.169921875, -0.1826171875, 0.09423828125, 0.005615234375, -0.01507568359375, 0.0634765625, -0.1826171875] 0 0 1
 [0.1748046875, 0.01068115234375, -0.045654296875, 0.07470703125, -0.0390625, 0.169921875, -0.1826171875, 0.09423828125, 0.005615234375, -0.01507568359375, 0.0634765625, -0.1826171875] 0 0 1
 [0.1748046875, 0.01068115234375, -0.045654296875, 0.07470703125, -0.0390625, 0.169921875, -0.1826171875, 0.09423828125, 0.005615234375, -0.01507568359375, 0.0634765625, -0.1826171875] 0 0 1
 [0.1748046875, 0.01068115234375, -0.045654296875, 0.07470703125, -0.0390625, 0.169921875, -0.1826171875, 0.09423828125, 0.005615234375, -0.01507568359375, 0.0634765625, -0.1826171875] 0 0 1
 [0.1748046875, 0.01068115234375, -0.045654296875, 0.07470703125, -0.0390625, 0.169921875, -0.1826171875, 0.09423828125, 0.005615234375, -0.01507568359375, 0.0634765625, -0.1826171875] 0 0 1
 [0.1748046875, 0.01068115234375, -0.045654296875, 0.07470703125, -0.0390625, 0.169921875, -0.1826171875, 0.09423828125, 0.005615234375, -0.01507568359375, 0.0634765625, -0.1826171875] 0 0 1
 [0.1748046875, 0.01068115234375, -0.045654296875, 0.07470703125, -0.0390625, 0.169921875, -0.1826171875, 0.09423828125, 0.005615234375, -0.01507568359375, 0.0634765625, -0.1826171875] 0 0 1
 [0.1748046875, 0.01068115234375, -0.045654296875, 0.07470703125, -0.0390625, 0.169921875, -0.1826171875, 0.09423828125, 0.005615234375, -0.01507568359375, 0.0634765625, -0.1826171875] 0 0 1
 [0.1748046875, 0.01068115234375, -0.045654296875, 0.07470703125, -0.0390625, 0.169921875, -0.1826171875, 0.09423828125, 0.005615234375, -0.01507568359375, 0.0634765625, -0.1826171875] 0 0 1
 [0.1748046875, 0.01068115234375, -0.045654296875, 0.07470703125, -0.0390625, 0.169921875, -0.1826171875, 0.09423828125, 0.005615234375, -0.01507568359375, 0.0634765625, -0.1826171875] 1 0 1
 [0.1748046875, 0.01068115234375, -0.045654296875, 0.07470703125, -0.0390625, 0.169921875, -0.1826171875, 0.09423828125, 0.005615234375, -0.01507568359375, 0.0634765625, -0.1826171875] 1 0 1
 [0.1748046875, 0.01068115234375, -0.045654296875, 0.07470703125, -0.0390625, 0.169921875, -0.1826171875, 0.09423828125, 0.005615234375, -0.01507568359375, 0.0634765625, -0.1826171875] 1 0 1
 [0.1748046875, 0.01068115234375, -0.045654296875, 0.07470703125, -0.0390625, 0.169921875, -0.1826171875, 0.09423828125, 0.005615234375, -0.01507568359375, 0.0634765625, -0.1826171875] 1 0 1
 [0.1748046875, 0.01068115234375, -0.045654296875, 0.07470703125, -0.0390625, 0.169921875, -0.1826171875, 0.09423828125, 0.005615234375, -0.01507568359375, 0.0634765625, -0.1826171875] 1 0 1
 [0.1748046875, 0.01068115234375, -0.045654296875, 0.07470703125, -0.0390625, 0.169921875, -0.1826171875, 0.09423828125, 0.005615234375, -0.01507568359375, 0.0634765625, -0.1826171875] 1 0 1
 [0.1748046875, 0.01068115234375, -0.045654296875, 0.07470703125, -0.0390625, 0.169921875, -0.1826171875, 0.09423828125, 0.005615234375, -0.01507568359375, 0.0634765625, -0.1826171875] 1 0 1
 [0.1748046875, 0.01068115234375, -0.045654296875, 0.07470703125, -0.0390625, 0.169921875, -0.1826171875, 0.09423828125, 0.005615234375, -0.01507568359375, 0.0634765625, -0.1826171875] 1 0 1
 [0.1748046875, 0.01068115234375, -0.045654296875, 0.07470703125, -0.0390625, 0.169921875, -0.1826171875, 0.09423828125, 0.005615234375, -0.01507568359375, 0.0634765625, -0.1826171875] 1 0 1
 [0.1748046875, 0.01068115234375, -0.045654296875, 0.07470703125, -0.0390625, 0.169921875, -0.1826171875, 0.09423828125, 0.005615234375, -0.01507568359375, 0.0634765625, -0.1826171875] 1 0 1
 [0.1748046875, 0.01068115234375, -0.045654296875, 0.07470703125, -0.0390625, 0.169921875, -0.1826171875, 0.09423828125, 0.005615234375, -0.01507568359375, 0.0634765625, -0.1826171875] 1 0 1
 [0.1748046875, 0.01068115234375, -0.045654296875, 0.07470703125, -0.0390625, 0.169921875, -0.1826171875, 0.09423828125, 0.005615234375, -0.01507568359375, 0.0634765625, -0.1826171875] 1 0 1
 [0.1748046875, 0.01068115234375, -0.045654296875, 0.07470703125, -0.0390625, 0.169921875, -0.1826171875, 0.09423828125, 0.005615234375, -0.01507568359375, 0.0634765625, -0.1826171875] 1 0 1
 [0.1748046875, 0.01068115234375, -0.045654296875, 0.07470703125, -0.0390625, 0.169921875, -0.1826171875, 0.09423828125, 0.005615234375, -0.01507568359375, 0.0634765625, -0.1826171875] 1 0 1
 [0.1748046875, 0.01068115234375, -0.045654296875, 0.07470703125, -0.0390625, 0.169921875, -0.1826171875, 0.09423828125, 0.005615234375, -0.01507568359375, 0.0634765625, -0.1826171875] 1 0 1
 [0.1748046875, 0.01068115234375, -0.045654296875, 0.07470703125, -0.0390625, 0.169921875, -0.1826171875, 0.09423828125, 0.005615234375, -0.01507568359375, 0.0634765625, -0.1826171875] 1 0 1
 [0.1748046875, 0.01068115234375, -0.045654296875, 0.07470703125, -0.0390625, 0.169921875, -0.1826171875, 0.09423828125, 0.005615234375, -0.01507568359375, 0.0634765625, -0.1826171875] 1 0 1
 [0.1748046875, 0.01068115234375, -0.045654296875, 0.07470703125, -0.0390625, 0.169921875, -0.1826171875, 0.09423828125, 0.005615234375, -0.01507568359375, 0.0634765625, -0.1826171875] 1 0 1
 [0.1748046875, 0.01068115234375, -0.045654296875, 0.07470703125, -0.0390625, 0.169921875, -0.1826171875, 0.09423828125, 0.005615234375, -0.01507568359375, 0.0634765625, -0.1826171875] 1 0 1
 [0.1748046875, 0.01068115234375, -0.045654296875, 0.07470703125, -0.0390625, 0.169921875, -0.1826171875, 0.09423828125, 0.005615234375, -0.01507568359375, 0.0634765625, -0.1826171875] 1 0 1
 [0.1748046875, 0.01068115234375, -0.045654296875, 0.07470703125, -0.0390625, 0.169921875, -0.1826171875, 0.09423828125, 0.005615234375, -0.01507568359375, 0.0634765625, -0.1826171875] 1 0 1
 [0.1748046875, 0.01068115234375, -0.045654296875, 0.07470703125, -0.0390625, 0.169921875, -0.1826171875, 0.09423828125, 0.005615234375, -0.01507568359375, 0.0634765625, -0.1826171875] 1 0 1
 [0.1748046875, 0.01068115234375, -0.045654296875, 0.07470703125, -0.0390625, 0.169921875, -0.1826171875, 0.09423828125, 0.005615234375, -0.01507568359375, 0.0634765625, -0.1826171875] 1 0 1
 [0.1748046875, 0.01068115234375, -0.045654296875, 0.07470703125, -0.0390625, 0.169921875, -0.1826171875, 0.09423828125, 0.005615234375, -0.01507568359375, 0.0634765625, -0.1826171875] 1 0 1
 [0.1748046875, 0.01068115234375, -0.045654296875, 0.07470703125, -0.0390625, 0.169921875, -0.1826171875, 0.09423828125, 0.005615234375, -0.01507568359375, 0.0634765625, -0.1826171875] 1 0 1
 [0.1748046875, 0.01068115234375, -0.045654296875, 0.07470703125, -0.0390625, 0.169921875, -0.1826171875, 0.09423828125, 0.005615234375, -0.01507568359375, 0.0634765625, -0.1826171875] 1 0 1
 [0.1748046875, 0.01068115234375, -0.045654296875, 0.07470703125, -0.0390625, 0.169921875, -0.1826171875, 0.09423828125, 0.005615234375, -0.01507568359375, 0.0634765625, -0.1826171875] 1 0 1
 [0.1748046875, 0.01068115234375, -0.045654296875, 0.07470703125, -0.0390625, 0.169921875, -0.1826171875, 0.09423828125, 0.005615234375, -0.01507568359375, 0.0634765625, -0.1826171875] 1 0 1
 [0.1748046875, 0.01068115234375, -0.045654296875, 0.07470703125, -0.0390625, 0.169921875, -0.1826171875, 0.09423828125, 0.005615234375, -0.01507568359375, 0.0634765625, -0.1826171875] 1 0 1
 [0.1748046875, 0.01068115234375, -0.045654296875, 0.07470703125, -0.0390625, 0.169921875, -0.1826171875, 0.09423828125, 0.005615234375, -0.01507568359375, 0.0634765625, -0.1826171875] 1 0 1
 [0.1748046875, 0.01068115234375, -0.045654296875, 0.07470703125, -0.0390625, 0.169921875, -0.1826171875, 0.09423828125, 0.005615234375, -0.01507568359375, 0.0634765625, -0.1826171875] 1 0 1
 [0.1748046875, 0.01068115234375, -0.045654296875, 0.07470703125, -0.0390625, 0.169921875, -0.1826171875, 0.09423828125, 0.005615234375, -0.01507568359375, 0.0634765625, -0.1826171875] 1 0 1
 [0.1748046875, 0.01068115234375, -0.045654296875, 0.07470703125, -0.0390625, 0.169921875, -0.1826171875, 0.09423828125, 0.005615234375, -0.01507568359375, 0.0634765625, -0.1826171875] 1 0 1
 [0.1748046875, 0.01068115234375, -0.045654296875, 0.07470703125, -0.0390625, 0.169921875, -0.1826171875, 0.09423828125, 0.005615234375, -0.01507568359375, 0.0634765625, -0.1826171875] 1 0 1
 [0.1748046875, 0.01068115234375, -0.045654296875, 0.07470703125, -0.0390625, 0.169921875, -0.1826171875, 0.09423828125, 0.005615234375, -0.01507568359375, 0.0634765625, -0.1826171875] 2 0 1
 [0.1748046875, 0.01068115234375, -0.045654296875, 0.07470703125, -0.0390625, 0.169921875, -0.1826171875, 0.09423828125, 0.005615234375, -0.01507568359375, 0.0634765625, -0.1826171875] 2 0 1
 [0.1748046875, 0.01068115234375, -0.045654296875, 0.07470703125, -0.0390625, 0.169921875, -0.1826171875, 0.09423828125, 0.005615234375, -0.01507568359375, 0.0634765625, -0.1826171875] 2 0 1
 [0.1748046875, 0.01068115234375, -0.045654296875, 0.07470703125, -0.0390625, 0.169921875, -0.1826171875, 0.09423828125, 0.005615234375, -0.01507568359375, 0.0634765625, -0.1826171875] 2 0 1
 [0.1748046875, 0.01068115234375, -0.045654296875, 0.07470703125, -0.0390625, 0.169921875, -0.1826171875, 0.09423828125, 0.005615234375, -0.01507568359375, 0.0634765625, -0.1826171875] 2 0 1
 [0.1748046875, 0.01068115234375, -0.045654296875, 0.07470703125, -0.0390625, 0.169921875, -0.1826171875, 0.09423828125, 0.005615234375, -0.01507568359375, 0.0634765625, -0.1826171875] 2 0 1
 [0.1748046875, 0.01068115234375, -0.045654296875, 0.07470703125, -0.0390625, 0.169921875, -0.1826171875, 0.09423828125, 0.005615234375, -0.01507568359375, 0.0634765625, -0.1826171875] 2 0 1
 [0.1748046875, 0.01068115234375, -0.045654296875, 0.07470703125, -0.0390625, 0.169921875, -0.1826171875, 0.09423828125, 0.005615234375, -0.01507568359375, 0.0634765625, -0.1826171875] 2 0 1
 [0.1748046875, 0.01068115234375, -0.045654296875, 0.07470703125, -0.0390625, 0.169921875, -0.1826171875, 0.09423828125, 0.005615234375, -0.01507568359375, 0.0634765625, -0.1826171875] 2 0 1
 [0.1748046875, 0.01068115234375, -0.045654296875, 0.07470703125, -0.0390625, 0.169921875, -0.1826171875, 0.09423828125, 0.005615234375, -0.01507568359375, 0.0634765625, -0.1826171875] 2 0 1
 [0.1748046875, 0.01068115234375, -0.045654296875, 0.07470703125, -0.0390625, 0.169921875, -0.1826171875, 0.09423828125, 0.005615234375, -0.01507568359375, 0.0634765625, -0.1826171875] 2 0 1
 [0.1748046875, 0.01068115234375, -0.045654296875, 0.07470703125, -0.0390625, 0.169921875, -0.1826171875, 0.09423828125, 0.005615234375, -0.01507568359375, 0.0634765625, -0.1826171875] 2 0 1
 [0.1748046875, 0.01068115234375, -0.045654296875, 0.07470703125, -0.0390625, 0.169921875, -0.1826171875, 0.09423828125, 0.005615234375, -0.01507568359375, 0.0634765625, -0.1826171875] 2 0 1
 [0.1748046875, 0.01068115234375, -0.045654296875, 0.07470703125, -0.0390625, 0.169921875, -0.1826171875, 0.09423828125, 0.005615234375, -0.01507568359375, 0.0634765625, -0.1826171875] 2 0 1
 [0.1748046875, 0.01068115234375, -0.045654296875, 0.07470703125, -0.0390625, 0.169921875, -0.1826171875, 0.09423828125, 0.005615234375, -0.01507568359375, 0.0634765625, -0.1826171875] 2 0 1
 [0.1748046875, 0.01068115234375, -0.045654296875, 0.07470703125, -0.0390625, 0.169921875, -0.1826171875, 0.09423828125, 0.005615234375, -0.01507568359375, 0.0634765625, -0.1826171875] 2 0 1
 [0.1748046875, 0.01068115234375, -0.045654296875, 0.07470703125, -0.0390625, 0.169921875, -0.1826171875, 0.09423828125, 0.005615234375, -0.01507568359375, 0.0634765625, -0.1826171875] 2 0 1
 [0.1748046875, 0.01068115234375, -0.045654296875, 0.07470703125, -0.0390625, 0.169921875, -0.1826171875, 0.09423828125, 0.005615234375, -0.01507568359375, 0.0634765625, -0.1826171875] 2 0 1
 [0.1748046875, 0.01068115234375, -0.045654296875, 0.07470703125, -0.0390625, 0.169921875, -0.1826171875, 0.09423828125, 0.005615234375, -0.01507568359375, 0.0634765625, -0.1826171875] 2 0 1
 [0.1748046875, 0.01068115234375, -0.045654296875, 0.07470703125, -0.0390625, 0.169921875, -0.1826171875, 0.09423828125, 0.005615234375, -0.01507568359375, 0.0634765625, -0.1826171875] 2 0 1
 [0.1748046875, 0.01068115234375, -0.045654296875, 0.07470703125, -0.0390625, 0.169921875, -0.1826171875, 0.09423828125, 0.005615234375, -0.01507568359375, 0.0634765625, -0.1826171875] 2 0 1
 [0.1748046875, 0.01068115234375, -0.045654296875, 0.07470703125, -0.0390625, 0.169921875, -0.1826171875, 0.09423828125, 0.005615234375, -0.01507568359375, 0.0634765625, -0.1826171875] 2 0 1
 [0.1748046875, 0.01068115234375, -0.045654296875, 0.07470703125, -0.0390625, 0.169921875, -0.1826171875, 0.09423828125, 0.005615234375, -0.01507568359375, 0.0634765625, -0.1826171875] 2 0 1
 [0.1748046875, 0.01068115234375, -0.045654296875, 0.07470703125, -0.0390625, 0.169921875, -0.1826171875, 0.09423828125, 0.005615234375, -0.01507568359375, 0.0634765625, -0.1826171875] 2 0 1
 [0.1748046875, 0.01068115234375, -0.045654296875, 0.07470703125, -0.0390625, 0.169921875, -0.1826171875, 0.09423828125, 0.005615234375, -0.01507568359375, 0.0634765625, -0.1826171875] 2 0 1
 [0.1748046875, 0.01068115234375, -0.045654296875, 0.07470703125, -0.0390625, 0.169921875, -0.1826171875, 0.09423828125, 0.005615234375, -0.01507568359375, 0.0634765625, -0.1826171875] 2 0 1
 [0.1748046875, 0.01068115234375, -0.045654296875, 0.07470703125, -0.0390625, 0.169921875, -0.1826171875, 0.09423828125, 0.005615234375, -0.01507568359375, 0.0634765625, -0.1826171875] 2 0 1
 [0.1748046875, 0.01068115234375, -0.045654296875, 0.07470703125, -0.0390625, 0.169921875, -0.1826171875, 0.09423828125, 0.005615234375, -0.01507568359375, 0.0634765625, -0.1826171875] 2 0 1
 [0.1748046875, 0.01068115234375, -0.045654296875, 0.07470703125, -0.0390625, 0.169921875, -0.1826171875, 0.09423828125, 0.005615234375, -0.01507568359375, 0.0634765625, -0.1826171875] 2 0 1
 [0.1748046875, 0.01068115234375, -0.045654296875, 0.07470703125, -0.0390625, 0.169921875, -0.1826171875, 0.09423828125, 0.005615234375, -0.01507568359375, 0.0634765625, -0.1826171875] 2 0 1
 [0.1748046875, 0.01068115234375, -0.045654296875, 0.07470703125, -0.0390625, 0.169921875, -0.1826171875, 0.09423828125, 0.005615234375, -0.01507568359375, 0.0634765625, -0.1826171875] 2 0 1
 [0.1748046875, 0.01068115234375, -0.045654296875, 0.07470703125, -0.0390625, 0.169921875, -0.1826171875, 0.09423828125, 0.005615234375, -0.01507568359375, 0.0634765625, -0.1826171875] 3 0 1
 [0.1748046875, 0.01068115234375, -0.045654296875, 0.07470703125, -0.0390625, 0.169921875, -0.1826171875, 0.09423828125, 0.005615234375, -0.01507568359375, 0.0634765625, -0.1826171875] 3 0 1
 [0.1748046875, 0.01068115234375, -0.045654296875, 0.07470703125, -0.0390625, 0.169921875, -0.1826171875, 0.09423828125, 0.005615234375, -0.01507568359375, 0.0634765625, -0.1826171875] 3 0 1
 [0.1748046875, 0.01068115234375, -0.045654296875, 0.07470703125, -0.0390625, 0.169921875, -0.1826171875, 0.09423828125, 0.005615234375, -0.01507568359375, 0.0634765625, -0.1826171875] 3 0 1
 [0.1748046875, 0.01068115234375, -0.045654296875, 0.07470703125, -0.0390625, 0.169921875, -0.1826171875, 0.09423828125, 0.005615234375, -0.01507568359375, 0.0634765625, -0.1826171875] 3 0 1
 [0.1748046875, 0.01068115234375, -0.045654296875, 0.07470703125, -0.0390625, 0.169921875, -0.1826171875, 0.09423828125, 0.005615234375, -0.01507568359375, 0.0634765625, -0.1826171875] 3 0 1
 [0.1748046875, 0.01068115234375, -0.045654296875, 0.07470703125, -0.0390625, 0.169921875, -0.1826171875, 0.09423828125, 0.005615234375, -0.01507568359375, 0.0634765625, -0.1826171875] 3 0 1
 [0.1748046875, 0.01068115234375, -0.045654296875, 0.07470703125, -0.0390625, 0.169921875, -0.1826171875, 0.09423828125, 0.005615234375, -0.01507568359375, 0.0634765625, -0.1826171875] 3 0 1
 [0.1748046875, 0.01068115234375, -0.045654296875, 0.07470703125, -0.0390625, 0.169921875, -0.1826171875, 0.09423828125, 0.005615234375, -0.01507568359375, 0.0634765625, -0.1826171875] 3 0 1
 [0.1748046875, 0.01068115234375, -0.045654296875, 0.07470703125, -0.0390625, 0.169921875, -0.1826171875, 0.09423828125, 0.005615234375, -0.01507568359375, 0.0634765625, -0.1826171875] 3 0 1
 [0.1748046875, 0.01068115234375, -0.045654296875, 0.07470703125, -0.0390625, 0.169921875, -0.1826171875, 0.09423828125, 0.005615234375, -0.01507568359375, 0.0634765625, -0.1826171875] 3 0 1
 [0.1748046875, 0.01068115234375, -0.045654296875, 0.07470703125, -0.0390625, 0.169921875, -0.1826171875, 0.09423828125, 0.005615234375, -0.01507568359375, 0.0634765625, -0.1826171875] 3 0 1
 [0.1748046875, 0.01068115234375, -0.045654296875, 0.07470703125, -0.0390625, 0.169921875, -0.1826171875, 0.09423828125, 0.005615234375, -0.01507568359375, 0.0634765625, -0.1826171875] 3 0 1
 [0.1748046875, 0.01068115234375, -0.045654296875, 0.07470703125, -0.0390625, 0.169921875, -0.1826171875, 0.09423828125, 0.005615234375, -0.01507568359375, 0.0634765625, -0.1826171875] 3 0 1
 [0.1748046875, 0.01068115234375, -0.045654296875, 0.07470703125, -0.0390625, 0.169921875, -0.1826171875, 0.09423828125, 0.005615234375, -0.01507568359375, 0.0634765625, -0.1826171875] 3 0 1
 [0.1748046875, 0.01068115234375, -0.045654296875, 0.07470703125, -0.0390625, 0.169921875, -0.1826171875, 0.09423828125, 0.005615234375, -0.01507568359375, 0.0634765625, -0.1826171875] 3 0 1
 [0.1748046875, 0.01068115234375, -0.045654296875, 0.07470703125, -0.0390625, 0.169921875, -0.1826171875, 0.09423828125, 0.005615234375, -0.01507568359375, 0.0634765625, -0.1826171875] 3 0 1
 [0.1748046875, 0.01068115234375, -0.045654296875, 0.07470703125, -0.0390625, 0.169921875, -0.1826171875, 0.09423828125, 0.005615234375, -0.01507568359375, 0.0634765625, -0.1826171875] 3 0 1
 [0.1748046875, 0.01068115234375, -0.045654296875, 0.07470703125, -0.0390625, 0.169921875, -0.1826171875, 0.09423828125, 0.005615234375, -0.01507568359375, 0.0634765625, -0.1826171875] 3 0 1
 [0.1748046875, 0.01068115234375, -0.045654296875, 0.07470703125, -0.0390625, 0.169921875, -0.1826171875, 0.09423828125, 0.005615234375, -0.01507568359375, 0.0634765625, -0.1826171875] 3 0 1
 [0.1748046875, 0.01068115234375, -0.045654296875, 0.07470703125, -0.0390625, 0.169921875, -0.1826171875, 0.09423828125, 0.005615234375, -0.01507568359375, 0.0634765625, -0.1826171875] 3 0 1
 [0.1748046875, 0.01068115234375, -0.045654296875, 0.07470703125, -0.0390625, 0.169921875, -0.1826171875, 0.09423828125, 0.005615234375, -0.01507568359375, 0.0634765625, -0.1826171875] 3 0 1
 [0.1748046875, 0.01068115234375, -0.045654296875, 0.07470703125, -0.0390625, 0.169921875, -0.1826171875, 0.09423828125, 0.005615234375, -0.01507568359375, 0.0634765625, -0.1826171875] 3 0 1
 [0.1748046875, 0.01068115234375, -0.045654296875, 0.07470703125, -0.0390625, 0.169921875, -0.1826171875, 0.09423828125, 0.005615234375, -0.01507568359375, 0.0634765625, -0.1826171875] 3 0 1
 [0.1748046875, 0.01068115234375, -0.045654296875, 0.07470703125, -0.0390625, 0.169921875, -0.1826171875, 0.09423828125, 0.005615234375, -0.01507568359375, 0.0634765625, -0.1826171875] 3 0 1
 [0.1748046875, 0.01068115234375, -0.045654296875, 0.07470703125, -0.0390625, 0.169921875, -0.1826171875, 0.09423828125, 0.005615234375, -0.01507568359375, 0.0634765625, -0.1826171875] 3 0 1
 [0.1748046875, 0.01068115234375, -0.045654296875, 0.07470703125, -0.0390625, 0.169921875, -0.1826171875, 0.09423828125, 0.005615234375, -0.01507568359375, 0.0634765625, -0.1826171875] 3 0 1
 [0.1748046875, 0.01068115234375, -0.045654296875, 0.07470703125, -0.0390625, 0.169921875, -0.1826171875, 0.09423828125, 0.005615234375, -0.01507568359375, 0.0634765625, -0.1826171875] 3 0 1
 [0.1748046875, 0.01068115234375, -0.045654296875, 0.07470703125, -0.0390625, 0.169921875, -0.1826171875, 0.09423828125, 0.005615234375, -0.01507568359375, 0.0634765625, -0.1826171875] 3 0 1
 [0.1748046875, 0.01068115234375, -0.045654296875, 0.07470703125, -0.0390625, 0.169921875, -0.1826171875, 0.09423828125, 0.005615234375, -0.01507568359375, 0.0634765625, -0.1826171875] 3 0 1
 [0.1748046875, 0.01068115234375, -0.045654296875, 0.07470703125, -0.0390625, 0.169921875, -0.1826171875, 0.09423828125, 0.005615234375, -0.01507568359375, 0.0634765625, -0.1826171875] 3 0 1
 [0.1748046875, 0.01068115234375, -0.045654296875, 0.07470703125, -0.0390625, 0.169921875, -0.1826171875, 0.09423828125, 0.005615234375, -0.01507568359375, 0.0634765625, -0.1826171875] 4 0 1
 [0.1748046875, 0.01068115234375, -0.045654296875, 0.07470703125, -0.0390625, 0.169921875, -0.1826171875, 0.09423828125, 0.005615234375, -0.01507568359375, 0.0634765625, -0.1826171875] 4 0 1
 [0.1748046875, 0.01068115234375, -0.045654296875, 0.07470703125, -0.0390625, 0.169921875, -0.1826171875, 0.09423828125, 0.005615234375, -0.01507568359375, 0.0634765625, -0.1826171875] 4 0 1
 [0.1748046875, 0.01068115234375, -0.045654296875, 0.07470703125, -0.0390625, 0.169921875, -0.1826171875, 0.09423828125, 0.005615234375, -0.01507568359375, 0.0634765625, -0.1826171875] 4 0 1
 [0.1748046875, 0.01068115234375, -0.045654296875, 0.07470703125, -0.0390625, 0.169921875, -0.1826171875, 0.09423828125, 0.005615234375, -0.01507568359375, 0.0634765625, -0.1826171875] 4 0 1
 [0.1748046875, 0.01068115234375, -0.045654296875, 0.07470703125, -0.0390625, 0.169921875, -0.1826171875, 0.09423828125, 0.005615234375, -0.01507568359375, 0.0634765625, -0.1826171875] 4 0 1
 [0.1748046875, 0.01068115234375, -0.045654296875, 0.07470703125, -0.0390625, 0.169921875, -0.1826171875, 0.09423828125, 0.005615234375, -0.01507568359375, 0.0634765625, -0.1826171875] 4 0 1
 [0.1748046875, 0.01068115234375, -0.045654296875, 0.07470703125, -0.0390625, 0.169921875, -0.1826171875, 0.09423828125, 0.005615234375, -0.01507568359375, 0.0634765625, -0.1826171875] 4 0 1
 [0.1748046875, 0.01068115234375, -0.045654296875, 0.07470703125, -0.0390625, 0.169921875, -0.1826171875, 0.09423828125, 0.005615234375, -0.01507568359375, 0.0634765625, -0.1826171875] 4 0 1
 [0.1748046875, 0.01068115234375, -0.045654296875, 0.07470703125, -0.0390625, 0.169921875, -0.1826171875, 0.09423828125, 0.005615234375, -0.01507568359375, 0.0634765625, -0.1826171875] 4 0 1
 [0.1748046875, 0.01068115234375, -0.045654296875, 0.07470703125, -0.0390625, 0.169921875, -0.1826171875, 0.09423828125, 0.005615234375, -0.01507568359375, 0.0634765625, -0.1826171875] 4 0 1
 [0.1748046875, 0.01068115234375, -0.045654296875, 0.07470703125, -0.0390625, 0.169921875, -0.1826171875, 0.09423828125, 0.005615234375, -0.01507568359375, 0.0634765625, -0.1826171875] 4 0 1
 [0.1748046875, 0.01068115234375, -0.045654296875, 0.07470703125, -0.0390625, 0.169921875, -0.1826171875, 0.09423828125, 0.005615234375, -0.01507568359375, 0.0634765625, -0.1826171875] 4 0 1
 [0.1748046875, 0.01068115234375, -0.045654296875, 0.07470703125, -0.0390625, 0.169921875, -0.1826171875, 0.09423828125, 0.005615234375, -0.01507568359375, 0.0634765625, -0.1826171875] 4 0 1
 [0.1748046875, 0.01068115234375, -0.045654296875, 0.07470703125, -0.0390625, 0.169921875, -0.1826171875, 0.09423828125, 0.005615234375, -0.01507568359375, 0.0634765625, -0.1826171875] 4 0 1
 [0.1748046875, 0.01068115234375, -0.045654296875, 0.07470703125, -0.0390625, 0.169921875, -0.1826171875, 0.09423828125, 0.005615234375, -0.01507568359375, 0.0634765625, -0.1826171875] 4 0 1
 [0.1748046875, 0.01068115234375, -0.045654296875, 0.07470703125, -0.0390625, 0.169921875, -0.1826171875, 0.09423828125, 0.005615234375, -0.01507568359375, 0.0634765625, -0.1826171875] 4 0 1
 [0.1748046875, 0.01068115234375, -0.045654296875, 0.07470703125, -0.0390625, 0.169921875, -0.1826171875, 0.09423828125, 0.005615234375, -0.01507568359375, 0.0634765625, -0.1826171875] 4 0 1
 [0.1748046875, 0.01068115234375, -0.045654296875, 0.07470703125, -0.0390625, 0.169921875, -0.1826171875, 0.09423828125, 0.005615234375, -0.01507568359375, 0.0634765625, -0.1826171875] 4 0 1
 [0.1748046875, 0.01068115234375, -0.045654296875, 0.07470703125, -0.0390625, 0.169921875, -0.1826171875, 0.09423828125, 0.005615234375, -0.01507568359375, 0.0634765625, -0.1826171875] 4 0 1
 [0.1748046875, 0.01068115234375, -0.045654296875, 0.07470703125, -0.0390625, 0.169921875, -0.1826171875, 0.09423828125, 0.005615234375, -0.01507568359375, 0.0634765625, -0.1826171875] 4 0 1
 [0.1748046875, 0.01068115234375, -0.045654296875, 0.07470703125, -0.0390625, 0.169921875, -0.1826171875, 0.09423828125, 0.005615234375, -0.01507568359375, 0.0634765625, -0.1826171875] 4 0 1
 [0.1748046875, 0.01068115234375, -0.045654296875, 0.07470703125, -0.0390625, 0.169921875, -0.1826171875, 0.09423828125, 0.005615234375, -0.01507568359375, 0.0634765625, -0.1826171875] 4 0 1
 [0.1748046875, 0.01068115234375, -0.045654296875, 0.07470703125, -0.0390625, 0.169921875, -0.1826171875, 0.09423828125, 0.005615234375, -0.01507568359375, 0.0634765625, -0.1826171875] 4 0 1
 [0.1748046875, 0.01068115234375, -0.045654296875, 0.07470703125, -0.0390625, 0.169921875, -0.1826171875, 0.09423828125, 0.005615234375, -0.01507568359375, 0.0634765625, -0.1826171875] 4 0 1
 [0.1748046875, 0.01068115234375, -0.045654296875, 0.07470703125, -0.0390625, 0.169921875, -0.1826171875, 0.09423828125, 0.005615234375, -0.01507568359375, 0.0634765625, -0.1826171875] 4 0 1
 [0.1748046875, 0.01068115234375, -0.045654296875, 0.07470703125, -0.0390625, 0.169921875, -0.1826171875, 0.09423828125, 0.005615234375, -0.01507568359375, 0.0634765625, -0.1826171875] 4 0 1
 [0.1748046875, 0.01068115234375, -0.045654296875, 0.07470703125, -0.0390625, 0.169921875, -0.1826171875, 0.09423828125, 0.005615234375, -0.01507568359375, 0.0634765625, -0.1826171875] 4 0 1
 [0.1748046875, 0.01068115234375, -0.045654296875, 0.07470703125, -0.0390625, 0.169921875, -0.1826171875, 0.09423828125, 0.005615234375, -0.01507568359375, 0.0634765625, -0.1826171875] 4 0 1
 [0.1748046875, 0.01068115234375, -0.045654296875, 0.07470703125, -0.0390625, 0.169921875, -0.1826171875, 0.09423828125, 0.005615234375, -0.01507568359375, 0.0634765625, -0.1826171875] 4 0 1
 [0.1748046875, 0.01068115234375, -0.045654296875, 0.07470703125, -0.0390625, 0.169921875, -0.1826171875, 0.09423828125, 0.005615234375, -0.01507568359375, 0.0634765625, -0.1826171875] 4 0 1
 [0.1748046875, 0.01068115234375, -0.045654296875, 0.07470703125, -0.0390625, 0.169921875, -0.1826171875, 0.09423828125, 0.005615234375, -0.01507568359375, 0.0634765625, -0.1826171875] 4 0 1
 [0.1748046875, 0.01068115234375, -0.045654296875, 0.07470703125, -0.0390625, 0.169921875, -0.1826171875, 0.09423828125, 0.005615234375, -0.01507568359375, 0.0634765625, -0.1826171875] 4 0 1
 [0.1748046875, 0.01068115234375, -0.045654296875, 0.07470703125, -0.0390625, 0.169921875, -0.1826171875, 0.09423828125, 0.005615234375, -0.01507568359375, 0.0634765625, -0.1826171875] 4 0 1
 [0.1748046875, 0.01068115234375, -0.045654296875, 0.07470703125, -0.0390625, 0.169921875, -0.1826171875, 0.09423828125, 0.005615234375, -0.01507568359375, 0.0634765625, -0.1826171875] 5 0 1
 [0.1748046875, 0.01068115234375, -0.045654296875, 0.07470703125, -0.0390625, 0.169921875, -0.1826171875, 0.09423828125, 0.005615234375, -0.01507568359375, 0.0634765625, -0.1826171875] 5 0 1
 [0.1748046875, 0.01068115234375, -0.045654296875, 0.07470703125, -0.0390625, 0.169921875, -0.1826171875, 0.09423828125, 0.005615234375, -0.01507568359375, 0.0634765625, -0.1826171875] 5 0 1
 [0.1748046875, 0.01068115234375, -0.045654296875, 0.07470703125, -0.0390625, 0.169921875, -0.1826171875, 0.09423828125, 0.005615234375, -0.01507568359375, 0.0634765625, -0.1826171875] 5 0 1
 [0.1748046875, 0.01068115234375, -0.045654296875, 0.07470703125, -0.0390625, 0.169921875, -0.1826171875, 0.09423828125, 0.005615234375, -0.01507568359375, 0.0634765625, -0.1826171875] 5 0 1
 [0.1748046875, 0.01068115234375, -0.045654296875, 0.07470703125, -0.0390625, 0.169921875, -0.1826171875, 0.09423828125, 0.005615234375, -0.01507568359375, 0.0634765625, -0.1826171875] 5 0 1
 [0.1748046875, 0.01068115234375, -0.045654296875, 0.07470703125, -0.0390625, 0.169921875, -0.1826171875, 0.09423828125, 0.005615234375, -0.01507568359375, 0.0634765625, -0.1826171875] 5 0 1
 [0.1748046875, 0.01068115234375, -0.045654296875, 0.07470703125, -0.0390625, 0.169921875, -0.1826171875, 0.09423828125, 0.005615234375, -0.01507568359375, 0.0634765625, -0.1826171875] 5 0 1
 [0.1748046875, 0.01068115234375, -0.045654296875, 0.07470703125, -0.0390625, 0.169921875, -0.1826171875, 0.09423828125, 0.005615234375, -0.01507568359375, 0.0634765625, -0.1826171875] 5 0 1
 [0.1748046875, 0.01068115234375, -0.045654296875, 0.07470703125, -0.0390625, 0.169921875, -0.1826171875, 0.09423828125, 0.005615234375, -0.01507568359375, 0.0634765625, -0.1826171875] 5 0 1
 [0.1748046875, 0.01068115234375, -0.045654296875, 0.07470703125, -0.0390625, 0.169921875, -0.1826171875, 0.09423828125, 0.005615234375, -0.01507568359375, 0.0634765625, -0.1826171875] 5 0 1
 [0.1748046875, 0.01068115234375, -0.045654296875, 0.07470703125, -0.0390625, 0.169921875, -0.1826171875, 0.09423828125, 0.005615234375, -0.01507568359375, 0.0634765625, -0.1826171875] 5 0 1
 [0.1748046875, 0.01068115234375, -0.045654296875, 0.07470703125, -0.0390625, 0.169921875, -0.1826171875, 0.09423828125, 0.005615234375, -0.01507568359375, 0.0634765625, -0.1826171875] 5 0 1
 [0.1748046875, 0.01068115234375, -0.045654296875, 0.07470703125, -0.0390625, 0.169921875, -0.1826171875, 0.09423828125, 0.005615234375, -0.01507568359375, 0.0634765625, -0.1826171875] 5 0 1
 [0.1748046875, 0.01068115234375, -0.045654296875, 0.07470703125, -0.0390625, 0.169921875, -0.1826171875, 0.09423828125, 0.005615234375, -0.01507568359375, 0.0634765625, -0.1826171875] 5 0 1
 [0.1748046875, 0.01068115234375, -0.045654296875, 0.07470703125, -0.0390625, 0.169921875, -0.1826171875, 0.09423828125, 0.005615234375, -0.01507568359375, 0.0634765625, -0.1826171875] 5 0 1
 [0.1748046875, 0.01068115234375, -0.045654296875, 0.07470703125, -0.0390625, 0.169921875, -0.1826171875, 0.09423828125, 0.005615234375, -0.01507568359375, 0.0634765625, -0.1826171875] 5 0 1
 [0.1748046875, 0.01068115234375, -0.045654296875, 0.07470703125, -0.0390625, 0.169921875, -0.1826171875, 0.09423828125, 0.005615234375, -0.01507568359375, 0.0634765625, -0.1826171875] 5 0 1
 [0.1748046875, 0.01068115234375, -0.045654296875, 0.07470703125, -0.0390625, 0.169921875, -0.1826171875, 0.09423828125, 0.005615234375, -0.01507568359375, 0.0634765625, -0.1826171875] 5 0 1
 [0.1748046875, 0.01068115234375, -0.045654296875, 0.07470703125, -0.0390625, 0.169921875, -0.1826171875, 0.09423828125, 0.005615234375, -0.01507568359375, 0.0634765625, -0.1826171875] 5 0 1
 [0.1748046875, 0.01068115234375, -0.045654296875, 0.07470703125, -0.0390625, 0.169921875, -0.1826171875, 0.09423828125, 0.005615234375, -0.01507568359375, 0.0634765625, -0.1826171875] 5 0 1
 [0.1748046875, 0.01068115234375, -0.045654296875, 0.07470703125, -0.0390625, 0.169921875, -0.1826171875, 0.09423828125, 0.005615234375, -0.01507568359375, 0.0634765625, -0.1826171875] 5 0 1
 [0.1748046875, 0.01068115234375, -0.045654296875, 0.07470703125, -0.0390625, 0.169921875, -0.1826171875, 0.09423828125, 0.005615234375, -0.01507568359375, 0.0634765625, -0.1826171875] 5 0 1
 [0.1748046875, 0.01068115234375, -0.045654296875, 0.07470703125, -0.0390625, 0.169921875, -0.1826171875, 0.09423828125, 0.005615234375, -0.01507568359375, 0.0634765625, -0.1826171875] 5 0 1
 [0.1748046875, 0.01068115234375, -0.045654296875, 0.07470703125, -0.0390625, 0.169921875, -0.1826171875, 0.09423828125, 0.005615234375, -0.01507568359375, 0.0634765625, -0.1826171875] 5 0 1
 [0.1748046875, 0.01068115234375, -0.045654296875, 0.07470703125, -0.0390625, 0.169921875, -0.1826171875, 0.09423828125, 0.005615234375, -0.01507568359375, 0.0634765625, -0.1826171875] 5 0 1
 [0.1748046875, 0.01068115234375, -0.045654296875, 0.07470703125, -0.0390625, 0.169921875, -0.1826171875, 0.09423828125, 0.005615234375, -0.01507568359375, 0.0634765625, -0.1826171875] 5 0 1
 [0.1748046875, 0.01068115234375, -0.045654296875, 0.07470703125, -0.0390625, 0.169921875, -0.1826171875, 0.09423828125, 0.005615234375, -0.01507568359375, 0.0634765625, -0.1826171875] 5 0 1
 [0.1748046875, 0.01068115234375, -0.045654296875, 0.07470703125, -0.0390625, 0.169921875, -0.1826171875, 0.09423828125, 0.005615234375, -0.01507568359375, 0.0634765625, -0.1826171875] 5 0 1
 [0.1748046875, 0.01068115234375, -0.045654296875, 0.07470703125, -0.0390625, 0.169921875, -0.1826171875, 0.09423828125, 0.005615234375, -0.01507568359375, 0.0634765625, -0.1826171875] 5 0 1
 [0.1748046875, 0.01068115234375, -0.045654296875, 0.07470703125, -0.0390625, 0.169921875, -0.1826171875, 0.09423828125, 0.005615234375, -0.01507568359375, 0.0634765625, -0.1826171875] 5 0 1
 [0.1748046875, 0.01068115234375, -0.045654296875, 0.07470703125, -0.0390625, 0.169921875, -0.1826171875, 0.09423828125, 0.005615234375, -0.01507568359375, 0.0634765625, -0.1826171875] 5 0 1
 [0.1748046875, 0.01068115234375, -0.045654296875, 0.07470703125, -0.0390625, 0.169921875, -0.1826171875, 0.09423828125, 0.005615234375, -0.01507568359375, 0.0634765625, -0.1826171875] 5 0 1
 [0.1748046875, 0.01068115234375, -0.045654296875, 0.07470703125, -0.0390625, 0.169921875, -0.1826171875, 0.09423828125, 0.005615234375, -0.01507568359375, 0.0634765625, -0.1826171875] 7 0 1
 [0.1748046875, 0.01068115234375, -0.045654296875, 0.07470703125, -0.0390625, 0.169921875, -0.1826171875, 0.09423828125, 0.005615234375, -0.01507568359375, 0.0634765625, -0.1826171875] 7 0 1
 [0.1748046875, 0.01068115234375, -0.045654296875, 0.07470703125, -0.0390625, 0.169921875, -0.1826171875, 0.09423828125, 0.005615234375, -0.01507568359375, 0.0634765625, -0.1826171875] 7 0 1
 [0.1748046875, 0.01068115234375, -0.045654296875, 0.07470703125, -0.0390625, 0.169921875, -0.1826171875, 0.09423828125, 0.005615234375, -0.01507568359375, 0.0634765625, -0.1826171875] 7 0 1
 [0.1748046875, 0.01068115234375, -0.045654296875, 0.07470703125, -0.0390625, 0.169921875, -0.1826171875, 0.09423828125, 0.005615234375, -0.01507568359375, 0.0634765625, -0.1826171875] 7 0 1
 [0.1748046875, 0.01068115234375, -0.045654296875, 0.07470703125, -0.0390625, 0.169921875, -0.1826171875, 0.09423828125, 0.005615234375, -0.01507568359375, 0.0634765625, -0.1826171875] 7 0 1
 [0.1748046875, 0.01068115234375, -0.045654296875, 0.07470703125, -0.0390625, 0.169921875, -0.1826171875, 0.09423828125, 0.005615234375, -0.01507568359375, 0.0634765625, -0.1826171875] 7 0 1
 [0.1748046875, 0.01068115234375, -0.045654296875, 0.07470703125, -0.0390625, 0.169921875, -0.1826171875, 0.09423828125, 0.005615234375, -0.01507568359375, 0.0634765625, -0.1826171875] 7 0 1
 [0.1748046875, 0.01068115234375, -0.045654296875, 0.07470703125, -0.0390625, 0.169921875, -0.1826171875, 0.09423828125, 0.005615234375, -0.01507568359375, 0.0634765625, -0.1826171875] 7 0 1
 [0.1748046875, 0.01068115234375, -0.045654296875, 0.07470703125, -0.0390625, 0.169921875, -0.1826171875, 0.09423828125, 0.005615234375, -0.01507568359375, 0.0634765625, -0.1826171875] 7 0 1
 [0.1748046875, 0.01068115234375, -0.045654296875, 0.07470703125, -0.0390625, 0.169921875, -0.1826171875, 0.09423828125, 0.005615234375, -0.01507568359375, 0.0634765625, -0.1826171875] 7 0 1
 [0.1748046875, 0.01068115234375, -0.045654296875, 0.07470703125, -0.0390625, 0.169921875, -0.1826171875, 0.09423828125, 0.005615234375, -0.01507568359375, 0.0634765625, -0.1826171875] 7 0 1
 [0.1748046875, 0.01068115234375, -0.045654296875, 0.07470703125, -0.0390625, 0.169921875, -0.1826171875, 0.09423828125, 0.005615234375, -0.01507568359375, 0.0634765625, -0.1826171875] 7 0 1
 [0.1748046875, 0.01068115234375, -0.045654296875, 0.07470703125, -0.0390625, 0.169921875, -0.1826171875, 0.09423828125, 0.005615234375, -0.01507568359375, 0.0634765625, -0.1826171875] 7 0 1
 [0.1748046875, 0.01068115234375, -0.045654296875, 0.07470703125, -0.0390625, 0.169921875, -0.1826171875, 0.09423828125, 0.005615234375, -0.01507568359375, 0.0634765625, -0.1826171875] 7 0 1
 [0.1748046875, 0.01068115234375, -0.045654296875, 0.07470703125, -0.0390625, 0.169921875, -0.1826171875, 0.09423828125, 0.005615234375, -0.01507568359375, 0.0634765625, -0.1826171875] 7 0 1
 [0.1748046875, 0.01068115234375, -0.045654296875, 0.07470703125, -0.0390625, 0.169921875, -0.1826171875, 0.09423828125, 0.005615234375, -0.01507568359375, 0.0634765625, -0.1826171875] 7 0 1
 [0.1748046875, 0.01068115234375, -0.045654296875, 0.07470703125, -0.0390625, 0.169921875, -0.1826171875, 0.09423828125, 0.005615234375, -0.01507568359375, 0.0634765625, -0.1826171875] 7 0 1
 [0.1748046875, 0.01068115234375, -0.045654296875, 0.07470703125, -0.0390625, 0.169921875, -0.1826171875, 0.09423828125, 0.005615234375, -0.01507568359375, 0.0634765625, -0.1826171875] 7 0 1
 [0.1748046875, 0.01068115234375, -0.045654296875, 0.07470703125, -0.0390625, 0.169921875, -0.1826171875, 0.09423828125, 0.005615234375, -0.01507568359375, 0.0634765625, -0.1826171875] 7 0 1
 [0.1748046875, 0.01068115234375, -0.045654296875, 0.07470703125, -0.0390625, 0.169921875, -0.1826171875, 0.09423828125, 0.005615234375, -0.01507568359375, 0.0634765625, -0.1826171875] 7 0 1
 [0.1748046875, 0.01068115234375, -0.045654296875, 0.07470703125, -0.0390625, 0.169921875, -0.1826171875, 0.09423828125, 0.005615234375, -0.01507568359375, 0.0634765625, -0.1826171875] 7 0 1
 [0.1748046875, 0.01068115234375, -0.045654296875, 0.07470703125, -0.0390625, 0.169921875, -0.1826171875, 0.09423828125, 0.005615234375, -0.01507568359375, 0.0634765625, -0.1826171875] 7 0 1
 [0.1748046875, 0.01068115234375, -0.045654296875, 0.07470703125, -0.0390625, 0.169921875, -0.1826171875, 0.09423828125, 0.005615234375, -0.01507568359375, 0.0634765625, -0.1826171875] 7 0 1
 [0.1748046875, 0.01068115234375, -0.045654296875, 0.07470703125, -0.0390625, 0.169921875, -0.1826171875, 0.09423828125, 0.005615234375, -0.01507568359375, 0.0634765625, -0.1826171875] 7 0 1
 [0.1748046875, 0.01068115234375, -0.045654296875, 0.07470703125, -0.0390625, 0.169921875, -0.1826171875, 0.09423828125, 0.005615234375, -0.01507568359375, 0.0634765625, -0.1826171875] 7 0 1
 [0.1748046875, 0.01068115234375, -0.045654296875, 0.07470703125, -0.0390625, 0.169921875, -0.1826171875, 0.09423828125, 0.005615234375, -0.01507568359375, 0.0634765625, -0.1826171875] 7 0 1
 [0.1748046875, 0.01068115234375, -0.045654296875, 0.07470703125, -0.0390625, 0.169921875, -0.1826171875, 0.09423828125, 0.005615234375, -0.01507568359375, 0.0634765625, -0.1826171875] 7 0 1
 [0.1748046875, 0.01068115234375, -0.045654296875, 0.07470703125, -0.0390625, 0.169921875, -0.1826171875, 0.09423828125, 0.005615234375, -0.01507568359375, 0.0634765625, -0.1826171875] 7 0 1
 [0.1748046875, 0.01068115234375, -0.045654296875, 0.07470703125, -0.0390625, 0.169921875, -0.1826171875, 0.09423828125, 0.005615234375, -0.01507568359375, 0.0634765625, -0.1826171875] 7 0 1
 [0.1748046875, 0.01068115234375, -0.045654296875, 0.07470703125, -0.0390625, 0.169921875, -0.1826171875, 0.09423828125, 0.005615234375, -0.01507568359375, 0.0634765625, -0.1826171875] 8 0 1
 [0.1748046875, 0.01068115234375, -0.045654296875, 0.07470703125, -0.0390625, 0.169921875, -0.1826171875, 0.09423828125, 0.005615234375, -0.01507568359375, 0.0634765625, -0.1826171875] 8 0 1
 [0.1748046875, 0.01068115234375, -0.045654296875, 0.07470703125, -0.0390625, 0.169921875, -0.1826171875, 0.09423828125, 0.005615234375, -0.01507568359375, 0.0634765625, -0.1826171875] 8 0 1
 [0.1748046875, 0.01068115234375, -0.045654296875, 0.07470703125, -0.0390625, 0.169921875, -0.1826171875, 0.09423828125, 0.005615234375, -0.01507568359375, 0.0634765625, -0.1826171875] 8 0 1
 [0.1748046875, 0.01068115234375, -0.045654296875, 0.07470703125, -0.0390625, 0.169921875, -0.1826171875, 0.09423828125, 0.005615234375, -0.01507568359375, 0.0634765625, -0.1826171875] 8 0 1
 [0.1748046875, 0.01068115234375, -0.045654296875, 0.07470703125, -0.0390625, 0.169921875, -0.1826171875, 0.09423828125, 0.005615234375, -0.01507568359375, 0.0634765625, -0.1826171875] 8 0 1
 [0.1748046875, 0.01068115234375, -0.045654296875, 0.07470703125, -0.0390625, 0.169921875, -0.1826171875, 0.09423828125, 0.005615234375, -0.01507568359375, 0.0634765625, -0.1826171875] 8 0 1
 [0.1748046875, 0.01068115234375, -0.045654296875, 0.07470703125, -0.0390625, 0.169921875, -0.1826171875, 0.09423828125, 0.005615234375, -0.01507568359375, 0.0634765625, -0.1826171875] 8 0 1
 [0.1748046875, 0.01068115234375, -0.045654296875, 0.07470703125, -0.0390625, 0.169921875, -0.1826171875, 0.09423828125, 0.005615234375, -0.01507568359375, 0.0634765625, -0.1826171875] 8 0 1
 [0.1748046875, 0.01068115234375, -0.045654296875, 0.07470703125, -0.0390625, 0.169921875, -0.1826171875, 0.09423828125, 0.005615234375, -0.01507568359375, 0.0634765625, -0.1826171875] 8 0 1
 [0.1748046875, 0.01068115234375, -0.045654296875, 0.07470703125, -0.0390625, 0.169921875, -0.1826171875, 0.09423828125, 0.005615234375, -0.01507568359375, 0.0634765625, -0.1826171875] 8 0 1
 [0.1748046875, 0.01068115234375, -0.045654296875, 0.07470703125, -0.0390625, 0.169921875, -0.1826171875, 0.09423828125, 0.005615234375, -0.01507568359375, 0.0634765625, -0.1826171875] 8 0 1
 [0.1748046875, 0.01068115234375, -0.045654296875, 0.07470703125, -0.0390625, 0.169921875, -0.1826171875, 0.09423828125, 0.005615234375, -0.01507568359375, 0.0634765625, -0.1826171875] 8 0 1
 [0.1748046875, 0.01068115234375, -0.045654296875, 0.07470703125, -0.0390625, 0.169921875, -0.1826171875, 0.09423828125, 0.005615234375, -0.01507568359375, 0.0634765625, -0.1826171875] 8 0 1
 [0.1748046875, 0.01068115234375, -0.045654296875, 0.07470703125, -0.0390625, 0.169921875, -0.1826171875, 0.09423828125, 0.005615234375, -0.01507568359375, 0.0634765625, -0.1826171875] 8 0 1
 [0.1748046875, 0.01068115234375, -0.045654296875, 0.07470703125, -0.0390625, 0.169921875, -0.1826171875, 0.09423828125, 0.005615234375, -0.01507568359375, 0.0634765625, -0.1826171875] 8 0 1
 [0.1748046875, 0.01068115234375, -0.045654296875, 0.07470703125, -0.0390625, 0.169921875, -0.1826171875, 0.09423828125, 0.005615234375, -0.01507568359375, 0.0634765625, -0.1826171875] 8 0 1
 [0.1748046875, 0.01068115234375, -0.045654296875, 0.07470703125, -0.0390625, 0.169921875, -0.1826171875, 0.09423828125, 0.005615234375, -0.01507568359375, 0.0634765625, -0.1826171875] 8 0 1
 [0.1748046875, 0.01068115234375, -0.045654296875, 0.07470703125, -0.0390625, 0.169921875, -0.1826171875, 0.09423828125, 0.005615234375, -0.01507568359375, 0.0634765625, -0.1826171875] 8 0 1
 [0.1748046875, 0.01068115234375, -0.045654296875, 0.07470703125, -0.0390625, 0.169921875, -0.1826171875, 0.09423828125, 0.005615234375, -0.01507568359375, 0.0634765625, -0.1826171875] 8 0 1
 [0.1748046875, 0.01068115234375, -0.045654296875, 0.07470703125, -0.0390625, 0.169921875, -0.1826171875, 0.09423828125, 0.005615234375, -0.01507568359375, 0.0634765625, -0.1826171875] 8 0 1
 [0.1748046875, 0.01068115234375, -0.045654296875, 0.07470703125, -0.0390625, 0.169921875, -0.1826171875, 0.09423828125, 0.005615234375, -0.01507568359375, 0.0634765625, -0.1826171875] 8 0 1
 [0.1748046875, 0.01068115234375, -0.045654296875, 0.07470703125, -0.0390625, 0.169921875, -0.1826171875, 0.09423828125, 0.005615234375, -0.01507568359375, 0.0634765625, -0.1826171875] 8 0 1
 [0.1748046875, 0.01068115234375, -0.045654296875, 0.07470703125, -0.0390625, 0.169921875, -0.1826171875, 0.09423828125, 0.005615234375, -0.01507568359375, 0.0634765625, -0.1826171875] 8 0 1
 [0.1748046875, 0.01068115234375, -0.045654296875, 0.07470703125, -0.0390625, 0.169921875, -0.1826171875, 0.09423828125, 0.005615234375, -0.01507568359375, 0.0634765625, -0.1826171875] 8 0 1
 [0.1748046875, 0.01068115234375, -0.045654296875, 0.07470703125, -0.0390625, 0.169921875, -0.1826171875, 0.09423828125, 0.005615234375, -0.01507568359375, 0.0634765625, -0.1826171875] 8 0 1
 [0.1748046875, 0.01068115234375, -0.045654296875, 0.07470703125, -0.0390625, 0.169921875, -0.1826171875, 0.09423828125, 0.005615234375, -0.01507568359375, 0.0634765625, -0.1826171875] 8 0 1
 [0.1748046875, 0.01068115234375, -0.045654296875, 0.07470703125, -0.0390625, 0.169921875, -0.1826171875, 0.09423828125, 0.005615234375, -0.01507568359375, 0.0634765625, -0.1826171875] 8 0 1
 [0.1748046875, 0.01068115234375, -0.045654296875, 0.07470703125, -0.0390625, 0.169921875, -0.1826171875, 0.09423828125, 0.005615234375, -0.01507568359375, 0.0634765625, -0.1826171875] 8 0 1
 [0.1748046875, 0.01068115234375, -0.045654296875, 0.07470703125, -0.0390625, 0.169921875, -0.1826171875, 0.09423828125, 0.005615234375, -0.01507568359375, 0.0634765625, -0.1826171875] 10 0 1
 [0.1748046875, 0.01068115234375, -0.045654296875, 0.07470703125, -0.0390625, 0.169921875, -0.1826171875, 0.09423828125, 0.005615234375, -0.01507568359375, 0.0634765625, -0.1826171875] 10 0 1
 [0.1748046875, 0.01068115234375, -0.045654296875, 0.07470703125, -0.0390625, 0.169921875, -0.1826171875, 0.09423828125, 0.005615234375, -0.01507568359375, 0.0634765625, -0.1826171875] 10 0 1
 [0.1748046875, 0.01068115234375, -0.045654296875, 0.07470703125, -0.0390625, 0.169921875, -0.1826171875, 0.09423828125, 0.005615234375, -0.01507568359375, 0.0634765625, -0.1826171875] 10 0 1
 [0.1748046875, 0.01068115234375, -0.045654296875, 0.07470703125, -0.0390625, 0.169921875, -0.1826171875, 0.09423828125, 0.005615234375, -0.01507568359375, 0.0634765625, -0.1826171875] 10 0 1
 [0.1748046875, 0.01068115234375, -0.045654296875, 0.07470703125, -0.0390625, 0.169921875, -0.1826171875, 0.09423828125, 0.005615234375, -0.01507568359375, 0.0634765625, -0.1826171875] 10 0 1
 [0.1748046875, 0.01068115234375, -0.045654296875, 0.07470703125, -0.0390625, 0.169921875, -0.1826171875, 0.09423828125, 0.005615234375, -0.01507568359375, 0.0634765625, -0.1826171875] 10 0 1
 [0.1748046875, 0.01068115234375, -0.045654296875, 0.07470703125, -0.0390625, 0.169921875, -0.1826171875, 0.09423828125, 0.005615234375, -0.01507568359375, 0.0634765625, -0.1826171875] 10 0 1
 [0.1748046875, 0.01068115234375, -0.045654296875, 0.07470703125, -0.0390625, 0.169921875, -0.1826171875, 0.09423828125, 0.005615234375, -0.01507568359375, 0.0634765625, -0.1826171875] 10 0 1
 [0.1748046875, 0.01068115234375, -0.045654296875, 0.07470703125, -0.0390625, 0.169921875, -0.1826171875, 0.09423828125, 0.005615234375, -0.01507568359375, 0.0634765625, -0.1826171875] 10 0 1
 [0.1748046875, 0.01068115234375, -0.045654296875, 0.07470703125, -0.0390625, 0.169921875, -0.1826171875, 0.09423828125, 0.005615234375, -0.01507568359375, 0.0634765625, -0.1826171875] 10 0 1
 [0.1748046875, 0.01068115234375, -0.045654296875, 0.07470703125, -0.0390625, 0.169921875, -0.1826171875, 0.09423828125, 0.005615234375, -0.01507568359375, 0.0634765625, -0.1826171875] 10 0 1
 [0.1748046875, 0.01068115234375, -0.045654296875, 0.07470703125, -0.0390625, 0.169921875, -0.1826171875, 0.09423828125, 0.005615234375, -0.01507568359375, 0.0634765625, -0.1826171875] 10 0 1
 [0.1748046875, 0.01068115234375, -0.045654296875, 0.07470703125, -0.0390625, 0.169921875, -0.1826171875, 0.09423828125, 0.005615234375, -0.01507568359375, 0.0634765625, -0.1826171875] 10 0 1
 [0.1748046875, 0.01068115234375, -0.045654296875, 0.07470703125, -0.0390625, 0.169921875, -0.1826171875, 0.09423828125, 0.005615234375, -0.01507568359375, 0.0634765625, -0.1826171875] 10 0 1
 [0.1748046875, 0.01068115234375, -0.045654296875, 0.07470703125, -0.0390625, 0.169921875, -0.1826171875, 0.09423828125, 0.005615234375, -0.01507568359375, 0.0634765625, -0.1826171875] 10 0 1
 [0.1748046875, 0.01068115234375, -0.045654296875, 0.07470703125, -0.0390625, 0.169921875, -0.1826171875, 0.09423828125, 0.005615234375, -0.01507568359375, 0.0634765625, -0.1826171875] 10 0 1
 [0.1748046875, 0.01068115234375, -0.045654296875, 0.07470703125, -0.0390625, 0.169921875, -0.1826171875, 0.09423828125, 0.005615234375, -0.01507568359375, 0.0634765625, -0.1826171875] 10 0 1
 [0.1748046875, 0.01068115234375, -0.045654296875, 0.07470703125, -0.0390625, 0.169921875, -0.1826171875, 0.09423828125, 0.005615234375, -0.01507568359375, 0.0634765625, -0.1826171875] 10 0 1
 [0.1748046875, 0.01068115234375, -0.045654296875, 0.07470703125, -0.0390625, 0.169921875, -0.1826171875, 0.09423828125, 0.005615234375, -0.01507568359375, 0.0634765625, -0.1826171875] 10 0 1
 [0.1748046875, 0.01068115234375, -0.045654296875, 0.07470703125, -0.0390625, 0.169921875, -0.1826171875, 0.09423828125, 0.005615234375, -0.01507568359375, 0.0634765625, -0.1826171875] 10 0 1
 [0.1748046875, 0.01068115234375, -0.045654296875, 0.07470703125, -0.0390625, 0.169921875, -0.1826171875, 0.09423828125, 0.005615234375, -0.01507568359375, 0.0634765625, -0.1826171875] 10 0 1
 [0.1748046875, 0.01068115234375, -0.045654296875, 0.07470703125, -0.0390625, 0.169921875, -0.1826171875, 0.09423828125, 0.005615234375, -0.01507568359375, 0.0634765625, -0.1826171875] 10 0 1
 [0.1748046875, 0.01068115234375, -0.045654296875, 0.07470703125, -0.0390625, 0.169921875, -0.1826171875, 0.09423828125, 0.005615234375, -0.01507568359375, 0.0634765625, -0.1826171875] 10 0 1
 [0.1748046875, 0.01068115234375, -0.045654296875, 0.07470703125, -0.0390625, 0.169921875, -0.1826171875, 0.09423828125, 0.005615234375, -0.01507568359375, 0.0634765625, -0.1826171875] 10 0 1
 [0.1748046875, 0.01068115234375, -0.045654296875, 0.07470703125, -0.0390625, 0.169921875, -0.1826171875, 0.09423828125, 0.005615234375, -0.01507568359375, 0.0634765625, -0.1826171875] 10 0 1
 [0.1748046875, 0.01068115234375, -0.045654296875, 0.07470703125, -0.0390625, 0.169921875, -0.1826171875, 0.09423828125, 0.005615234375, -0.01507568359375, 0.0634765625, -0.1826171875] 10 0 1
 [0.1748046875, 0.01068115234375, -0.045654296875, 0.07470703125, -0.0390625, 0.169921875, -0.1826171875, 0.09423828125, 0.005615234375, -0.01507568359375, 0.0634765625, -0.1826171875] 10 0 1
 [0.1748046875, 0.01068115234375, -0.045654296875, 0.07470703125, -0.0390625, 0.169921875, -0.1826171875, 0.09423828125, 0.005615234375, -0.01507568359375, 0.0634765625, -0.1826171875] 10 0 1
 [0.1748046875, 0.01068115234375, -0.045654296875, 0.07470703125, -0.0390625, 0.169921875, -0.1826171875, 0.09423828125, 0.005615234375, -0.01507568359375, 0.0634765625, -0.1826171875] 10 0 1
 [0.1748046875, 0.01068115234375, -0.045654296875, 0.07470703125, -0.0390625, 0.169921875, -0.1826171875, 0.09423828125, 0.005615234375, -0.01507568359375, 0.0634765625, -0.1826171875] 10 0 1
 [0.1748046875, 0.01068115234375, -0.045654296875, 0.07470703125, -0.0390625, 0.169921875, -0.1826171875, 0.09423828125, 0.005615234375, -0.01507568359375, 0.0634765625, -0.1826171875] 10 0 1
 [0.1748046875, 0.01068115234375, -0.045654296875, 0.07470703125, -0.0390625, 0.169921875, -0.1826171875, 0.09423828125, 0.005615234375, -0.01507568359375, 0.0634765625, -0.1826171875] 10 0 1
 [0.1748046875, 0.01068115234375, -0.045654296875, 0.07470703125, -0.0390625, 0.169921875, -0.1826171875, 0.09423828125, 0.005615234375, -0.01507568359375, 0.0634765625, -0.1826171875] 10 0 1
 [0.1748046875, 0.01068115234375, -0.045654296875, 0.07470703125, -0.0390625, 0.169921875, -0.1826171875, 0.09423828125, 0.005615234375, -0.01507568359375, 0.0634765625, -0.1826171875] 11 0 1
 [0.1748046875, 0.01068115234375, -0.045654296875, 0.07470703125, -0.0390625, 0.169921875, -0.1826171875, 0.09423828125, 0.005615234375, -0.01507568359375, 0.0634765625, -0.1826171875] 11 0 1
 [0.1748046875, 0.01068115234375, -0.045654296875, 0.07470703125, -0.0390625, 0.169921875, -0.1826171875, 0.09423828125, 0.005615234375, -0.01507568359375, 0.0634765625, -0.1826171875] 11 0 1
 [0.1748046875, 0.01068115234375, -0.045654296875, 0.07470703125, -0.0390625, 0.169921875, -0.1826171875, 0.09423828125, 0.005615234375, -0.01507568359375, 0.0634765625, -0.1826171875] 11 0 1
 [0.1748046875, 0.01068115234375, -0.045654296875, 0.07470703125, -0.0390625, 0.169921875, -0.1826171875, 0.09423828125, 0.005615234375, -0.01507568359375, 0.0634765625, -0.1826171875] 11 0 1
 [0.1748046875, 0.01068115234375, -0.045654296875, 0.07470703125, -0.0390625, 0.169921875, -0.1826171875, 0.09423828125, 0.005615234375, -0.01507568359375, 0.0634765625, -0.1826171875] 11 0 1
 [0.1748046875, 0.01068115234375, -0.045654296875, 0.07470703125, -0.0390625, 0.169921875, -0.1826171875, 0.09423828125, 0.005615234375, -0.01507568359375, 0.0634765625, -0.1826171875] 11 0 1
 [0.1748046875, 0.01068115234375, -0.045654296875, 0.07470703125, -0.0390625, 0.169921875, -0.1826171875, 0.09423828125, 0.005615234375, -0.01507568359375, 0.0634765625, -0.1826171875] 11 0 1
 [0.1748046875, 0.01068115234375, -0.045654296875, 0.07470703125, -0.0390625, 0.169921875, -0.1826171875, 0.09423828125, 0.005615234375, -0.01507568359375, 0.0634765625, -0.1826171875] 11 0 1
 [0.1748046875, 0.01068115234375, -0.045654296875, 0.07470703125, -0.0390625, 0.169921875, -0.1826171875, 0.09423828125, 0.005615234375, -0.01507568359375, 0.0634765625, -0.1826171875] 11 0 1
 [0.1748046875, 0.01068115234375, -0.045654296875, 0.07470703125, -0.0390625, 0.169921875, -0.1826171875, 0.09423828125, 0.005615234375, -0.01507568359375, 0.0634765625, -0.1826171875] 11 0 1
 [0.1748046875, 0.01068115234375, -0.045654296875, 0.07470703125, -0.0390625, 0.169921875, -0.1826171875, 0.09423828125, 0.005615234375, -0.01507568359375, 0.0634765625, -0.1826171875] 11 0 1
 [0.1748046875, 0.01068115234375, -0.045654296875, 0.07470703125, -0.0390625, 0.169921875, -0.1826171875, 0.09423828125, 0.005615234375, -0.01507568359375, 0.0634765625, -0.1826171875] 11 0 1
 [0.1748046875, 0.01068115234375, -0.045654296875, 0.07470703125, -0.0390625, 0.169921875, -0.1826171875, 0.09423828125, 0.005615234375, -0.01507568359375, 0.0634765625, -0.1826171875] 11 0 1
 [0.1748046875, 0.01068115234375, -0.045654296875, 0.07470703125, -0.0390625, 0.169921875, -0.1826171875, 0.09423828125, 0.005615234375, -0.01507568359375, 0.0634765625, -0.1826171875] 11 0 1
 [0.1748046875, 0.01068115234375, -0.045654296875, 0.07470703125, -0.0390625, 0.169921875, -0.1826171875, 0.09423828125, 0.005615234375, -0.01507568359375, 0.0634765625, -0.1826171875] 11 0 1
 [0.1748046875, 0.01068115234375, -0.045654296875, 0.07470703125, -0.0390625, 0.169921875, -0.1826171875, 0.09423828125, 0.005615234375, -0.01507568359375, 0.0634765625, -0.1826171875] 11 0 1
 [0.1748046875, 0.01068115234375, -0.045654296875, 0.07470703125, -0.0390625, 0.169921875, -0.1826171875, 0.09423828125, 0.005615234375, -0.01507568359375, 0.0634765625, -0.1826171875] 11 0 1
 [0.1748046875, 0.01068115234375, -0.045654296875, 0.07470703125, -0.0390625, 0.169921875, -0.1826171875, 0.09423828125, 0.005615234375, -0.01507568359375, 0.0634765625, -0.1826171875] 11 0 1
 [0.1748046875, 0.01068115234375, -0.045654296875, 0.07470703125, -0.0390625, 0.169921875, -0.1826171875, 0.09423828125, 0.005615234375, -0.01507568359375, 0.0634765625, -0.1826171875] 11 0 1
 [0.1748046875, 0.01068115234375, -0.045654296875, 0.07470703125, -0.0390625, 0.169921875, -0.1826171875, 0.09423828125, 0.005615234375, -0.01507568359375, 0.0634765625, -0.1826171875] 11 0 1
 [0.1748046875, 0.01068115234375, -0.045654296875, 0.07470703125, -0.0390625, 0.169921875, -0.1826171875, 0.09423828125, 0.005615234375, -0.01507568359375, 0.0634765625, -0.1826171875] 11 0 1
 [0.1748046875, 0.01068115234375, -0.045654296875, 0.07470703125, -0.0390625, 0.169921875, -0.1826171875, 0.09423828125, 0.005615234375, -0.01507568359375, 0.0634765625, -0.1826171875] 11 0 1
 [0.1748046875, 0.01068115234375, -0.045654296875, 0.07470703125, -0.0390625, 0.169921875, -0.1826171875, 0.09423828125, 0.005615234375, -0.01507568359375, 0.0634765625, -0.1826171875] 11 0 1
 [0.1748046875, 0.01068115234375, -0.045654296875, 0.07470703125, -0.0390625, 0.169921875, -0.1826171875, 0.09423828125, 0.005615234375, -0.01507568359375, 0.0634765625, -0.1826171875] 11 0 1
 [0.1748046875, 0.01068115234375, -0.045654296875, 0.07470703125, -0.0390625, 0.169921875, -0.1826171875, 0.09423828125, 0.005615234375, -0.01507568359375, 0.0634765625, -0.1826171875] 11 0 1
 [0.1748046875, 0.01068115234375, -0.045654296875, 0.07470703125, -0.0390625, 0.169921875, -0.1826171875, 0.09423828125, 0.005615234375, -0.01507568359375, 0.0634765625, -0.1826171875] 11 0 1
 [0.1748046875, 0.01068115234375, -0.045654296875, 0.07470703125, -0.0390625, 0.169921875, -0.1826171875, 0.09423828125, 0.005615234375, -0.01507568359375, 0.0634765625, -0.1826171875] 11 0 1
 [0.1748046875, 0.01068115234375, -0.045654296875, 0.07470703125, -0.0390625, 0.169921875, -0.1826171875, 0.09423828125, 0.005615234375, -0.01507568359375, 0.0634765625, -0.1826171875] 11 0 1
 [0.1748046875, 0.01068115234375, -0.045654296875, 0.07470703125, -0.0390625, 0.169921875, -0.1826171875, 0.09423828125, 0.005615234375, -0.01507568359375, 0.0634765625, -0.1826171875] 11 0 1
 [0.1748046875, 0.01068115234375, -0.045654296875, 0.07470703125, -0.0390625, 0.169921875, -0.1826171875, 0.09423828125, 0.005615234375, -0.01507568359375, 0.0634765625, -0.1826171875] 11 0 1
 [0.1748046875, 0.01068115234375, -0.045654296875, 0.07470703125, -0.0390625, 0.169921875, -0.1826171875, 0.09423828125, 0.005615234375, -0.01507568359375, 0.0634765625, -0.1826171875] 11 0 1
 [0.1748046875, 0.01068115234375, -0.045654296875, 0.07470703125, -0.0390625, 0.169921875, -0.1826171875, 0.09423828125, 0.005615234375, -0.01507568359375, 0.0634765625, -0.1826171875] 10 0 1
 [0.1748046875, 0.01068115234375, -0.045654296875, 0.07470703125, -0.0390625, 0.169921875, -0.1826171875, 0.09423828125, 0.005615234375, -0.01507568359375, 0.0634765625, -0.1826171875] 0 0 2
 [0.1748046875, 0.01068115234375, -0.045654296875, 0.07470703125, -0.0390625, 0.169921875, -0.1826171875, 0.09423828125, 0.005615234375, -0.01507568359375, 0.0634765625, -0.1826171875] 0 0 2
 [0.1748046875, 0.01068115234375, -0.045654296875, 0.07470703125, -0.0390625, 0.169921875, -0.1826171875, 0.09423828125, 0.005615234375, -0.01507568359375, 0.0634765625, -0.1826171875] 0 0 2
 [0.1748046875, 0.01068115234375, -0.045654296875, 0.07470703125, -0.0390625, 0.169921875, -0.1826171875, 0.09423828125, 0.005615234375, -0.01507568359375, 0.0634765625, -0.1826171875] 0 0 2
 [0.1748046875, 0.01068115234375, -0.045654296875, 0.07470703125, -0.0390625, 0.169921875, -0.1826171875, 0.09423828125, 0.005615234375, -0.01507568359375, 0.0634765625, -0.1826171875] 0 0 2
 [0.1748046875, 0.01068115234375, -0.045654296875, 0.07470703125, -0.0390625, 0.169921875, -0.1826171875, 0.09423828125, 0.005615234375, -0.01507568359375, 0.0634765625, -0.1826171875] 0 0 2
 [0.1748046875, 0.01068115234375, -0.045654296875, 0.07470703125, -0.0390625, 0.169921875, -0.1826171875, 0.09423828125, 0.005615234375, -0.01507568359375, 0.0634765625, -0.1826171875] 0 0 2
 [0.1748046875, 0.01068115234375, -0.045654296875, 0.07470703125, -0.0390625, 0.169921875, -0.1826171875, 0.09423828125, 0.005615234375, -0.01507568359375, 0.0634765625, -0.1826171875] 0 0 2
 [0.1748046875, 0.01068115234375, -0.045654296875, 0.07470703125, -0.0390625, 0.169921875, -0.1826171875, 0.09423828125, 0.005615234375, -0.01507568359375, 0.0634765625, -0.1826171875] 0 0 2
 [0.1748046875, 0.01068115234375, -0.045654296875, 0.07470703125, -0.0390625, 0.169921875, -0.1826171875, 0.09423828125, 0.005615234375, -0.01507568359375, 0.0634765625, -0.1826171875] 0 0 2
 [0.1748046875, 0.01068115234375, -0.045654296875, 0.07470703125, -0.0390625, 0.169921875, -0.1826171875, 0.09423828125, 0.005615234375, -0.01507568359375, 0.0634765625, -0.1826171875] 0 0 2
 [0.1748046875, 0.01068115234375, -0.045654296875, 0.07470703125, -0.0390625, 0.169921875, -0.1826171875, 0.09423828125, 0.005615234375, -0.01507568359375, 0.0634765625, -0.1826171875] 0 0 2
 [0.1748046875, 0.01068115234375, -0.045654296875, 0.07470703125, -0.0390625, 0.169921875, -0.1826171875, 0.09423828125, 0.005615234375, -0.01507568359375, 0.0634765625, -0.1826171875] 0 0 2
 [0.1748046875, 0.01068115234375, -0.045654296875, 0.07470703125, -0.0390625, 0.169921875, -0.1826171875, 0.09423828125, 0.005615234375, -0.01507568359375, 0.0634765625, -0.1826171875] 0 0 2
 [0.1748046875, 0.01068115234375, -0.045654296875, 0.07470703125, -0.0390625, 0.169921875, -0.1826171875, 0.09423828125, 0.005615234375, -0.01507568359375, 0.0634765625, -0.1826171875] 0 0 2
 [0.1748046875, 0.01068115234375, -0.045654296875, 0.07470703125, -0.0390625, 0.169921875, -0.1826171875, 0.09423828125, 0.005615234375, -0.01507568359375, 0.0634765625, -0.1826171875] 0 0 2
 [0.1748046875, 0.01068115234375, -0.045654296875, 0.07470703125, -0.0390625, 0.169921875, -0.1826171875, 0.09423828125, 0.005615234375, -0.01507568359375, 0.0634765625, -0.1826171875] 0 0 2
 [0.1748046875, 0.01068115234375, -0.045654296875, 0.07470703125, -0.0390625, 0.169921875, -0.1826171875, 0.09423828125, 0.005615234375, -0.01507568359375, 0.0634765625, -0.1826171875] 0 0 2
 [0.1748046875, 0.01068115234375, -0.045654296875, 0.07470703125, -0.0390625, 0.169921875, -0.1826171875, 0.09423828125, 0.005615234375, -0.01507568359375, 0.0634765625, -0.1826171875] 0 0 2
 [0.1748046875, 0.01068115234375, -0.045654296875, 0.07470703125, -0.0390625, 0.169921875, -0.1826171875, 0.09423828125, 0.005615234375, -0.01507568359375, 0.0634765625, -0.1826171875] 0 0 2
 [0.1748046875, 0.01068115234375, -0.045654296875, 0.07470703125, -0.0390625, 0.169921875, -0.1826171875, 0.09423828125, 0.005615234375, -0.01507568359375, 0.0634765625, -0.1826171875] 0 0 2
 [0.1748046875, 0.01068115234375, -0.045654296875, 0.07470703125, -0.0390625, 0.169921875, -0.1826171875, 0.09423828125, 0.005615234375, -0.01507568359375, 0.0634765625, -0.1826171875] 0 0 2
 [0.1748046875, 0.01068115234375, -0.045654296875, 0.07470703125, -0.0390625, 0.169921875, -0.1826171875, 0.09423828125, 0.005615234375, -0.01507568359375, 0.0634765625, -0.1826171875] 0 0 2
 [0.1748046875, 0.01068115234375, -0.045654296875, 0.07470703125, -0.0390625, 0.169921875, -0.1826171875, 0.09423828125, 0.005615234375, -0.01507568359375, 0.0634765625, -0.1826171875] 0 0 2
 [0.1748046875, 0.01068115234375, -0.045654296875, 0.07470703125, -0.0390625, 0.169921875, -0.1826171875, 0.09423828125, 0.005615234375, -0.01507568359375, 0.0634765625, -0.1826171875] 0 0 2
 [0.1748046875, 0.01068115234375, -0.045654296875, 0.07470703125, -0.0390625, 0.169921875, -0.1826171875, 0.09423828125, 0.005615234375, -0.01507568359375, 0.0634765625, -0.1826171875] 0 0 2
 [0.1748046875, 0.01068115234375, -0.045654296875, 0.07470703125, -0.0390625, 0.169921875, -0.1826171875, 0.09423828125, 0.005615234375, -0.01507568359375, 0.0634765625, -0.1826171875] 0 0 2
 [0.1748046875, 0.01068115234375, -0.045654296875, 0.07470703125, -0.0390625, 0.169921875, -0.1826171875, 0.09423828125, 0.005615234375, -0.01507568359375, 0.0634765625, -0.1826171875] 0 0 2
 [0.1748046875, 0.01068115234375, -0.045654296875, 0.07470703125, -0.0390625, 0.169921875, -0.1826171875, 0.09423828125, 0.005615234375, -0.01507568359375, 0.0634765625, -0.1826171875] 0 0 2
 [0.1748046875, 0.01068115234375, -0.045654296875, 0.07470703125, -0.0390625, 0.169921875, -0.1826171875, 0.09423828125, 0.005615234375, -0.01507568359375, 0.0634765625, -0.1826171875] 0 0 2
 [0.1748046875, 0.01068115234375, -0.045654296875, 0.07470703125, -0.0390625, 0.169921875, -0.1826171875, 0.09423828125, 0.005615234375, -0.01507568359375, 0.0634765625, -0.1826171875] 0 0 2
 [0.1748046875, 0.01068115234375, -0.045654296875, 0.07470703125, -0.0390625, 0.169921875, -0.1826171875, 0.09423828125, 0.005615234375, -0.01507568359375, 0.0634765625, -0.1826171875] 0 0 2
 [0.1748046875, 0.01068115234375, -0.045654296875, 0.07470703125, -0.0390625, 0.169921875, -0.1826171875, 0.09423828125, 0.005615234375, -0.01507568359375, 0.0634765625, -0.1826171875] 0 0 2
 [0.1748046875, 0.01068115234375, -0.045654296875, 0.07470703125, -0.0390625, 0.169921875, -0.1826171875, 0.09423828125, 0.005615234375, -0.01507568359375, 0.0634765625, -0.1826171875] 1 0 2
 [0.1748046875, 0.01068115234375, -0.045654296875, 0.07470703125, -0.0390625, 0.169921875, -0.1826171875, 0.09423828125, 0.005615234375, -0.01507568359375, 0.0634765625, -0.1826171875] 1 0 2
 [0.1748046875, 0.01068115234375, -0.045654296875, 0.07470703125, -0.0390625, 0.169921875, -0.1826171875, 0.09423828125, 0.005615234375, -0.01507568359375, 0.0634765625, -0.1826171875] 1 0 2
 [0.1748046875, 0.01068115234375, -0.045654296875, 0.07470703125, -0.0390625, 0.169921875, -0.1826171875, 0.09423828125, 0.005615234375, -0.01507568359375, 0.0634765625, -0.1826171875] 1 0 2
 [0.1748046875, 0.01068115234375, -0.045654296875, 0.07470703125, -0.0390625, 0.169921875, -0.1826171875, 0.09423828125, 0.005615234375, -0.01507568359375, 0.0634765625, -0.1826171875] 1 0 2
 [0.1748046875, 0.01068115234375, -0.045654296875, 0.07470703125, -0.0390625, 0.169921875, -0.1826171875, 0.09423828125, 0.005615234375, -0.01507568359375, 0.0634765625, -0.1826171875] 1 0 2
 [0.1748046875, 0.01068115234375, -0.045654296875, 0.07470703125, -0.0390625, 0.169921875, -0.1826171875, 0.09423828125, 0.005615234375, -0.01507568359375, 0.0634765625, -0.1826171875] 1 0 2
 [0.1748046875, 0.01068115234375, -0.045654296875, 0.07470703125, -0.0390625, 0.169921875, -0.1826171875, 0.09423828125, 0.005615234375, -0.01507568359375, 0.0634765625, -0.1826171875] 1 0 2
 [0.1748046875, 0.01068115234375, -0.045654296875, 0.07470703125, -0.0390625, 0.169921875, -0.1826171875, 0.09423828125, 0.005615234375, -0.01507568359375, 0.0634765625, -0.1826171875] 1 0 2
 [0.1748046875, 0.01068115234375, -0.045654296875, 0.07470703125, -0.0390625, 0.169921875, -0.1826171875, 0.09423828125, 0.005615234375, -0.01507568359375, 0.0634765625, -0.1826171875] 1 0 2
 [0.1748046875, 0.01068115234375, -0.045654296875, 0.07470703125, -0.0390625, 0.169921875, -0.1826171875, 0.09423828125, 0.005615234375, -0.01507568359375, 0.0634765625, -0.1826171875] 1 0 2
 [0.1748046875, 0.01068115234375, -0.045654296875, 0.07470703125, -0.0390625, 0.169921875, -0.1826171875, 0.09423828125, 0.005615234375, -0.01507568359375, 0.0634765625, -0.1826171875] 1 0 2
 [0.1748046875, 0.01068115234375, -0.045654296875, 0.07470703125, -0.0390625, 0.169921875, -0.1826171875, 0.09423828125, 0.005615234375, -0.01507568359375, 0.0634765625, -0.1826171875] 1 0 2
 [0.1748046875, 0.01068115234375, -0.045654296875, 0.07470703125, -0.0390625, 0.169921875, -0.1826171875, 0.09423828125, 0.005615234375, -0.01507568359375, 0.0634765625, -0.1826171875] 1 0 2
 [0.1748046875, 0.01068115234375, -0.045654296875, 0.07470703125, -0.0390625, 0.169921875, -0.1826171875, 0.09423828125, 0.005615234375, -0.01507568359375, 0.0634765625, -0.1826171875] 1 0 2
 [0.1748046875, 0.01068115234375, -0.045654296875, 0.07470703125, -0.0390625, 0.169921875, -0.1826171875, 0.09423828125, 0.005615234375, -0.01507568359375, 0.0634765625, -0.1826171875] 1 0 2
 [0.1748046875, 0.01068115234375, -0.045654296875, 0.07470703125, -0.0390625, 0.169921875, -0.1826171875, 0.09423828125, 0.005615234375, -0.01507568359375, 0.0634765625, -0.1826171875] 1 0 2
 [0.1748046875, 0.01068115234375, -0.045654296875, 0.07470703125, -0.0390625, 0.169921875, -0.1826171875, 0.09423828125, 0.005615234375, -0.01507568359375, 0.0634765625, -0.1826171875] 1 0 2
 [0.1748046875, 0.01068115234375, -0.045654296875, 0.07470703125, -0.0390625, 0.169921875, -0.1826171875, 0.09423828125, 0.005615234375, -0.01507568359375, 0.0634765625, -0.1826171875] 1 0 2
 [0.1748046875, 0.01068115234375, -0.045654296875, 0.07470703125, -0.0390625, 0.169921875, -0.1826171875, 0.09423828125, 0.005615234375, -0.01507568359375, 0.0634765625, -0.1826171875] 1 0 2
 [0.1748046875, 0.01068115234375, -0.045654296875, 0.07470703125, -0.0390625, 0.169921875, -0.1826171875, 0.09423828125, 0.005615234375, -0.01507568359375, 0.0634765625, -0.1826171875] 1 0 2
 [0.1748046875, 0.01068115234375, -0.045654296875, 0.07470703125, -0.0390625, 0.169921875, -0.1826171875, 0.09423828125, 0.005615234375, -0.01507568359375, 0.0634765625, -0.1826171875] 1 0 2
 [0.1748046875, 0.01068115234375, -0.045654296875, 0.07470703125, -0.0390625, 0.169921875, -0.1826171875, 0.09423828125, 0.005615234375, -0.01507568359375, 0.0634765625, -0.1826171875] 1 0 2
 [0.1748046875, 0.01068115234375, -0.045654296875, 0.07470703125, -0.0390625, 0.169921875, -0.1826171875, 0.09423828125, 0.005615234375, -0.01507568359375, 0.0634765625, -0.1826171875] 1 0 2
 [0.1748046875, 0.01068115234375, -0.045654296875, 0.07470703125, -0.0390625, 0.169921875, -0.1826171875, 0.09423828125, 0.005615234375, -0.01507568359375, 0.0634765625, -0.1826171875] 1 0 2
 [0.1748046875, 0.01068115234375, -0.045654296875, 0.07470703125, -0.0390625, 0.169921875, -0.1826171875, 0.09423828125, 0.005615234375, -0.01507568359375, 0.0634765625, -0.1826171875] 1 0 2
 [0.1748046875, 0.01068115234375, -0.045654296875, 0.07470703125, -0.0390625, 0.169921875, -0.1826171875, 0.09423828125, 0.005615234375, -0.01507568359375, 0.0634765625, -0.1826171875] 1 0 2
 [0.1748046875, 0.01068115234375, -0.045654296875, 0.07470703125, -0.0390625, 0.169921875, -0.1826171875, 0.09423828125, 0.005615234375, -0.01507568359375, 0.0634765625, -0.1826171875] 1 0 2
 [0.1748046875, 0.01068115234375, -0.045654296875, 0.07470703125, -0.0390625, 0.169921875, -0.1826171875, 0.09423828125, 0.005615234375, -0.01507568359375, 0.0634765625, -0.1826171875] 1 0 2
 [0.1748046875, 0.01068115234375, -0.045654296875, 0.07470703125, -0.0390625, 0.169921875, -0.1826171875, 0.09423828125, 0.005615234375, -0.01507568359375, 0.0634765625, -0.1826171875] 1 0 2
 [0.1748046875, 0.01068115234375, -0.045654296875, 0.07470703125, -0.0390625, 0.169921875, -0.1826171875, 0.09423828125, 0.005615234375, -0.01507568359375, 0.0634765625, -0.1826171875] 1 0 2
 [0.1748046875, 0.01068115234375, -0.045654296875, 0.07470703125, -0.0390625, 0.169921875, -0.1826171875, 0.09423828125, 0.005615234375, -0.01507568359375, 0.0634765625, -0.1826171875] 1 0 2
 [0.1748046875, 0.01068115234375, -0.045654296875, 0.07470703125, -0.0390625, 0.169921875, -0.1826171875, 0.09423828125, 0.005615234375, -0.01507568359375, 0.0634765625, -0.1826171875] 1 0 2
 [0.1748046875, 0.01068115234375, -0.045654296875, 0.07470703125, -0.0390625, 0.169921875, -0.1826171875, 0.09423828125, 0.005615234375, -0.01507568359375, 0.0634765625, -0.1826171875] 1 0 2
 [0.1748046875, 0.01068115234375, -0.045654296875, 0.07470703125, -0.0390625, 0.169921875, -0.1826171875, 0.09423828125, 0.005615234375, -0.01507568359375, 0.0634765625, -0.1826171875] 2 0 2
 [0.1748046875, 0.01068115234375, -0.045654296875, 0.07470703125, -0.0390625, 0.169921875, -0.1826171875, 0.09423828125, 0.005615234375, -0.01507568359375, 0.0634765625, -0.1826171875] 2 0 2
 [0.1748046875, 0.01068115234375, -0.045654296875, 0.07470703125, -0.0390625, 0.169921875, -0.1826171875, 0.09423828125, 0.005615234375, -0.01507568359375, 0.0634765625, -0.1826171875] 2 0 2
 [0.1748046875, 0.01068115234375, -0.045654296875, 0.07470703125, -0.0390625, 0.169921875, -0.1826171875, 0.09423828125, 0.005615234375, -0.01507568359375, 0.0634765625, -0.1826171875] 2 0 2
 [0.1748046875, 0.01068115234375, -0.045654296875, 0.07470703125, -0.0390625, 0.169921875, -0.1826171875, 0.09423828125, 0.005615234375, -0.01507568359375, 0.0634765625, -0.1826171875] 2 0 2
 [0.1748046875, 0.01068115234375, -0.045654296875, 0.07470703125, -0.0390625, 0.169921875, -0.1826171875, 0.09423828125, 0.005615234375, -0.01507568359375, 0.0634765625, -0.1826171875] 2 0 2
 [0.1748046875, 0.01068115234375, -0.045654296875, 0.07470703125, -0.0390625, 0.169921875, -0.1826171875, 0.09423828125, 0.005615234375, -0.01507568359375, 0.0634765625, -0.1826171875] 2 0 2
 [0.1748046875, 0.01068115234375, -0.045654296875, 0.07470703125, -0.0390625, 0.169921875, -0.1826171875, 0.09423828125, 0.005615234375, -0.01507568359375, 0.0634765625, -0.1826171875] 2 0 2
 [0.1748046875, 0.01068115234375, -0.045654296875, 0.07470703125, -0.0390625, 0.169921875, -0.1826171875, 0.09423828125, 0.005615234375, -0.01507568359375, 0.0634765625, -0.1826171875] 2 0 2
 [0.1748046875, 0.01068115234375, -0.045654296875, 0.07470703125, -0.0390625, 0.169921875, -0.1826171875, 0.09423828125, 0.005615234375, -0.01507568359375, 0.0634765625, -0.1826171875] 2 0 2
 [0.1748046875, 0.01068115234375, -0.045654296875, 0.07470703125, -0.0390625, 0.169921875, -0.1826171875, 0.09423828125, 0.005615234375, -0.01507568359375, 0.0634765625, -0.1826171875] 2 0 2
 [0.1748046875, 0.01068115234375, -0.045654296875, 0.07470703125, -0.0390625, 0.169921875, -0.1826171875, 0.09423828125, 0.005615234375, -0.01507568359375, 0.0634765625, -0.1826171875] 2 0 2
 [0.1748046875, 0.01068115234375, -0.045654296875, 0.07470703125, -0.0390625, 0.169921875, -0.1826171875, 0.09423828125, 0.005615234375, -0.01507568359375, 0.0634765625, -0.1826171875] 2 0 2
 [0.1748046875, 0.01068115234375, -0.045654296875, 0.07470703125, -0.0390625, 0.169921875, -0.1826171875, 0.09423828125, 0.005615234375, -0.01507568359375, 0.0634765625, -0.1826171875] 2 0 2
 [0.1748046875, 0.01068115234375, -0.045654296875, 0.07470703125, -0.0390625, 0.169921875, -0.1826171875, 0.09423828125, 0.005615234375, -0.01507568359375, 0.0634765625, -0.1826171875] 2 0 2
 [0.1748046875, 0.01068115234375, -0.045654296875, 0.07470703125, -0.0390625, 0.169921875, -0.1826171875, 0.09423828125, 0.005615234375, -0.01507568359375, 0.0634765625, -0.1826171875] 2 0 2
 [0.1748046875, 0.01068115234375, -0.045654296875, 0.07470703125, -0.0390625, 0.169921875, -0.1826171875, 0.09423828125, 0.005615234375, -0.01507568359375, 0.0634765625, -0.1826171875] 2 0 2
 [0.1748046875, 0.01068115234375, -0.045654296875, 0.07470703125, -0.0390625, 0.169921875, -0.1826171875, 0.09423828125, 0.005615234375, -0.01507568359375, 0.0634765625, -0.1826171875] 2 0 2
 [0.1748046875, 0.01068115234375, -0.045654296875, 0.07470703125, -0.0390625, 0.169921875, -0.1826171875, 0.09423828125, 0.005615234375, -0.01507568359375, 0.0634765625, -0.1826171875] 2 0 2
 [0.1748046875, 0.01068115234375, -0.045654296875, 0.07470703125, -0.0390625, 0.169921875, -0.1826171875, 0.09423828125, 0.005615234375, -0.01507568359375, 0.0634765625, -0.1826171875] 2 0 2
 [0.1748046875, 0.01068115234375, -0.045654296875, 0.07470703125, -0.0390625, 0.169921875, -0.1826171875, 0.09423828125, 0.005615234375, -0.01507568359375, 0.0634765625, -0.1826171875] 2 0 2
 [0.1748046875, 0.01068115234375, -0.045654296875, 0.07470703125, -0.0390625, 0.169921875, -0.1826171875, 0.09423828125, 0.005615234375, -0.01507568359375, 0.0634765625, -0.1826171875] 2 0 2
 [0.1748046875, 0.01068115234375, -0.045654296875, 0.07470703125, -0.0390625, 0.169921875, -0.1826171875, 0.09423828125, 0.005615234375, -0.01507568359375, 0.0634765625, -0.1826171875] 2 0 2
 [0.1748046875, 0.01068115234375, -0.045654296875, 0.07470703125, -0.0390625, 0.169921875, -0.1826171875, 0.09423828125, 0.005615234375, -0.01507568359375, 0.0634765625, -0.1826171875] 2 0 2
 [0.1748046875, 0.01068115234375, -0.045654296875, 0.07470703125, -0.0390625, 0.169921875, -0.1826171875, 0.09423828125, 0.005615234375, -0.01507568359375, 0.0634765625, -0.1826171875] 2 0 2
 [0.1748046875, 0.01068115234375, -0.045654296875, 0.07470703125, -0.0390625, 0.169921875, -0.1826171875, 0.09423828125, 0.005615234375, -0.01507568359375, 0.0634765625, -0.1826171875] 2 0 2
 [0.1748046875, 0.01068115234375, -0.045654296875, 0.07470703125, -0.0390625, 0.169921875, -0.1826171875, 0.09423828125, 0.005615234375, -0.01507568359375, 0.0634765625, -0.1826171875] 2 0 2
 [0.1748046875, 0.01068115234375, -0.045654296875, 0.07470703125, -0.0390625, 0.169921875, -0.1826171875, 0.09423828125, 0.005615234375, -0.01507568359375, 0.0634765625, -0.1826171875] 2 0 2
 [0.1748046875, 0.01068115234375, -0.045654296875, 0.07470703125, -0.0390625, 0.169921875, -0.1826171875, 0.09423828125, 0.005615234375, -0.01507568359375, 0.0634765625, -0.1826171875] 2 0 2
 [0.1748046875, 0.01068115234375, -0.045654296875, 0.07470703125, -0.0390625, 0.169921875, -0.1826171875, 0.09423828125, 0.005615234375, -0.01507568359375, 0.0634765625, -0.1826171875] 2 0 2
 [0.1748046875, 0.01068115234375, -0.045654296875, 0.07470703125, -0.0390625, 0.169921875, -0.1826171875, 0.09423828125, 0.005615234375, -0.01507568359375, 0.0634765625, -0.1826171875] 2 0 2
 [0.1748046875, 0.01068115234375, -0.045654296875, 0.07470703125, -0.0390625, 0.169921875, -0.1826171875, 0.09423828125, 0.005615234375, -0.01507568359375, 0.0634765625, -0.1826171875] 3 0 2
 [0.1748046875, 0.01068115234375, -0.045654296875, 0.07470703125, -0.0390625, 0.169921875, -0.1826171875, 0.09423828125, 0.005615234375, -0.01507568359375, 0.0634765625, -0.1826171875] 3 0 2
 [0.1748046875, 0.01068115234375, -0.045654296875, 0.07470703125, -0.0390625, 0.169921875, -0.1826171875, 0.09423828125, 0.005615234375, -0.01507568359375, 0.0634765625, -0.1826171875] 3 0 2
 [0.1748046875, 0.01068115234375, -0.045654296875, 0.07470703125, -0.0390625, 0.169921875, -0.1826171875, 0.09423828125, 0.005615234375, -0.01507568359375, 0.0634765625, -0.1826171875] 3 0 2
 [0.1748046875, 0.01068115234375, -0.045654296875, 0.07470703125, -0.0390625, 0.169921875, -0.1826171875, 0.09423828125, 0.005615234375, -0.01507568359375, 0.0634765625, -0.1826171875] 3 0 2
 [0.1748046875, 0.01068115234375, -0.045654296875, 0.07470703125, -0.0390625, 0.169921875, -0.1826171875, 0.09423828125, 0.005615234375, -0.01507568359375, 0.0634765625, -0.1826171875] 3 0 2
 [0.1748046875, 0.01068115234375, -0.045654296875, 0.07470703125, -0.0390625, 0.169921875, -0.1826171875, 0.09423828125, 0.005615234375, -0.01507568359375, 0.0634765625, -0.1826171875] 3 0 2
 [0.1748046875, 0.01068115234375, -0.045654296875, 0.07470703125, -0.0390625, 0.169921875, -0.1826171875, 0.09423828125, 0.005615234375, -0.01507568359375, 0.0634765625, -0.1826171875] 3 0 2
 [0.1748046875, 0.01068115234375, -0.045654296875, 0.07470703125, -0.0390625, 0.169921875, -0.1826171875, 0.09423828125, 0.005615234375, -0.01507568359375, 0.0634765625, -0.1826171875] 3 0 2
 [0.1748046875, 0.01068115234375, -0.045654296875, 0.07470703125, -0.0390625, 0.169921875, -0.1826171875, 0.09423828125, 0.005615234375, -0.01507568359375, 0.0634765625, -0.1826171875] 3 0 2
 [0.1748046875, 0.01068115234375, -0.045654296875, 0.07470703125, -0.0390625, 0.169921875, -0.1826171875, 0.09423828125, 0.005615234375, -0.01507568359375, 0.0634765625, -0.1826171875] 3 0 2
 [0.1748046875, 0.01068115234375, -0.045654296875, 0.07470703125, -0.0390625, 0.169921875, -0.1826171875, 0.09423828125, 0.005615234375, -0.01507568359375, 0.0634765625, -0.1826171875] 3 0 2
 [0.1748046875, 0.01068115234375, -0.045654296875, 0.07470703125, -0.0390625, 0.169921875, -0.1826171875, 0.09423828125, 0.005615234375, -0.01507568359375, 0.0634765625, -0.1826171875] 3 0 2
 [0.1748046875, 0.01068115234375, -0.045654296875, 0.07470703125, -0.0390625, 0.169921875, -0.1826171875, 0.09423828125, 0.005615234375, -0.01507568359375, 0.0634765625, -0.1826171875] 3 0 2
 [0.1748046875, 0.01068115234375, -0.045654296875, 0.07470703125, -0.0390625, 0.169921875, -0.1826171875, 0.09423828125, 0.005615234375, -0.01507568359375, 0.0634765625, -0.1826171875] 3 0 2
 [0.1748046875, 0.01068115234375, -0.045654296875, 0.07470703125, -0.0390625, 0.169921875, -0.1826171875, 0.09423828125, 0.005615234375, -0.01507568359375, 0.0634765625, -0.1826171875] 3 0 2
 [0.1748046875, 0.01068115234375, -0.045654296875, 0.07470703125, -0.0390625, 0.169921875, -0.1826171875, 0.09423828125, 0.005615234375, -0.01507568359375, 0.0634765625, -0.1826171875] 3 0 2
 [0.1748046875, 0.01068115234375, -0.045654296875, 0.07470703125, -0.0390625, 0.169921875, -0.1826171875, 0.09423828125, 0.005615234375, -0.01507568359375, 0.0634765625, -0.1826171875] 3 0 2
 [0.1748046875, 0.01068115234375, -0.045654296875, 0.07470703125, -0.0390625, 0.169921875, -0.1826171875, 0.09423828125, 0.005615234375, -0.01507568359375, 0.0634765625, -0.1826171875] 3 0 2
 [0.1748046875, 0.01068115234375, -0.045654296875, 0.07470703125, -0.0390625, 0.169921875, -0.1826171875, 0.09423828125, 0.005615234375, -0.01507568359375, 0.0634765625, -0.1826171875] 3 0 2
 [0.1748046875, 0.01068115234375, -0.045654296875, 0.07470703125, -0.0390625, 0.169921875, -0.1826171875, 0.09423828125, 0.005615234375, -0.01507568359375, 0.0634765625, -0.1826171875] 3 0 2
 [0.1748046875, 0.01068115234375, -0.045654296875, 0.07470703125, -0.0390625, 0.169921875, -0.1826171875, 0.09423828125, 0.005615234375, -0.01507568359375, 0.0634765625, -0.1826171875] 3 0 2
 [0.1748046875, 0.01068115234375, -0.045654296875, 0.07470703125, -0.0390625, 0.169921875, -0.1826171875, 0.09423828125, 0.005615234375, -0.01507568359375, 0.0634765625, -0.1826171875] 3 0 2
 [0.1748046875, 0.01068115234375, -0.045654296875, 0.07470703125, -0.0390625, 0.169921875, -0.1826171875, 0.09423828125, 0.005615234375, -0.01507568359375, 0.0634765625, -0.1826171875] 3 0 2
 [0.1748046875, 0.01068115234375, -0.045654296875, 0.07470703125, -0.0390625, 0.169921875, -0.1826171875, 0.09423828125, 0.005615234375, -0.01507568359375, 0.0634765625, -0.1826171875] 3 0 2
 [0.1748046875, 0.01068115234375, -0.045654296875, 0.07470703125, -0.0390625, 0.169921875, -0.1826171875, 0.09423828125, 0.005615234375, -0.01507568359375, 0.0634765625, -0.1826171875] 3 0 2
 [0.1748046875, 0.01068115234375, -0.045654296875, 0.07470703125, -0.0390625, 0.169921875, -0.1826171875, 0.09423828125, 0.005615234375, -0.01507568359375, 0.0634765625, -0.1826171875] 3 0 2
 [0.1748046875, 0.01068115234375, -0.045654296875, 0.07470703125, -0.0390625, 0.169921875, -0.1826171875, 0.09423828125, 0.005615234375, -0.01507568359375, 0.0634765625, -0.1826171875] 3 0 2
 [0.1748046875, 0.01068115234375, -0.045654296875, 0.07470703125, -0.0390625, 0.169921875, -0.1826171875, 0.09423828125, 0.005615234375, -0.01507568359375, 0.0634765625, -0.1826171875] 3 0 2
 [0.1748046875, 0.01068115234375, -0.045654296875, 0.07470703125, -0.0390625, 0.169921875, -0.1826171875, 0.09423828125, 0.005615234375, -0.01507568359375, 0.0634765625, -0.1826171875] 3 0 2
 [0.1748046875, 0.01068115234375, -0.045654296875, 0.07470703125, -0.0390625, 0.169921875, -0.1826171875, 0.09423828125, 0.005615234375, -0.01507568359375, 0.0634765625, -0.1826171875] 3 0 2
 [0.1748046875, 0.01068115234375, -0.045654296875, 0.07470703125, -0.0390625, 0.169921875, -0.1826171875, 0.09423828125, 0.005615234375, -0.01507568359375, 0.0634765625, -0.1826171875] 4 0 2
 [0.1748046875, 0.01068115234375, -0.045654296875, 0.07470703125, -0.0390625, 0.169921875, -0.1826171875, 0.09423828125, 0.005615234375, -0.01507568359375, 0.0634765625, -0.1826171875] 4 0 2
 [0.1748046875, 0.01068115234375, -0.045654296875, 0.07470703125, -0.0390625, 0.169921875, -0.1826171875, 0.09423828125, 0.005615234375, -0.01507568359375, 0.0634765625, -0.1826171875] 4 0 2
 [0.1748046875, 0.01068115234375, -0.045654296875, 0.07470703125, -0.0390625, 0.169921875, -0.1826171875, 0.09423828125, 0.005615234375, -0.01507568359375, 0.0634765625, -0.1826171875] 4 0 2
 [0.1748046875, 0.01068115234375, -0.045654296875, 0.07470703125, -0.0390625, 0.169921875, -0.1826171875, 0.09423828125, 0.005615234375, -0.01507568359375, 0.0634765625, -0.1826171875] 4 0 2
 [0.1748046875, 0.01068115234375, -0.045654296875, 0.07470703125, -0.0390625, 0.169921875, -0.1826171875, 0.09423828125, 0.005615234375, -0.01507568359375, 0.0634765625, -0.1826171875] 4 0 2
 [0.1748046875, 0.01068115234375, -0.045654296875, 0.07470703125, -0.0390625, 0.169921875, -0.1826171875, 0.09423828125, 0.005615234375, -0.01507568359375, 0.0634765625, -0.1826171875] 4 0 2
 [0.1748046875, 0.01068115234375, -0.045654296875, 0.07470703125, -0.0390625, 0.169921875, -0.1826171875, 0.09423828125, 0.005615234375, -0.01507568359375, 0.0634765625, -0.1826171875] 4 0 2
 [0.1748046875, 0.01068115234375, -0.045654296875, 0.07470703125, -0.0390625, 0.169921875, -0.1826171875, 0.09423828125, 0.005615234375, -0.01507568359375, 0.0634765625, -0.1826171875] 4 0 2
 [0.1748046875, 0.01068115234375, -0.045654296875, 0.07470703125, -0.0390625, 0.169921875, -0.1826171875, 0.09423828125, 0.005615234375, -0.01507568359375, 0.0634765625, -0.1826171875] 4 0 2
 [0.1748046875, 0.01068115234375, -0.045654296875, 0.07470703125, -0.0390625, 0.169921875, -0.1826171875, 0.09423828125, 0.005615234375, -0.01507568359375, 0.0634765625, -0.1826171875] 4 0 2
 [0.1748046875, 0.01068115234375, -0.045654296875, 0.07470703125, -0.0390625, 0.169921875, -0.1826171875, 0.09423828125, 0.005615234375, -0.01507568359375, 0.0634765625, -0.1826171875] 4 0 2
 [0.1748046875, 0.01068115234375, -0.045654296875, 0.07470703125, -0.0390625, 0.169921875, -0.1826171875, 0.09423828125, 0.005615234375, -0.01507568359375, 0.0634765625, -0.1826171875] 4 0 2
 [0.1748046875, 0.01068115234375, -0.045654296875, 0.07470703125, -0.0390625, 0.169921875, -0.1826171875, 0.09423828125, 0.005615234375, -0.01507568359375, 0.0634765625, -0.1826171875] 4 0 2
 [0.1748046875, 0.01068115234375, -0.045654296875, 0.07470703125, -0.0390625, 0.169921875, -0.1826171875, 0.09423828125, 0.005615234375, -0.01507568359375, 0.0634765625, -0.1826171875] 4 0 2
 [0.1748046875, 0.01068115234375, -0.045654296875, 0.07470703125, -0.0390625, 0.169921875, -0.1826171875, 0.09423828125, 0.005615234375, -0.01507568359375, 0.0634765625, -0.1826171875] 4 0 2
 [0.1748046875, 0.01068115234375, -0.045654296875, 0.07470703125, -0.0390625, 0.169921875, -0.1826171875, 0.09423828125, 0.005615234375, -0.01507568359375, 0.0634765625, -0.1826171875] 4 0 2
 [0.1748046875, 0.01068115234375, -0.045654296875, 0.07470703125, -0.0390625, 0.169921875, -0.1826171875, 0.09423828125, 0.005615234375, -0.01507568359375, 0.0634765625, -0.1826171875] 4 0 2
 [0.1748046875, 0.01068115234375, -0.045654296875, 0.07470703125, -0.0390625, 0.169921875, -0.1826171875, 0.09423828125, 0.005615234375, -0.01507568359375, 0.0634765625, -0.1826171875] 4 0 2
 [0.1748046875, 0.01068115234375, -0.045654296875, 0.07470703125, -0.0390625, 0.169921875, -0.1826171875, 0.09423828125, 0.005615234375, -0.01507568359375, 0.0634765625, -0.1826171875] 4 0 2
 [0.1748046875, 0.01068115234375, -0.045654296875, 0.07470703125, -0.0390625, 0.169921875, -0.1826171875, 0.09423828125, 0.005615234375, -0.01507568359375, 0.0634765625, -0.1826171875] 4 0 2
 [0.1748046875, 0.01068115234375, -0.045654296875, 0.07470703125, -0.0390625, 0.169921875, -0.1826171875, 0.09423828125, 0.005615234375, -0.01507568359375, 0.0634765625, -0.1826171875] 4 0 2
 [0.1748046875, 0.01068115234375, -0.045654296875, 0.07470703125, -0.0390625, 0.169921875, -0.1826171875, 0.09423828125, 0.005615234375, -0.01507568359375, 0.0634765625, -0.1826171875] 4 0 2
 [0.1748046875, 0.01068115234375, -0.045654296875, 0.07470703125, -0.0390625, 0.169921875, -0.1826171875, 0.09423828125, 0.005615234375, -0.01507568359375, 0.0634765625, -0.1826171875] 4 0 2
 [0.1748046875, 0.01068115234375, -0.045654296875, 0.07470703125, -0.0390625, 0.169921875, -0.1826171875, 0.09423828125, 0.005615234375, -0.01507568359375, 0.0634765625, -0.1826171875] 4 0 2
 [0.1748046875, 0.01068115234375, -0.045654296875, 0.07470703125, -0.0390625, 0.169921875, -0.1826171875, 0.09423828125, 0.005615234375, -0.01507568359375, 0.0634765625, -0.1826171875] 4 0 2
 [0.1748046875, 0.01068115234375, -0.045654296875, 0.07470703125, -0.0390625, 0.169921875, -0.1826171875, 0.09423828125, 0.005615234375, -0.01507568359375, 0.0634765625, -0.1826171875] 4 0 2
 [0.1748046875, 0.01068115234375, -0.045654296875, 0.07470703125, -0.0390625, 0.169921875, -0.1826171875, 0.09423828125, 0.005615234375, -0.01507568359375, 0.0634765625, -0.1826171875] 4 0 2
 [0.1748046875, 0.01068115234375, -0.045654296875, 0.07470703125, -0.0390625, 0.169921875, -0.1826171875, 0.09423828125, 0.005615234375, -0.01507568359375, 0.0634765625, -0.1826171875] 4 0 2
 [0.1748046875, 0.01068115234375, -0.045654296875, 0.07470703125, -0.0390625, 0.169921875, -0.1826171875, 0.09423828125, 0.005615234375, -0.01507568359375, 0.0634765625, -0.1826171875] 4 0 2
 [0.1748046875, 0.01068115234375, -0.045654296875, 0.07470703125, -0.0390625, 0.169921875, -0.1826171875, 0.09423828125, 0.005615234375, -0.01507568359375, 0.0634765625, -0.1826171875] 4 0 2
 [0.1748046875, 0.01068115234375, -0.045654296875, 0.07470703125, -0.0390625, 0.169921875, -0.1826171875, 0.09423828125, 0.005615234375, -0.01507568359375, 0.0634765625, -0.1826171875] 4 0 2
 [0.1748046875, 0.01068115234375, -0.045654296875, 0.07470703125, -0.0390625, 0.169921875, -0.1826171875, 0.09423828125, 0.005615234375, -0.01507568359375, 0.0634765625, -0.1826171875] 4 0 2
 [0.1748046875, 0.01068115234375, -0.045654296875, 0.07470703125, -0.0390625, 0.169921875, -0.1826171875, 0.09423828125, 0.005615234375, -0.01507568359375, 0.0634765625, -0.1826171875] 4 0 2
 [0.1748046875, 0.01068115234375, -0.045654296875, 0.07470703125, -0.0390625, 0.169921875, -0.1826171875, 0.09423828125, 0.005615234375, -0.01507568359375, 0.0634765625, -0.1826171875] 5 0 2
 [0.1748046875, 0.01068115234375, -0.045654296875, 0.07470703125, -0.0390625, 0.169921875, -0.1826171875, 0.09423828125, 0.005615234375, -0.01507568359375, 0.0634765625, -0.1826171875] 5 0 2
 [0.1748046875, 0.01068115234375, -0.045654296875, 0.07470703125, -0.0390625, 0.169921875, -0.1826171875, 0.09423828125, 0.005615234375, -0.01507568359375, 0.0634765625, -0.1826171875] 5 0 2
 [0.1748046875, 0.01068115234375, -0.045654296875, 0.07470703125, -0.0390625, 0.169921875, -0.1826171875, 0.09423828125, 0.005615234375, -0.01507568359375, 0.0634765625, -0.1826171875] 5 0 2
 [0.1748046875, 0.01068115234375, -0.045654296875, 0.07470703125, -0.0390625, 0.169921875, -0.1826171875, 0.09423828125, 0.005615234375, -0.01507568359375, 0.0634765625, -0.1826171875] 5 0 2
 [0.1748046875, 0.01068115234375, -0.045654296875, 0.07470703125, -0.0390625, 0.169921875, -0.1826171875, 0.09423828125, 0.005615234375, -0.01507568359375, 0.0634765625, -0.1826171875] 5 0 2
 [0.1748046875, 0.01068115234375, -0.045654296875, 0.07470703125, -0.0390625, 0.169921875, -0.1826171875, 0.09423828125, 0.005615234375, -0.01507568359375, 0.0634765625, -0.1826171875] 5 0 2
 [0.1748046875, 0.01068115234375, -0.045654296875, 0.07470703125, -0.0390625, 0.169921875, -0.1826171875, 0.09423828125, 0.005615234375, -0.01507568359375, 0.0634765625, -0.1826171875] 5 0 2
 [0.1748046875, 0.01068115234375, -0.045654296875, 0.07470703125, -0.0390625, 0.169921875, -0.1826171875, 0.09423828125, 0.005615234375, -0.01507568359375, 0.0634765625, -0.1826171875] 5 0 2
 [0.1748046875, 0.01068115234375, -0.045654296875, 0.07470703125, -0.0390625, 0.169921875, -0.1826171875, 0.09423828125, 0.005615234375, -0.01507568359375, 0.0634765625, -0.1826171875] 5 0 2
 [0.1748046875, 0.01068115234375, -0.045654296875, 0.07470703125, -0.0390625, 0.169921875, -0.1826171875, 0.09423828125, 0.005615234375, -0.01507568359375, 0.0634765625, -0.1826171875] 5 0 2
 [0.1748046875, 0.01068115234375, -0.045654296875, 0.07470703125, -0.0390625, 0.169921875, -0.1826171875, 0.09423828125, 0.005615234375, -0.01507568359375, 0.0634765625, -0.1826171875] 5 0 2
 [0.1748046875, 0.01068115234375, -0.045654296875, 0.07470703125, -0.0390625, 0.169921875, -0.1826171875, 0.09423828125, 0.005615234375, -0.01507568359375, 0.0634765625, -0.1826171875] 5 0 2
 [0.1748046875, 0.01068115234375, -0.045654296875, 0.07470703125, -0.0390625, 0.169921875, -0.1826171875, 0.09423828125, 0.005615234375, -0.01507568359375, 0.0634765625, -0.1826171875] 5 0 2
 [0.1748046875, 0.01068115234375, -0.045654296875, 0.07470703125, -0.0390625, 0.169921875, -0.1826171875, 0.09423828125, 0.005615234375, -0.01507568359375, 0.0634765625, -0.1826171875] 5 0 2
 [0.1748046875, 0.01068115234375, -0.045654296875, 0.07470703125, -0.0390625, 0.169921875, -0.1826171875, 0.09423828125, 0.005615234375, -0.01507568359375, 0.0634765625, -0.1826171875] 5 0 2
 [0.1748046875, 0.01068115234375, -0.045654296875, 0.07470703125, -0.0390625, 0.169921875, -0.1826171875, 0.09423828125, 0.005615234375, -0.01507568359375, 0.0634765625, -0.1826171875] 5 0 2
 [0.1748046875, 0.01068115234375, -0.045654296875, 0.07470703125, -0.0390625, 0.169921875, -0.1826171875, 0.09423828125, 0.005615234375, -0.01507568359375, 0.0634765625, -0.1826171875] 5 0 2
 [0.1748046875, 0.01068115234375, -0.045654296875, 0.07470703125, -0.0390625, 0.169921875, -0.1826171875, 0.09423828125, 0.005615234375, -0.01507568359375, 0.0634765625, -0.1826171875] 5 0 2
 [0.1748046875, 0.01068115234375, -0.045654296875, 0.07470703125, -0.0390625, 0.169921875, -0.1826171875, 0.09423828125, 0.005615234375, -0.01507568359375, 0.0634765625, -0.1826171875] 5 0 2
 [0.1748046875, 0.01068115234375, -0.045654296875, 0.07470703125, -0.0390625, 0.169921875, -0.1826171875, 0.09423828125, 0.005615234375, -0.01507568359375, 0.0634765625, -0.1826171875] 5 0 2
 [0.1748046875, 0.01068115234375, -0.045654296875, 0.07470703125, -0.0390625, 0.169921875, -0.1826171875, 0.09423828125, 0.005615234375, -0.01507568359375, 0.0634765625, -0.1826171875] 5 0 2
 [0.1748046875, 0.01068115234375, -0.045654296875, 0.07470703125, -0.0390625, 0.169921875, -0.1826171875, 0.09423828125, 0.005615234375, -0.01507568359375, 0.0634765625, -0.1826171875] 5 0 2
 [0.1748046875, 0.01068115234375, -0.045654296875, 0.07470703125, -0.0390625, 0.169921875, -0.1826171875, 0.09423828125, 0.005615234375, -0.01507568359375, 0.0634765625, -0.1826171875] 5 0 2
 [0.1748046875, 0.01068115234375, -0.045654296875, 0.07470703125, -0.0390625, 0.169921875, -0.1826171875, 0.09423828125, 0.005615234375, -0.01507568359375, 0.0634765625, -0.1826171875] 5 0 2
 [0.1748046875, 0.01068115234375, -0.045654296875, 0.07470703125, -0.0390625, 0.169921875, -0.1826171875, 0.09423828125, 0.005615234375, -0.01507568359375, 0.0634765625, -0.1826171875] 5 0 2
 [0.1748046875, 0.01068115234375, -0.045654296875, 0.07470703125, -0.0390625, 0.169921875, -0.1826171875, 0.09423828125, 0.005615234375, -0.01507568359375, 0.0634765625, -0.1826171875] 5 0 2
 [0.1748046875, 0.01068115234375, -0.045654296875, 0.07470703125, -0.0390625, 0.169921875, -0.1826171875, 0.09423828125, 0.005615234375, -0.01507568359375, 0.0634765625, -0.1826171875] 5 0 2
 [0.1748046875, 0.01068115234375, -0.045654296875, 0.07470703125, -0.0390625, 0.169921875, -0.1826171875, 0.09423828125, 0.005615234375, -0.01507568359375, 0.0634765625, -0.1826171875] 5 0 2
 [0.1748046875, 0.01068115234375, -0.045654296875, 0.07470703125, -0.0390625, 0.169921875, -0.1826171875, 0.09423828125, 0.005615234375, -0.01507568359375, 0.0634765625, -0.1826171875] 5 0 2
 [0.1748046875, 0.01068115234375, -0.045654296875, 0.07470703125, -0.0390625, 0.169921875, -0.1826171875, 0.09423828125, 0.005615234375, -0.01507568359375, 0.0634765625, -0.1826171875] 5 0 2
 [0.1748046875, 0.01068115234375, -0.045654296875, 0.07470703125, -0.0390625, 0.169921875, -0.1826171875, 0.09423828125, 0.005615234375, -0.01507568359375, 0.0634765625, -0.1826171875] 5 0 2
 [0.1748046875, 0.01068115234375, -0.045654296875, 0.07470703125, -0.0390625, 0.169921875, -0.1826171875, 0.09423828125, 0.005615234375, -0.01507568359375, 0.0634765625, -0.1826171875] 5 0 2
 [0.1748046875, 0.01068115234375, -0.045654296875, 0.07470703125, -0.0390625, 0.169921875, -0.1826171875, 0.09423828125, 0.005615234375, -0.01507568359375, 0.0634765625, -0.1826171875] 7 0 2
 [0.1748046875, 0.01068115234375, -0.045654296875, 0.07470703125, -0.0390625, 0.169921875, -0.1826171875, 0.09423828125, 0.005615234375, -0.01507568359375, 0.0634765625, -0.1826171875] 7 0 2
 [0.1748046875, 0.01068115234375, -0.045654296875, 0.07470703125, -0.0390625, 0.169921875, -0.1826171875, 0.09423828125, 0.005615234375, -0.01507568359375, 0.0634765625, -0.1826171875] 7 0 2
 [0.1748046875, 0.01068115234375, -0.045654296875, 0.07470703125, -0.0390625, 0.169921875, -0.1826171875, 0.09423828125, 0.005615234375, -0.01507568359375, 0.0634765625, -0.1826171875] 7 0 2
 [0.1748046875, 0.01068115234375, -0.045654296875, 0.07470703125, -0.0390625, 0.169921875, -0.1826171875, 0.09423828125, 0.005615234375, -0.01507568359375, 0.0634765625, -0.1826171875] 7 0 2
 [0.1748046875, 0.01068115234375, -0.045654296875, 0.07470703125, -0.0390625, 0.169921875, -0.1826171875, 0.09423828125, 0.005615234375, -0.01507568359375, 0.0634765625, -0.1826171875] 7 0 2
 [0.1748046875, 0.01068115234375, -0.045654296875, 0.07470703125, -0.0390625, 0.169921875, -0.1826171875, 0.09423828125, 0.005615234375, -0.01507568359375, 0.0634765625, -0.1826171875] 7 0 2
 [0.1748046875, 0.01068115234375, -0.045654296875, 0.07470703125, -0.0390625, 0.169921875, -0.1826171875, 0.09423828125, 0.005615234375, -0.01507568359375, 0.0634765625, -0.1826171875] 7 0 2
 [0.1748046875, 0.01068115234375, -0.045654296875, 0.07470703125, -0.0390625, 0.169921875, -0.1826171875, 0.09423828125, 0.005615234375, -0.01507568359375, 0.0634765625, -0.1826171875] 7 0 2
 [0.1748046875, 0.01068115234375, -0.045654296875, 0.07470703125, -0.0390625, 0.169921875, -0.1826171875, 0.09423828125, 0.005615234375, -0.01507568359375, 0.0634765625, -0.1826171875] 7 0 2
 [0.1748046875, 0.01068115234375, -0.045654296875, 0.07470703125, -0.0390625, 0.169921875, -0.1826171875, 0.09423828125, 0.005615234375, -0.01507568359375, 0.0634765625, -0.1826171875] 7 0 2
 [0.1748046875, 0.01068115234375, -0.045654296875, 0.07470703125, -0.0390625, 0.169921875, -0.1826171875, 0.09423828125, 0.005615234375, -0.01507568359375, 0.0634765625, -0.1826171875] 7 0 2
 [0.1748046875, 0.01068115234375, -0.045654296875, 0.07470703125, -0.0390625, 0.169921875, -0.1826171875, 0.09423828125, 0.005615234375, -0.01507568359375, 0.0634765625, -0.1826171875] 7 0 2
 [0.1748046875, 0.01068115234375, -0.045654296875, 0.07470703125, -0.0390625, 0.169921875, -0.1826171875, 0.09423828125, 0.005615234375, -0.01507568359375, 0.0634765625, -0.1826171875] 7 0 2
 [0.1748046875, 0.01068115234375, -0.045654296875, 0.07470703125, -0.0390625, 0.169921875, -0.1826171875, 0.09423828125, 0.005615234375, -0.01507568359375, 0.0634765625, -0.1826171875] 7 0 2
 [0.1748046875, 0.01068115234375, -0.045654296875, 0.07470703125, -0.0390625, 0.169921875, -0.1826171875, 0.09423828125, 0.005615234375, -0.01507568359375, 0.0634765625, -0.1826171875] 7 0 2
 [0.1748046875, 0.01068115234375, -0.045654296875, 0.07470703125, -0.0390625, 0.169921875, -0.1826171875, 0.09423828125, 0.005615234375, -0.01507568359375, 0.0634765625, -0.1826171875] 7 0 2
 [0.1748046875, 0.01068115234375, -0.045654296875, 0.07470703125, -0.0390625, 0.169921875, -0.1826171875, 0.09423828125, 0.005615234375, -0.01507568359375, 0.0634765625, -0.1826171875] 7 0 2
 [0.1748046875, 0.01068115234375, -0.045654296875, 0.07470703125, -0.0390625, 0.169921875, -0.1826171875, 0.09423828125, 0.005615234375, -0.01507568359375, 0.0634765625, -0.1826171875] 7 0 2
 [0.1748046875, 0.01068115234375, -0.045654296875, 0.07470703125, -0.0390625, 0.169921875, -0.1826171875, 0.09423828125, 0.005615234375, -0.01507568359375, 0.0634765625, -0.1826171875] 7 0 2
 [0.1748046875, 0.01068115234375, -0.045654296875, 0.07470703125, -0.0390625, 0.169921875, -0.1826171875, 0.09423828125, 0.005615234375, -0.01507568359375, 0.0634765625, -0.1826171875] 7 0 2
 [0.1748046875, 0.01068115234375, -0.045654296875, 0.07470703125, -0.0390625, 0.169921875, -0.1826171875, 0.09423828125, 0.005615234375, -0.01507568359375, 0.0634765625, -0.1826171875] 7 0 2
 [0.1748046875, 0.01068115234375, -0.045654296875, 0.07470703125, -0.0390625, 0.169921875, -0.1826171875, 0.09423828125, 0.005615234375, -0.01507568359375, 0.0634765625, -0.1826171875] 7 0 2
 [0.1748046875, 0.01068115234375, -0.045654296875, 0.07470703125, -0.0390625, 0.169921875, -0.1826171875, 0.09423828125, 0.005615234375, -0.01507568359375, 0.0634765625, -0.1826171875] 7 0 2
 [0.1748046875, 0.01068115234375, -0.045654296875, 0.07470703125, -0.0390625, 0.169921875, -0.1826171875, 0.09423828125, 0.005615234375, -0.01507568359375, 0.0634765625, -0.1826171875] 7 0 2
 [0.1748046875, 0.01068115234375, -0.045654296875, 0.07470703125, -0.0390625, 0.169921875, -0.1826171875, 0.09423828125, 0.005615234375, -0.01507568359375, 0.0634765625, -0.1826171875] 7 0 2
 [0.1748046875, 0.01068115234375, -0.045654296875, 0.07470703125, -0.0390625, 0.169921875, -0.1826171875, 0.09423828125, 0.005615234375, -0.01507568359375, 0.0634765625, -0.1826171875] 7 0 2
 [0.1748046875, 0.01068115234375, -0.045654296875, 0.07470703125, -0.0390625, 0.169921875, -0.1826171875, 0.09423828125, 0.005615234375, -0.01507568359375, 0.0634765625, -0.1826171875] 7 0 2
 [0.1748046875, 0.01068115234375, -0.045654296875, 0.07470703125, -0.0390625, 0.169921875, -0.1826171875, 0.09423828125, 0.005615234375, -0.01507568359375, 0.0634765625, -0.1826171875] 7 0 2
 [0.1748046875, 0.01068115234375, -0.045654296875, 0.07470703125, -0.0390625, 0.169921875, -0.1826171875, 0.09423828125, 0.005615234375, -0.01507568359375, 0.0634765625, -0.1826171875] 7 0 2
 [0.1748046875, 0.01068115234375, -0.045654296875, 0.07470703125, -0.0390625, 0.169921875, -0.1826171875, 0.09423828125, 0.005615234375, -0.01507568359375, 0.0634765625, -0.1826171875] 8 0 2
 [0.1748046875, 0.01068115234375, -0.045654296875, 0.07470703125, -0.0390625, 0.169921875, -0.1826171875, 0.09423828125, 0.005615234375, -0.01507568359375, 0.0634765625, -0.1826171875] 8 0 2
 [0.1748046875, 0.01068115234375, -0.045654296875, 0.07470703125, -0.0390625, 0.169921875, -0.1826171875, 0.09423828125, 0.005615234375, -0.01507568359375, 0.0634765625, -0.1826171875] 8 0 2
 [0.1748046875, 0.01068115234375, -0.045654296875, 0.07470703125, -0.0390625, 0.169921875, -0.1826171875, 0.09423828125, 0.005615234375, -0.01507568359375, 0.0634765625, -0.1826171875] 8 0 2
 [0.1748046875, 0.01068115234375, -0.045654296875, 0.07470703125, -0.0390625, 0.169921875, -0.1826171875, 0.09423828125, 0.005615234375, -0.01507568359375, 0.0634765625, -0.1826171875] 8 0 2
 [0.1748046875, 0.01068115234375, -0.045654296875, 0.07470703125, -0.0390625, 0.169921875, -0.1826171875, 0.09423828125, 0.005615234375, -0.01507568359375, 0.0634765625, -0.1826171875] 8 0 2
 [0.1748046875, 0.01068115234375, -0.045654296875, 0.07470703125, -0.0390625, 0.169921875, -0.1826171875, 0.09423828125, 0.005615234375, -0.01507568359375, 0.0634765625, -0.1826171875] 8 0 2
 [0.1748046875, 0.01068115234375, -0.045654296875, 0.07470703125, -0.0390625, 0.169921875, -0.1826171875, 0.09423828125, 0.005615234375, -0.01507568359375, 0.0634765625, -0.1826171875] 8 0 2
 [0.1748046875, 0.01068115234375, -0.045654296875, 0.07470703125, -0.0390625, 0.169921875, -0.1826171875, 0.09423828125, 0.005615234375, -0.01507568359375, 0.0634765625, -0.1826171875] 8 0 2
 [0.1748046875, 0.01068115234375, -0.045654296875, 0.07470703125, -0.0390625, 0.169921875, -0.1826171875, 0.09423828125, 0.005615234375, -0.01507568359375, 0.0634765625, -0.1826171875] 8 0 2
 [0.1748046875, 0.01068115234375, -0.045654296875, 0.07470703125, -0.0390625, 0.169921875, -0.1826171875, 0.09423828125, 0.005615234375, -0.01507568359375, 0.0634765625, -0.1826171875] 8 0 2
 [0.1748046875, 0.01068115234375, -0.045654296875, 0.07470703125, -0.0390625, 0.169921875, -0.1826171875, 0.09423828125, 0.005615234375, -0.01507568359375, 0.0634765625, -0.1826171875] 8 0 2
 [0.1748046875, 0.01068115234375, -0.045654296875, 0.07470703125, -0.0390625, 0.169921875, -0.1826171875, 0.09423828125, 0.005615234375, -0.01507568359375, 0.0634765625, -0.1826171875] 8 0 2
 [0.1748046875, 0.01068115234375, -0.045654296875, 0.07470703125, -0.0390625, 0.169921875, -0.1826171875, 0.09423828125, 0.005615234375, -0.01507568359375, 0.0634765625, -0.1826171875] 8 0 2
 [0.1748046875, 0.01068115234375, -0.045654296875, 0.07470703125, -0.0390625, 0.169921875, -0.1826171875, 0.09423828125, 0.005615234375, -0.01507568359375, 0.0634765625, -0.1826171875] 8 0 2
 [0.1748046875, 0.01068115234375, -0.045654296875, 0.07470703125, -0.0390625, 0.169921875, -0.1826171875, 0.09423828125, 0.005615234375, -0.01507568359375, 0.0634765625, -0.1826171875] 8 0 2
 [0.1748046875, 0.01068115234375, -0.045654296875, 0.07470703125, -0.0390625, 0.169921875, -0.1826171875, 0.09423828125, 0.005615234375, -0.01507568359375, 0.0634765625, -0.1826171875] 8 0 2
 [0.1748046875, 0.01068115234375, -0.045654296875, 0.07470703125, -0.0390625, 0.169921875, -0.1826171875, 0.09423828125, 0.005615234375, -0.01507568359375, 0.0634765625, -0.1826171875] 8 0 2
 [0.1748046875, 0.01068115234375, -0.045654296875, 0.07470703125, -0.0390625, 0.169921875, -0.1826171875, 0.09423828125, 0.005615234375, -0.01507568359375, 0.0634765625, -0.1826171875] 8 0 2
 [0.1748046875, 0.01068115234375, -0.045654296875, 0.07470703125, -0.0390625, 0.169921875, -0.1826171875, 0.09423828125, 0.005615234375, -0.01507568359375, 0.0634765625, -0.1826171875] 8 0 2
 [0.1748046875, 0.01068115234375, -0.045654296875, 0.07470703125, -0.0390625, 0.169921875, -0.1826171875, 0.09423828125, 0.005615234375, -0.01507568359375, 0.0634765625, -0.1826171875] 8 0 2
 [0.1748046875, 0.01068115234375, -0.045654296875, 0.07470703125, -0.0390625, 0.169921875, -0.1826171875, 0.09423828125, 0.005615234375, -0.01507568359375, 0.0634765625, -0.1826171875] 8 0 2
 [0.1748046875, 0.01068115234375, -0.045654296875, 0.07470703125, -0.0390625, 0.169921875, -0.1826171875, 0.09423828125, 0.005615234375, -0.01507568359375, 0.0634765625, -0.1826171875] 8 0 2
 [0.1748046875, 0.01068115234375, -0.045654296875, 0.07470703125, -0.0390625, 0.169921875, -0.1826171875, 0.09423828125, 0.005615234375, -0.01507568359375, 0.0634765625, -0.1826171875] 8 0 2
 [0.1748046875, 0.01068115234375, -0.045654296875, 0.07470703125, -0.0390625, 0.169921875, -0.1826171875, 0.09423828125, 0.005615234375, -0.01507568359375, 0.0634765625, -0.1826171875] 8 0 2
 [0.1748046875, 0.01068115234375, -0.045654296875, 0.07470703125, -0.0390625, 0.169921875, -0.1826171875, 0.09423828125, 0.005615234375, -0.01507568359375, 0.0634765625, -0.1826171875] 8 0 2
 [0.1748046875, 0.01068115234375, -0.045654296875, 0.07470703125, -0.0390625, 0.169921875, -0.1826171875, 0.09423828125, 0.005615234375, -0.01507568359375, 0.0634765625, -0.1826171875] 8 0 2
 [0.1748046875, 0.01068115234375, -0.045654296875, 0.07470703125, -0.0390625, 0.169921875, -0.1826171875, 0.09423828125, 0.005615234375, -0.01507568359375, 0.0634765625, -0.1826171875] 8 0 2
 [0.1748046875, 0.01068115234375, -0.045654296875, 0.07470703125, -0.0390625, 0.169921875, -0.1826171875, 0.09423828125, 0.005615234375, -0.01507568359375, 0.0634765625, -0.1826171875] 8 0 2
 [0.1748046875, 0.01068115234375, -0.045654296875, 0.07470703125, -0.0390625, 0.169921875, -0.1826171875, 0.09423828125, 0.005615234375, -0.01507568359375, 0.0634765625, -0.1826171875] 10 0 2
 [0.1748046875, 0.01068115234375, -0.045654296875, 0.07470703125, -0.0390625, 0.169921875, -0.1826171875, 0.09423828125, 0.005615234375, -0.01507568359375, 0.0634765625, -0.1826171875] 10 0 2
 [0.1748046875, 0.01068115234375, -0.045654296875, 0.07470703125, -0.0390625, 0.169921875, -0.1826171875, 0.09423828125, 0.005615234375, -0.01507568359375, 0.0634765625, -0.1826171875] 10 0 2
 [0.1748046875, 0.01068115234375, -0.045654296875, 0.07470703125, -0.0390625, 0.169921875, -0.1826171875, 0.09423828125, 0.005615234375, -0.01507568359375, 0.0634765625, -0.1826171875] 10 0 2
 [0.1748046875, 0.01068115234375, -0.045654296875, 0.07470703125, -0.0390625, 0.169921875, -0.1826171875, 0.09423828125, 0.005615234375, -0.01507568359375, 0.0634765625, -0.1826171875] 10 0 2
 [0.1748046875, 0.01068115234375, -0.045654296875, 0.07470703125, -0.0390625, 0.169921875, -0.1826171875, 0.09423828125, 0.005615234375, -0.01507568359375, 0.0634765625, -0.1826171875] 10 0 2
 [0.1748046875, 0.01068115234375, -0.045654296875, 0.07470703125, -0.0390625, 0.169921875, -0.1826171875, 0.09423828125, 0.005615234375, -0.01507568359375, 0.0634765625, -0.1826171875] 10 0 2
 [0.1748046875, 0.01068115234375, -0.045654296875, 0.07470703125, -0.0390625, 0.169921875, -0.1826171875, 0.09423828125, 0.005615234375, -0.01507568359375, 0.0634765625, -0.1826171875] 10 0 2
 [0.1748046875, 0.01068115234375, -0.045654296875, 0.07470703125, -0.0390625, 0.169921875, -0.1826171875, 0.09423828125, 0.005615234375, -0.01507568359375, 0.0634765625, -0.1826171875] 10 0 2
 [0.1748046875, 0.01068115234375, -0.045654296875, 0.07470703125, -0.0390625, 0.169921875, -0.1826171875, 0.09423828125, 0.005615234375, -0.01507568359375, 0.0634765625, -0.1826171875] 10 0 2
 [0.1748046875, 0.01068115234375, -0.045654296875, 0.07470703125, -0.0390625, 0.169921875, -0.1826171875, 0.09423828125, 0.005615234375, -0.01507568359375, 0.0634765625, -0.1826171875] 10 0 2
 [0.1748046875, 0.01068115234375, -0.045654296875, 0.07470703125, -0.0390625, 0.169921875, -0.1826171875, 0.09423828125, 0.005615234375, -0.01507568359375, 0.0634765625, -0.1826171875] 10 0 2
 [0.1748046875, 0.01068115234375, -0.045654296875, 0.07470703125, -0.0390625, 0.169921875, -0.1826171875, 0.09423828125, 0.005615234375, -0.01507568359375, 0.0634765625, -0.1826171875] 10 0 2
 [0.1748046875, 0.01068115234375, -0.045654296875, 0.07470703125, -0.0390625, 0.169921875, -0.1826171875, 0.09423828125, 0.005615234375, -0.01507568359375, 0.0634765625, -0.1826171875] 10 0 2
 [0.1748046875, 0.01068115234375, -0.045654296875, 0.07470703125, -0.0390625, 0.169921875, -0.1826171875, 0.09423828125, 0.005615234375, -0.01507568359375, 0.0634765625, -0.1826171875] 10 0 2
 [0.1748046875, 0.01068115234375, -0.045654296875, 0.07470703125, -0.0390625, 0.169921875, -0.1826171875, 0.09423828125, 0.005615234375, -0.01507568359375, 0.0634765625, -0.1826171875] 10 0 2
 [0.1748046875, 0.01068115234375, -0.045654296875, 0.07470703125, -0.0390625, 0.169921875, -0.1826171875, 0.09423828125, 0.005615234375, -0.01507568359375, 0.0634765625, -0.1826171875] 10 0 2
 [0.1748046875, 0.01068115234375, -0.045654296875, 0.07470703125, -0.0390625, 0.169921875, -0.1826171875, 0.09423828125, 0.005615234375, -0.01507568359375, 0.0634765625, -0.1826171875] 10 0 2
 [0.1748046875, 0.01068115234375, -0.045654296875, 0.07470703125, -0.0390625, 0.169921875, -0.1826171875, 0.09423828125, 0.005615234375, -0.01507568359375, 0.0634765625, -0.1826171875] 10 0 2
 [0.1748046875, 0.01068115234375, -0.045654296875, 0.07470703125, -0.0390625, 0.169921875, -0.1826171875, 0.09423828125, 0.005615234375, -0.01507568359375, 0.0634765625, -0.1826171875] 10 0 2
 [0.1748046875, 0.01068115234375, -0.045654296875, 0.07470703125, -0.0390625, 0.169921875, -0.1826171875, 0.09423828125, 0.005615234375, -0.01507568359375, 0.0634765625, -0.1826171875] 10 0 2
 [0.1748046875, 0.01068115234375, -0.045654296875, 0.07470703125, -0.0390625, 0.169921875, -0.1826171875, 0.09423828125, 0.005615234375, -0.01507568359375, 0.0634765625, -0.1826171875] 10 0 2
 [0.1748046875, 0.01068115234375, -0.045654296875, 0.07470703125, -0.0390625, 0.169921875, -0.1826171875, 0.09423828125, 0.005615234375, -0.01507568359375, 0.0634765625, -0.1826171875] 10 0 2
 [0.1748046875, 0.01068115234375, -0.045654296875, 0.07470703125, -0.0390625, 0.169921875, -0.1826171875, 0.09423828125, 0.005615234375, -0.01507568359375, 0.0634765625, -0.1826171875] 10 0 2
 [0.1748046875, 0.01068115234375, -0.045654296875, 0.07470703125, -0.0390625, 0.169921875, -0.1826171875, 0.09423828125, 0.005615234375, -0.01507568359375, 0.0634765625, -0.1826171875] 10 0 2
 [0.1748046875, 0.01068115234375, -0.045654296875, 0.07470703125, -0.0390625, 0.169921875, -0.1826171875, 0.09423828125, 0.005615234375, -0.01507568359375, 0.0634765625, -0.1826171875] 10 0 2
 [0.1748046875, 0.01068115234375, -0.045654296875, 0.07470703125, -0.0390625, 0.169921875, -0.1826171875, 0.09423828125, 0.005615234375, -0.01507568359375, 0.0634765625, -0.1826171875] 10 0 2
 [0.1748046875, 0.01068115234375, -0.045654296875, 0.07470703125, -0.0390625, 0.169921875, -0.1826171875, 0.09423828125, 0.005615234375, -0.01507568359375, 0.0634765625, -0.1826171875] 10 0 2
 [0.1748046875, 0.01068115234375, -0.045654296875, 0.07470703125, -0.0390625, 0.169921875, -0.1826171875, 0.09423828125, 0.005615234375, -0.01507568359375, 0.0634765625, -0.1826171875] 10 0 2
 [0.1748046875, 0.01068115234375, -0.045654296875, 0.07470703125, -0.0390625, 0.169921875, -0.1826171875, 0.09423828125, 0.005615234375, -0.01507568359375, 0.0634765625, -0.1826171875] 10 0 2
 [0.1748046875, 0.01068115234375, -0.045654296875, 0.07470703125, -0.0390625, 0.169921875, -0.1826171875, 0.09423828125, 0.005615234375, -0.01507568359375, 0.0634765625, -0.1826171875] 10 0 2
 [0.1748046875, 0.01068115234375, -0.045654296875, 0.07470703125, -0.0390625, 0.169921875, -0.1826171875, 0.09423828125, 0.005615234375, -0.01507568359375, 0.0634765625, -0.1826171875] 10 0 2
 [0.1748046875, 0.01068115234375, -0.045654296875, 0.07470703125, -0.0390625, 0.169921875, -0.1826171875, 0.09423828125, 0.005615234375, -0.01507568359375, 0.0634765625, -0.1826171875] 10 0 2
 [0.1748046875, 0.01068115234375, -0.045654296875, 0.07470703125, -0.0390625, 0.169921875, -0.1826171875, 0.09423828125, 0.005615234375, -0.01507568359375, 0.0634765625, -0.1826171875] 10 0 2
 [0.1748046875, 0.01068115234375, -0.045654296875, 0.07470703125, -0.0390625, 0.169921875, -0.1826171875, 0.09423828125, 0.005615234375, -0.01507568359375, 0.0634765625, -0.1826171875] 11 0 2
 [0.1748046875, 0.01068115234375, -0.045654296875, 0.07470703125, -0.0390625, 0.169921875, -0.1826171875, 0.09423828125, 0.005615234375, -0.01507568359375, 0.0634765625, -0.1826171875] 11 0 2
 [0.1748046875, 0.01068115234375, -0.045654296875, 0.07470703125, -0.0390625, 0.169921875, -0.1826171875, 0.09423828125, 0.005615234375, -0.01507568359375, 0.0634765625, -0.1826171875] 11 0 2
 [0.1748046875, 0.01068115234375, -0.045654296875, 0.07470703125, -0.0390625, 0.169921875, -0.1826171875, 0.09423828125, 0.005615234375, -0.01507568359375, 0.0634765625, -0.1826171875] 11 0 2
 [0.1748046875, 0.01068115234375, -0.045654296875, 0.07470703125, -0.0390625, 0.169921875, -0.1826171875, 0.09423828125, 0.005615234375, -0.01507568359375, 0.0634765625, -0.1826171875] 11 0 2
 [0.1748046875, 0.01068115234375, -0.045654296875, 0.07470703125, -0.0390625, 0.169921875, -0.1826171875, 0.09423828125, 0.005615234375, -0.01507568359375, 0.0634765625, -0.1826171875] 11 0 2
 [0.1748046875, 0.01068115234375, -0.045654296875, 0.07470703125, -0.0390625, 0.169921875, -0.1826171875, 0.09423828125, 0.005615234375, -0.01507568359375, 0.0634765625, -0.1826171875] 11 0 2
 [0.1748046875, 0.01068115234375, -0.045654296875, 0.07470703125, -0.0390625, 0.169921875, -0.1826171875, 0.09423828125, 0.005615234375, -0.01507568359375, 0.0634765625, -0.1826171875] 11 0 2
 [0.1748046875, 0.01068115234375, -0.045654296875, 0.07470703125, -0.0390625, 0.169921875, -0.1826171875, 0.09423828125, 0.005615234375, -0.01507568359375, 0.0634765625, -0.1826171875] 11 0 2
 [0.1748046875, 0.01068115234375, -0.045654296875, 0.07470703125, -0.0390625, 0.169921875, -0.1826171875, 0.09423828125, 0.005615234375, -0.01507568359375, 0.0634765625, -0.1826171875] 11 0 2
 [0.1748046875, 0.01068115234375, -0.045654296875, 0.07470703125, -0.0390625, 0.169921875, -0.1826171875, 0.09423828125, 0.005615234375, -0.01507568359375, 0.0634765625, -0.1826171875] 11 0 2
 [0.1748046875, 0.01068115234375, -0.045654296875, 0.07470703125, -0.0390625, 0.169921875, -0.1826171875, 0.09423828125, 0.005615234375, -0.01507568359375, 0.0634765625, -0.1826171875] 11 0 2
 [0.1748046875, 0.01068115234375, -0.045654296875, 0.07470703125, -0.0390625, 0.169921875, -0.1826171875, 0.09423828125, 0.005615234375, -0.01507568359375, 0.0634765625, -0.1826171875] 11 0 2
 [0.1748046875, 0.01068115234375, -0.045654296875, 0.07470703125, -0.0390625, 0.169921875, -0.1826171875, 0.09423828125, 0.005615234375, -0.01507568359375, 0.0634765625, -0.1826171875] 11 0 2
 [0.1748046875, 0.01068115234375, -0.045654296875, 0.07470703125, -0.0390625, 0.169921875, -0.1826171875, 0.09423828125, 0.005615234375, -0.01507568359375, 0.0634765625, -0.1826171875] 11 0 2
 [0.1748046875, 0.01068115234375, -0.045654296875, 0.07470703125, -0.0390625, 0.169921875, -0.1826171875, 0.09423828125, 0.005615234375, -0.01507568359375, 0.0634765625, -0.1826171875] 11 0 2
 [0.1748046875, 0.01068115234375, -0.045654296875, 0.07470703125, -0.0390625, 0.169921875, -0.1826171875, 0.09423828125, 0.005615234375, -0.01507568359375, 0.0634765625, -0.1826171875] 11 0 2
 [0.1748046875, 0.01068115234375, -0.045654296875, 0.07470703125, -0.0390625, 0.169921875, -0.1826171875, 0.09423828125, 0.005615234375, -0.01507568359375, 0.0634765625, -0.1826171875] 11 0 2
 [0.1748046875, 0.01068115234375, -0.045654296875, 0.07470703125, -0.0390625, 0.169921875, -0.1826171875, 0.09423828125, 0.005615234375, -0.01507568359375, 0.0634765625, -0.1826171875] 11 0 2
 [0.1748046875, 0.01068115234375, -0.045654296875, 0.07470703125, -0.0390625, 0.169921875, -0.1826171875, 0.09423828125, 0.005615234375, -0.01507568359375, 0.0634765625, -0.1826171875] 11 0 2
 [0.1748046875, 0.01068115234375, -0.045654296875, 0.07470703125, -0.0390625, 0.169921875, -0.1826171875, 0.09423828125, 0.005615234375, -0.01507568359375, 0.0634765625, -0.1826171875] 11 0 2
 [0.1748046875, 0.01068115234375, -0.045654296875, 0.07470703125, -0.0390625, 0.169921875, -0.1826171875, 0.09423828125, 0.005615234375, -0.01507568359375, 0.0634765625, -0.1826171875] 11 0 2
 [0.1748046875, 0.01068115234375, -0.045654296875, 0.07470703125, -0.0390625, 0.169921875, -0.1826171875, 0.09423828125, 0.005615234375, -0.01507568359375, 0.0634765625, -0.1826171875] 11 0 2
 [0.1748046875, 0.01068115234375, -0.045654296875, 0.07470703125, -0.0390625, 0.169921875, -0.1826171875, 0.09423828125, 0.005615234375, -0.01507568359375, 0.0634765625, -0.1826171875] 11 0 2
 [0.1748046875, 0.01068115234375, -0.045654296875, 0.07470703125, -0.0390625, 0.169921875, -0.1826171875, 0.09423828125, 0.005615234375, -0.01507568359375, 0.0634765625, -0.1826171875] 11 0 2
 [0.1748046875, 0.01068115234375, -0.045654296875, 0.07470703125, -0.0390625, 0.169921875, -0.1826171875, 0.09423828125, 0.005615234375, -0.01507568359375, 0.0634765625, -0.1826171875] 11 0 2
 [0.1748046875, 0.01068115234375, -0.045654296875, 0.07470703125, -0.0390625, 0.169921875, -0.1826171875, 0.09423828125, 0.005615234375, -0.01507568359375, 0.0634765625, -0.1826171875] 11 0 2
 [0.1748046875, 0.01068115234375, -0.045654296875, 0.07470703125, -0.0390625, 0.169921875, -0.1826171875, 0.09423828125, 0.005615234375, -0.01507568359375, 0.0634765625, -0.1826171875] 11 0 2
 [0.1748046875, 0.01068115234375, -0.045654296875, 0.07470703125, -0.0390625, 0.169921875, -0.1826171875, 0.09423828125, 0.005615234375, -0.01507568359375, 0.0634765625, -0.1826171875] 11 0 2
 [0.1748046875, 0.01068115234375, -0.045654296875, 0.07470703125, -0.0390625, 0.169921875, -0.1826171875, 0.09423828125, 0.005615234375, -0.01507568359375, 0.0634765625, -0.1826171875] 11 0 2
 [0.1748046875, 0.01068115234375, -0.045654296875, 0.07470703125, -0.0390625, 0.169921875, -0.1826171875, 0.09423828125, 0.005615234375, -0.01507568359375, 0.0634765625, -0.1826171875] 11 0 2
 [0.1748046875, 0.01068115234375, -0.045654296875, 0.07470703125, -0.0390625, 0.169921875, -0.1826171875, 0.09423828125, 0.005615234375, -0.01507568359375, 0.0634765625, -0.1826171875] 11 0 2
 [0.1748046875, 0.01068115234375, -0.045654296875, 0.07470703125, -0.0390625, 0.169921875, -0.1826171875, 0.09423828125, 0.005615234375, -0.01507568359375, 0.0634765625, -0.1826171875] 10 0 2
 [0.1748046875, 0.01068115234375, -0.045654296875, 0.07470703125, -0.0390625, 0.169921875, -0.1826171875, 0.09423828125, 0.005615234375, -0.01507568359375, 0.0634765625, -0.1826171875] 0 1 0
 [0.1748046875, 0.01068115234375, -0.045654296875, 0.07470703125, -0.0390625, 0.169921875, -0.1826171875, 0.09423828125, 0.005615234375, -0.01507568359375, 0.0634765625, -0.1826171875] 0 1 0
 [0.1748046875, 0.01068115234375, -0.045654296875, 0.07470703125, -0.0390625, 0.169921875, -0.1826171875, 0.09423828125, 0.005615234375, -0.01507568359375, 0.0634765625, -0.1826171875] 0 1 0
 [0.1748046875, 0.01068115234375, -0.045654296875, 0.07470703125, -0.0390625, 0.169921875, -0.1826171875, 0.09423828125, 0.005615234375, -0.01507568359375, 0.0634765625, -0.1826171875] 0 1 0
 [0.1748046875, 0.01068115234375, -0.045654296875, 0.07470703125, -0.0390625, 0.169921875, -0.1826171875, 0.09423828125, 0.005615234375, -0.01507568359375, 0.0634765625, -0.1826171875] 0 1 0
 [0.1748046875, 0.01068115234375, -0.045654296875, 0.07470703125, -0.0390625, 0.169921875, -0.1826171875, 0.09423828125, 0.005615234375, -0.01507568359375, 0.0634765625, -0.1826171875] 0 1 0
 [0.1748046875, 0.01068115234375, -0.045654296875, 0.07470703125, -0.0390625, 0.169921875, -0.1826171875, 0.09423828125, 0.005615234375, -0.01507568359375, 0.0634765625, -0.1826171875] 0 1 0
 [0.1748046875, 0.01068115234375, -0.045654296875, 0.07470703125, -0.0390625, 0.169921875, -0.1826171875, 0.09423828125, 0.005615234375, -0.01507568359375, 0.0634765625, -0.1826171875] 0 1 0
 [0.1748046875, 0.01068115234375, -0.045654296875, 0.07470703125, -0.0390625, 0.169921875, -0.1826171875, 0.09423828125, 0.005615234375, -0.01507568359375, 0.0634765625, -0.1826171875] 0 1 0
 [0.1748046875, 0.01068115234375, -0.045654296875, 0.07470703125, -0.0390625, 0.169921875, -0.1826171875, 0.09423828125, 0.005615234375, -0.01507568359375, 0.0634765625, -0.1826171875] 0 1 0
 [0.1748046875, 0.01068115234375, -0.045654296875, 0.07470703125, -0.0390625, 0.169921875, -0.1826171875, 0.09423828125, 0.005615234375, -0.01507568359375, 0.0634765625, -0.1826171875] 0 1 0
 [0.1748046875, 0.01068115234375, -0.045654296875, 0.07470703125, -0.0390625, 0.169921875, -0.1826171875, 0.09423828125, 0.005615234375, -0.01507568359375, 0.0634765625, -0.1826171875] 0 1 0
 [0.1748046875, 0.01068115234375, -0.045654296875, 0.07470703125, -0.0390625, 0.169921875, -0.1826171875, 0.09423828125, 0.005615234375, -0.01507568359375, 0.0634765625, -0.1826171875] 0 1 0
 [0.1748046875, 0.01068115234375, -0.045654296875, 0.07470703125, -0.0390625, 0.169921875, -0.1826171875, 0.09423828125, 0.005615234375, -0.01507568359375, 0.0634765625, -0.1826171875] 0 1 0
 [0.1748046875, 0.01068115234375, -0.045654296875, 0.07470703125, -0.0390625, 0.169921875, -0.1826171875, 0.09423828125, 0.005615234375, -0.01507568359375, 0.0634765625, -0.1826171875] 0 1 0
 [0.1748046875, 0.01068115234375, -0.045654296875, 0.07470703125, -0.0390625, 0.169921875, -0.1826171875, 0.09423828125, 0.005615234375, -0.01507568359375, 0.0634765625, -0.1826171875] 0 1 0
 [0.1748046875, 0.01068115234375, -0.045654296875, 0.07470703125, -0.0390625, 0.169921875, -0.1826171875, 0.09423828125, 0.005615234375, -0.01507568359375, 0.0634765625, -0.1826171875] 0 1 0
 [0.1748046875, 0.01068115234375, -0.045654296875, 0.07470703125, -0.0390625, 0.169921875, -0.1826171875, 0.09423828125, 0.005615234375, -0.01507568359375, 0.0634765625, -0.1826171875] 0 1 0
 [0.1748046875, 0.01068115234375, -0.045654296875, 0.07470703125, -0.0390625, 0.169921875, -0.1826171875, 0.09423828125, 0.005615234375, -0.01507568359375, 0.0634765625, -0.1826171875] 0 1 0
 [0.1748046875, 0.01068115234375, -0.045654296875, 0.07470703125, -0.0390625, 0.169921875, -0.1826171875, 0.09423828125, 0.005615234375, -0.01507568359375, 0.0634765625, -0.1826171875] 0 1 0
 [0.1748046875, 0.01068115234375, -0.045654296875, 0.07470703125, -0.0390625, 0.169921875, -0.1826171875, 0.09423828125, 0.005615234375, -0.01507568359375, 0.0634765625, -0.1826171875] 0 1 0
 [0.1748046875, 0.01068115234375, -0.045654296875, 0.07470703125, -0.0390625, 0.169921875, -0.1826171875, 0.09423828125, 0.005615234375, -0.01507568359375, 0.0634765625, -0.1826171875] 0 1 0
 [0.1748046875, 0.01068115234375, -0.045654296875, 0.07470703125, -0.0390625, 0.169921875, -0.1826171875, 0.09423828125, 0.005615234375, -0.01507568359375, 0.0634765625, -0.1826171875] 0 1 0
 [0.1748046875, 0.01068115234375, -0.045654296875, 0.07470703125, -0.0390625, 0.169921875, -0.1826171875, 0.09423828125, 0.005615234375, -0.01507568359375, 0.0634765625, -0.1826171875] 0 1 0
 [0.1748046875, 0.01068115234375, -0.045654296875, 0.07470703125, -0.0390625, 0.169921875, -0.1826171875, 0.09423828125, 0.005615234375, -0.01507568359375, 0.0634765625, -0.1826171875] 0 1 0
 [0.1748046875, 0.01068115234375, -0.045654296875, 0.07470703125, -0.0390625, 0.169921875, -0.1826171875, 0.09423828125, 0.005615234375, -0.01507568359375, 0.0634765625, -0.1826171875] 0 1 0
 [0.1748046875, 0.01068115234375, -0.045654296875, 0.07470703125, -0.0390625, 0.169921875, -0.1826171875, 0.09423828125, 0.005615234375, -0.01507568359375, 0.0634765625, -0.1826171875] 0 1 0
 [0.1748046875, 0.01068115234375, -0.045654296875, 0.07470703125, -0.0390625, 0.169921875, -0.1826171875, 0.09423828125, 0.005615234375, -0.01507568359375, 0.0634765625, -0.1826171875] 0 1 0
 [0.1748046875, 0.01068115234375, -0.045654296875, 0.07470703125, -0.0390625, 0.169921875, -0.1826171875, 0.09423828125, 0.005615234375, -0.01507568359375, 0.0634765625, -0.1826171875] 0 1 0
 [0.1748046875, 0.01068115234375, -0.045654296875, 0.07470703125, -0.0390625, 0.169921875, -0.1826171875, 0.09423828125, 0.005615234375, -0.01507568359375, 0.0634765625, -0.1826171875] 0 1 0
 [0.1748046875, 0.01068115234375, -0.045654296875, 0.07470703125, -0.0390625, 0.169921875, -0.1826171875, 0.09423828125, 0.005615234375, -0.01507568359375, 0.0634765625, -0.1826171875] 0 1 0
 [0.1748046875, 0.01068115234375, -0.045654296875, 0.07470703125, -0.0390625, 0.169921875, -0.1826171875, 0.09423828125, 0.005615234375, -0.01507568359375, 0.0634765625, -0.1826171875] 0 1 0
 [0.1748046875, 0.01068115234375, -0.045654296875, 0.07470703125, -0.0390625, 0.169921875, -0.1826171875, 0.09423828125, 0.005615234375, -0.01507568359375, 0.0634765625, -0.1826171875] 0 1 0
 [0.1748046875, 0.01068115234375, -0.045654296875, 0.07470703125, -0.0390625, 0.169921875, -0.1826171875, 0.09423828125, 0.005615234375, -0.01507568359375, 0.0634765625, -0.1826171875] 1 1 0
 [0.1748046875, 0.01068115234375, -0.045654296875, 0.07470703125, -0.0390625, 0.169921875, -0.1826171875, 0.09423828125, 0.005615234375, -0.01507568359375, 0.0634765625, -0.1826171875] 1 1 0
 [0.1748046875, 0.01068115234375, -0.045654296875, 0.07470703125, -0.0390625, 0.169921875, -0.1826171875, 0.09423828125, 0.005615234375, -0.01507568359375, 0.0634765625, -0.1826171875] 1 1 0
 [0.1748046875, 0.01068115234375, -0.045654296875, 0.07470703125, -0.0390625, 0.169921875, -0.1826171875, 0.09423828125, 0.005615234375, -0.01507568359375, 0.0634765625, -0.1826171875] 1 1 0
 [0.1748046875, 0.01068115234375, -0.045654296875, 0.07470703125, -0.0390625, 0.169921875, -0.1826171875, 0.09423828125, 0.005615234375, -0.01507568359375, 0.0634765625, -0.1826171875] 1 1 0
 [0.1748046875, 0.01068115234375, -0.045654296875, 0.07470703125, -0.0390625, 0.169921875, -0.1826171875, 0.09423828125, 0.005615234375, -0.01507568359375, 0.0634765625, -0.1826171875] 1 1 0
 [0.1748046875, 0.01068115234375, -0.045654296875, 0.07470703125, -0.0390625, 0.169921875, -0.1826171875, 0.09423828125, 0.005615234375, -0.01507568359375, 0.0634765625, -0.1826171875] 1 1 0
 [0.1748046875, 0.01068115234375, -0.045654296875, 0.07470703125, -0.0390625, 0.169921875, -0.1826171875, 0.09423828125, 0.005615234375, -0.01507568359375, 0.0634765625, -0.1826171875] 1 1 0
 [0.1748046875, 0.01068115234375, -0.045654296875, 0.07470703125, -0.0390625, 0.169921875, -0.1826171875, 0.09423828125, 0.005615234375, -0.01507568359375, 0.0634765625, -0.1826171875] 1 1 0
 [0.1748046875, 0.01068115234375, -0.045654296875, 0.07470703125, -0.0390625, 0.169921875, -0.1826171875, 0.09423828125, 0.005615234375, -0.01507568359375, 0.0634765625, -0.1826171875] 1 1 0
 [0.1748046875, 0.01068115234375, -0.045654296875, 0.07470703125, -0.0390625, 0.169921875, -0.1826171875, 0.09423828125, 0.005615234375, -0.01507568359375, 0.0634765625, -0.1826171875] 1 1 0
 [0.1748046875, 0.01068115234375, -0.045654296875, 0.07470703125, -0.0390625, 0.169921875, -0.1826171875, 0.09423828125, 0.005615234375, -0.01507568359375, 0.0634765625, -0.1826171875] 1 1 0
 [0.1748046875, 0.01068115234375, -0.045654296875, 0.07470703125, -0.0390625, 0.169921875, -0.1826171875, 0.09423828125, 0.005615234375, -0.01507568359375, 0.0634765625, -0.1826171875] 1 1 0
 [0.1748046875, 0.01068115234375, -0.045654296875, 0.07470703125, -0.0390625, 0.169921875, -0.1826171875, 0.09423828125, 0.005615234375, -0.01507568359375, 0.0634765625, -0.1826171875] 1 1 0
 [0.1748046875, 0.01068115234375, -0.045654296875, 0.07470703125, -0.0390625, 0.169921875, -0.1826171875, 0.09423828125, 0.005615234375, -0.01507568359375, 0.0634765625, -0.1826171875] 1 1 0
 [0.1748046875, 0.01068115234375, -0.045654296875, 0.07470703125, -0.0390625, 0.169921875, -0.1826171875, 0.09423828125, 0.005615234375, -0.01507568359375, 0.0634765625, -0.1826171875] 1 1 0
 [0.1748046875, 0.01068115234375, -0.045654296875, 0.07470703125, -0.0390625, 0.169921875, -0.1826171875, 0.09423828125, 0.005615234375, -0.01507568359375, 0.0634765625, -0.1826171875] 1 1 0
 [0.1748046875, 0.01068115234375, -0.045654296875, 0.07470703125, -0.0390625, 0.169921875, -0.1826171875, 0.09423828125, 0.005615234375, -0.01507568359375, 0.0634765625, -0.1826171875] 1 1 0
 [0.1748046875, 0.01068115234375, -0.045654296875, 0.07470703125, -0.0390625, 0.169921875, -0.1826171875, 0.09423828125, 0.005615234375, -0.01507568359375, 0.0634765625, -0.1826171875] 1 1 0
 [0.1748046875, 0.01068115234375, -0.045654296875, 0.07470703125, -0.0390625, 0.169921875, -0.1826171875, 0.09423828125, 0.005615234375, -0.01507568359375, 0.0634765625, -0.1826171875] 1 1 0
 [0.1748046875, 0.01068115234375, -0.045654296875, 0.07470703125, -0.0390625, 0.169921875, -0.1826171875, 0.09423828125, 0.005615234375, -0.01507568359375, 0.0634765625, -0.1826171875] 1 1 0
 [0.1748046875, 0.01068115234375, -0.045654296875, 0.07470703125, -0.0390625, 0.169921875, -0.1826171875, 0.09423828125, 0.005615234375, -0.01507568359375, 0.0634765625, -0.1826171875] 1 1 0
 [0.1748046875, 0.01068115234375, -0.045654296875, 0.07470703125, -0.0390625, 0.169921875, -0.1826171875, 0.09423828125, 0.005615234375, -0.01507568359375, 0.0634765625, -0.1826171875] 1 1 0
 [0.1748046875, 0.01068115234375, -0.045654296875, 0.07470703125, -0.0390625, 0.169921875, -0.1826171875, 0.09423828125, 0.005615234375, -0.01507568359375, 0.0634765625, -0.1826171875] 1 1 0
 [0.1748046875, 0.01068115234375, -0.045654296875, 0.07470703125, -0.0390625, 0.169921875, -0.1826171875, 0.09423828125, 0.005615234375, -0.01507568359375, 0.0634765625, -0.1826171875] 1 1 0
 [0.1748046875, 0.01068115234375, -0.045654296875, 0.07470703125, -0.0390625, 0.169921875, -0.1826171875, 0.09423828125, 0.005615234375, -0.01507568359375, 0.0634765625, -0.1826171875] 1 1 0
 [0.1748046875, 0.01068115234375, -0.045654296875, 0.07470703125, -0.0390625, 0.169921875, -0.1826171875, 0.09423828125, 0.005615234375, -0.01507568359375, 0.0634765625, -0.1826171875] 1 1 0
 [0.1748046875, 0.01068115234375, -0.045654296875, 0.07470703125, -0.0390625, 0.169921875, -0.1826171875, 0.09423828125, 0.005615234375, -0.01507568359375, 0.0634765625, -0.1826171875] 1 1 0
 [0.1748046875, 0.01068115234375, -0.045654296875, 0.07470703125, -0.0390625, 0.169921875, -0.1826171875, 0.09423828125, 0.005615234375, -0.01507568359375, 0.0634765625, -0.1826171875] 1 1 0
 [0.1748046875, 0.01068115234375, -0.045654296875, 0.07470703125, -0.0390625, 0.169921875, -0.1826171875, 0.09423828125, 0.005615234375, -0.01507568359375, 0.0634765625, -0.1826171875] 1 1 0
 [0.1748046875, 0.01068115234375, -0.045654296875, 0.07470703125, -0.0390625, 0.169921875, -0.1826171875, 0.09423828125, 0.005615234375, -0.01507568359375, 0.0634765625, -0.1826171875] 1 1 0
 [0.1748046875, 0.01068115234375, -0.045654296875, 0.07470703125, -0.0390625, 0.169921875, -0.1826171875, 0.09423828125, 0.005615234375, -0.01507568359375, 0.0634765625, -0.1826171875] 1 1 0
 [0.1748046875, 0.01068115234375, -0.045654296875, 0.07470703125, -0.0390625, 0.169921875, -0.1826171875, 0.09423828125, 0.005615234375, -0.01507568359375, 0.0634765625, -0.1826171875] 1 1 0
 [0.1748046875, 0.01068115234375, -0.045654296875, 0.07470703125, -0.0390625, 0.169921875, -0.1826171875, 0.09423828125, 0.005615234375, -0.01507568359375, 0.0634765625, -0.1826171875] 1 1 0
 [0.1748046875, 0.01068115234375, -0.045654296875, 0.07470703125, -0.0390625, 0.169921875, -0.1826171875, 0.09423828125, 0.005615234375, -0.01507568359375, 0.0634765625, -0.1826171875] 2 1 0
 [0.1748046875, 0.01068115234375, -0.045654296875, 0.07470703125, -0.0390625, 0.169921875, -0.1826171875, 0.09423828125, 0.005615234375, -0.01507568359375, 0.0634765625, -0.1826171875] 2 1 0
 [0.1748046875, 0.01068115234375, -0.045654296875, 0.07470703125, -0.0390625, 0.169921875, -0.1826171875, 0.09423828125, 0.005615234375, -0.01507568359375, 0.0634765625, -0.1826171875] 2 1 0
 [0.1748046875, 0.01068115234375, -0.045654296875, 0.07470703125, -0.0390625, 0.169921875, -0.1826171875, 0.09423828125, 0.005615234375, -0.01507568359375, 0.0634765625, -0.1826171875] 2 1 0
 [0.1748046875, 0.01068115234375, -0.045654296875, 0.07470703125, -0.0390625, 0.169921875, -0.1826171875, 0.09423828125, 0.005615234375, -0.01507568359375, 0.0634765625, -0.1826171875] 2 1 0
 [0.1748046875, 0.01068115234375, -0.045654296875, 0.07470703125, -0.0390625, 0.169921875, -0.1826171875, 0.09423828125, 0.005615234375, -0.01507568359375, 0.0634765625, -0.1826171875] 2 1 0
 [0.1748046875, 0.01068115234375, -0.045654296875, 0.07470703125, -0.0390625, 0.169921875, -0.1826171875, 0.09423828125, 0.005615234375, -0.01507568359375, 0.0634765625, -0.1826171875] 2 1 0
 [0.1748046875, 0.01068115234375, -0.045654296875, 0.07470703125, -0.0390625, 0.169921875, -0.1826171875, 0.09423828125, 0.005615234375, -0.01507568359375, 0.0634765625, -0.1826171875] 2 1 0
 [0.1748046875, 0.01068115234375, -0.045654296875, 0.07470703125, -0.0390625, 0.169921875, -0.1826171875, 0.09423828125, 0.005615234375, -0.01507568359375, 0.0634765625, -0.1826171875] 2 1 0
 [0.1748046875, 0.01068115234375, -0.045654296875, 0.07470703125, -0.0390625, 0.169921875, -0.1826171875, 0.09423828125, 0.005615234375, -0.01507568359375, 0.0634765625, -0.1826171875] 2 1 0
 [0.1748046875, 0.01068115234375, -0.045654296875, 0.07470703125, -0.0390625, 0.169921875, -0.1826171875, 0.09423828125, 0.005615234375, -0.01507568359375, 0.0634765625, -0.1826171875] 2 1 0
 [0.1748046875, 0.01068115234375, -0.045654296875, 0.07470703125, -0.0390625, 0.169921875, -0.1826171875, 0.09423828125, 0.005615234375, -0.01507568359375, 0.0634765625, -0.1826171875] 2 1 0
 [0.1748046875, 0.01068115234375, -0.045654296875, 0.07470703125, -0.0390625, 0.169921875, -0.1826171875, 0.09423828125, 0.005615234375, -0.01507568359375, 0.0634765625, -0.1826171875] 2 1 0
 [0.1748046875, 0.01068115234375, -0.045654296875, 0.07470703125, -0.0390625, 0.169921875, -0.1826171875, 0.09423828125, 0.005615234375, -0.01507568359375, 0.0634765625, -0.1826171875] 2 1 0
 [0.1748046875, 0.01068115234375, -0.045654296875, 0.07470703125, -0.0390625, 0.169921875, -0.1826171875, 0.09423828125, 0.005615234375, -0.01507568359375, 0.0634765625, -0.1826171875] 2 1 0
 [0.1748046875, 0.01068115234375, -0.045654296875, 0.07470703125, -0.0390625, 0.169921875, -0.1826171875, 0.09423828125, 0.005615234375, -0.01507568359375, 0.0634765625, -0.1826171875] 2 1 0
 [0.1748046875, 0.01068115234375, -0.045654296875, 0.07470703125, -0.0390625, 0.169921875, -0.1826171875, 0.09423828125, 0.005615234375, -0.01507568359375, 0.0634765625, -0.1826171875] 2 1 0
 [0.1748046875, 0.01068115234375, -0.045654296875, 0.07470703125, -0.0390625, 0.169921875, -0.1826171875, 0.09423828125, 0.005615234375, -0.01507568359375, 0.0634765625, -0.1826171875] 2 1 0
 [0.1748046875, 0.01068115234375, -0.045654296875, 0.07470703125, -0.0390625, 0.169921875, -0.1826171875, 0.09423828125, 0.005615234375, -0.01507568359375, 0.0634765625, -0.1826171875] 2 1 0
 [0.1748046875, 0.01068115234375, -0.045654296875, 0.07470703125, -0.0390625, 0.169921875, -0.1826171875, 0.09423828125, 0.005615234375, -0.01507568359375, 0.0634765625, -0.1826171875] 2 1 0
 [0.1748046875, 0.01068115234375, -0.045654296875, 0.07470703125, -0.0390625, 0.169921875, -0.1826171875, 0.09423828125, 0.005615234375, -0.01507568359375, 0.0634765625, -0.1826171875] 2 1 0
 [0.1748046875, 0.01068115234375, -0.045654296875, 0.07470703125, -0.0390625, 0.169921875, -0.1826171875, 0.09423828125, 0.005615234375, -0.01507568359375, 0.0634765625, -0.1826171875] 2 1 0
 [0.1748046875, 0.01068115234375, -0.045654296875, 0.07470703125, -0.0390625, 0.169921875, -0.1826171875, 0.09423828125, 0.005615234375, -0.01507568359375, 0.0634765625, -0.1826171875] 2 1 0
 [0.1748046875, 0.01068115234375, -0.045654296875, 0.07470703125, -0.0390625, 0.169921875, -0.1826171875, 0.09423828125, 0.005615234375, -0.01507568359375, 0.0634765625, -0.1826171875] 2 1 0
 [0.1748046875, 0.01068115234375, -0.045654296875, 0.07470703125, -0.0390625, 0.169921875, -0.1826171875, 0.09423828125, 0.005615234375, -0.01507568359375, 0.0634765625, -0.1826171875] 2 1 0
 [0.1748046875, 0.01068115234375, -0.045654296875, 0.07470703125, -0.0390625, 0.169921875, -0.1826171875, 0.09423828125, 0.005615234375, -0.01507568359375, 0.0634765625, -0.1826171875] 2 1 0
 [0.1748046875, 0.01068115234375, -0.045654296875, 0.07470703125, -0.0390625, 0.169921875, -0.1826171875, 0.09423828125, 0.005615234375, -0.01507568359375, 0.0634765625, -0.1826171875] 2 1 0
 [0.1748046875, 0.01068115234375, -0.045654296875, 0.07470703125, -0.0390625, 0.169921875, -0.1826171875, 0.09423828125, 0.005615234375, -0.01507568359375, 0.0634765625, -0.1826171875] 2 1 0
 [0.1748046875, 0.01068115234375, -0.045654296875, 0.07470703125, -0.0390625, 0.169921875, -0.1826171875, 0.09423828125, 0.005615234375, -0.01507568359375, 0.0634765625, -0.1826171875] 2 1 0
 [0.1748046875, 0.01068115234375, -0.045654296875, 0.07470703125, -0.0390625, 0.169921875, -0.1826171875, 0.09423828125, 0.005615234375, -0.01507568359375, 0.0634765625, -0.1826171875] 2 1 0
 [0.1748046875, 0.01068115234375, -0.045654296875, 0.07470703125, -0.0390625, 0.169921875, -0.1826171875, 0.09423828125, 0.005615234375, -0.01507568359375, 0.0634765625, -0.1826171875] 2 1 0
 [0.1748046875, 0.01068115234375, -0.045654296875, 0.07470703125, -0.0390625, 0.169921875, -0.1826171875, 0.09423828125, 0.005615234375, -0.01507568359375, 0.0634765625, -0.1826171875] 3 1 0
 [0.1748046875, 0.01068115234375, -0.045654296875, 0.07470703125, -0.0390625, 0.169921875, -0.1826171875, 0.09423828125, 0.005615234375, -0.01507568359375, 0.0634765625, -0.1826171875] 3 1 0
 [0.1748046875, 0.01068115234375, -0.045654296875, 0.07470703125, -0.0390625, 0.169921875, -0.1826171875, 0.09423828125, 0.005615234375, -0.01507568359375, 0.0634765625, -0.1826171875] 3 1 0
 [0.1748046875, 0.01068115234375, -0.045654296875, 0.07470703125, -0.0390625, 0.169921875, -0.1826171875, 0.09423828125, 0.005615234375, -0.01507568359375, 0.0634765625, -0.1826171875] 3 1 0
 [0.1748046875, 0.01068115234375, -0.045654296875, 0.07470703125, -0.0390625, 0.169921875, -0.1826171875, 0.09423828125, 0.005615234375, -0.01507568359375, 0.0634765625, -0.1826171875] 3 1 0
 [0.1748046875, 0.01068115234375, -0.045654296875, 0.07470703125, -0.0390625, 0.169921875, -0.1826171875, 0.09423828125, 0.005615234375, -0.01507568359375, 0.0634765625, -0.1826171875] 3 1 0
 [0.1748046875, 0.01068115234375, -0.045654296875, 0.07470703125, -0.0390625, 0.169921875, -0.1826171875, 0.09423828125, 0.005615234375, -0.01507568359375, 0.0634765625, -0.1826171875] 3 1 0
 [0.1748046875, 0.01068115234375, -0.045654296875, 0.07470703125, -0.0390625, 0.169921875, -0.1826171875, 0.09423828125, 0.005615234375, -0.01507568359375, 0.0634765625, -0.1826171875] 3 1 0
 [0.1748046875, 0.01068115234375, -0.045654296875, 0.07470703125, -0.0390625, 0.169921875, -0.1826171875, 0.09423828125, 0.005615234375, -0.01507568359375, 0.0634765625, -0.1826171875] 3 1 0
 [0.1748046875, 0.01068115234375, -0.045654296875, 0.07470703125, -0.0390625, 0.169921875, -0.1826171875, 0.09423828125, 0.005615234375, -0.01507568359375, 0.0634765625, -0.1826171875] 3 1 0
 [0.1748046875, 0.01068115234375, -0.045654296875, 0.07470703125, -0.0390625, 0.169921875, -0.1826171875, 0.09423828125, 0.005615234375, -0.01507568359375, 0.0634765625, -0.1826171875] 3 1 0
 [0.1748046875, 0.01068115234375, -0.045654296875, 0.07470703125, -0.0390625, 0.169921875, -0.1826171875, 0.09423828125, 0.005615234375, -0.01507568359375, 0.0634765625, -0.1826171875] 3 1 0
 [0.1748046875, 0.01068115234375, -0.045654296875, 0.07470703125, -0.0390625, 0.169921875, -0.1826171875, 0.09423828125, 0.005615234375, -0.01507568359375, 0.0634765625, -0.1826171875] 3 1 0
 [0.1748046875, 0.01068115234375, -0.045654296875, 0.07470703125, -0.0390625, 0.169921875, -0.1826171875, 0.09423828125, 0.005615234375, -0.01507568359375, 0.0634765625, -0.1826171875] 3 1 0
 [0.1748046875, 0.01068115234375, -0.045654296875, 0.07470703125, -0.0390625, 0.169921875, -0.1826171875, 0.09423828125, 0.005615234375, -0.01507568359375, 0.0634765625, -0.1826171875] 3 1 0
 [0.1748046875, 0.01068115234375, -0.045654296875, 0.07470703125, -0.0390625, 0.169921875, -0.1826171875, 0.09423828125, 0.005615234375, -0.01507568359375, 0.0634765625, -0.1826171875] 3 1 0
 [0.1748046875, 0.01068115234375, -0.045654296875, 0.07470703125, -0.0390625, 0.169921875, -0.1826171875, 0.09423828125, 0.005615234375, -0.01507568359375, 0.0634765625, -0.1826171875] 3 1 0
 [0.1748046875, 0.01068115234375, -0.045654296875, 0.07470703125, -0.0390625, 0.169921875, -0.1826171875, 0.09423828125, 0.005615234375, -0.01507568359375, 0.0634765625, -0.1826171875] 3 1 0
 [0.1748046875, 0.01068115234375, -0.045654296875, 0.07470703125, -0.0390625, 0.169921875, -0.1826171875, 0.09423828125, 0.005615234375, -0.01507568359375, 0.0634765625, -0.1826171875] 3 1 0
 [0.1748046875, 0.01068115234375, -0.045654296875, 0.07470703125, -0.0390625, 0.169921875, -0.1826171875, 0.09423828125, 0.005615234375, -0.01507568359375, 0.0634765625, -0.1826171875] 3 1 0
 [0.1748046875, 0.01068115234375, -0.045654296875, 0.07470703125, -0.0390625, 0.169921875, -0.1826171875, 0.09423828125, 0.005615234375, -0.01507568359375, 0.0634765625, -0.1826171875] 3 1 0
 [0.1748046875, 0.01068115234375, -0.045654296875, 0.07470703125, -0.0390625, 0.169921875, -0.1826171875, 0.09423828125, 0.005615234375, -0.01507568359375, 0.0634765625, -0.1826171875] 3 1 0
 [0.1748046875, 0.01068115234375, -0.045654296875, 0.07470703125, -0.0390625, 0.169921875, -0.1826171875, 0.09423828125, 0.005615234375, -0.01507568359375, 0.0634765625, -0.1826171875] 3 1 0
 [0.1748046875, 0.01068115234375, -0.045654296875, 0.07470703125, -0.0390625, 0.169921875, -0.1826171875, 0.09423828125, 0.005615234375, -0.01507568359375, 0.0634765625, -0.1826171875] 3 1 0
 [0.1748046875, 0.01068115234375, -0.045654296875, 0.07470703125, -0.0390625, 0.169921875, -0.1826171875, 0.09423828125, 0.005615234375, -0.01507568359375, 0.0634765625, -0.1826171875] 3 1 0
 [0.1748046875, 0.01068115234375, -0.045654296875, 0.07470703125, -0.0390625, 0.169921875, -0.1826171875, 0.09423828125, 0.005615234375, -0.01507568359375, 0.0634765625, -0.1826171875] 3 1 0
 [0.1748046875, 0.01068115234375, -0.045654296875, 0.07470703125, -0.0390625, 0.169921875, -0.1826171875, 0.09423828125, 0.005615234375, -0.01507568359375, 0.0634765625, -0.1826171875] 3 1 0
 [0.1748046875, 0.01068115234375, -0.045654296875, 0.07470703125, -0.0390625, 0.169921875, -0.1826171875, 0.09423828125, 0.005615234375, -0.01507568359375, 0.0634765625, -0.1826171875] 3 1 0
 [0.1748046875, 0.01068115234375, -0.045654296875, 0.07470703125, -0.0390625, 0.169921875, -0.1826171875, 0.09423828125, 0.005615234375, -0.01507568359375, 0.0634765625, -0.1826171875] 3 1 0
 [0.1748046875, 0.01068115234375, -0.045654296875, 0.07470703125, -0.0390625, 0.169921875, -0.1826171875, 0.09423828125, 0.005615234375, -0.01507568359375, 0.0634765625, -0.1826171875] 3 1 0
 [0.1748046875, 0.01068115234375, -0.045654296875, 0.07470703125, -0.0390625, 0.169921875, -0.1826171875, 0.09423828125, 0.005615234375, -0.01507568359375, 0.0634765625, -0.1826171875] 3 1 0
 [0.1748046875, 0.01068115234375, -0.045654296875, 0.07470703125, -0.0390625, 0.169921875, -0.1826171875, 0.09423828125, 0.005615234375, -0.01507568359375, 0.0634765625, -0.1826171875] 4 1 0
 [0.1748046875, 0.01068115234375, -0.045654296875, 0.07470703125, -0.0390625, 0.169921875, -0.1826171875, 0.09423828125, 0.005615234375, -0.01507568359375, 0.0634765625, -0.1826171875] 4 1 0
 [0.1748046875, 0.01068115234375, -0.045654296875, 0.07470703125, -0.0390625, 0.169921875, -0.1826171875, 0.09423828125, 0.005615234375, -0.01507568359375, 0.0634765625, -0.1826171875] 4 1 0
 [0.1748046875, 0.01068115234375, -0.045654296875, 0.07470703125, -0.0390625, 0.169921875, -0.1826171875, 0.09423828125, 0.005615234375, -0.01507568359375, 0.0634765625, -0.1826171875] 4 1 0
 [0.1748046875, 0.01068115234375, -0.045654296875, 0.07470703125, -0.0390625, 0.169921875, -0.1826171875, 0.09423828125, 0.005615234375, -0.01507568359375, 0.0634765625, -0.1826171875] 4 1 0
 [0.1748046875, 0.01068115234375, -0.045654296875, 0.07470703125, -0.0390625, 0.169921875, -0.1826171875, 0.09423828125, 0.005615234375, -0.01507568359375, 0.0634765625, -0.1826171875] 4 1 0
 [0.1748046875, 0.01068115234375, -0.045654296875, 0.07470703125, -0.0390625, 0.169921875, -0.1826171875, 0.09423828125, 0.005615234375, -0.01507568359375, 0.0634765625, -0.1826171875] 4 1 0
 [0.1748046875, 0.01068115234375, -0.045654296875, 0.07470703125, -0.0390625, 0.169921875, -0.1826171875, 0.09423828125, 0.005615234375, -0.01507568359375, 0.0634765625, -0.1826171875] 4 1 0
 [0.1748046875, 0.01068115234375, -0.045654296875, 0.07470703125, -0.0390625, 0.169921875, -0.1826171875, 0.09423828125, 0.005615234375, -0.01507568359375, 0.0634765625, -0.1826171875] 4 1 0
 [0.1748046875, 0.01068115234375, -0.045654296875, 0.07470703125, -0.0390625, 0.169921875, -0.1826171875, 0.09423828125, 0.005615234375, -0.01507568359375, 0.0634765625, -0.1826171875] 4 1 0
 [0.1748046875, 0.01068115234375, -0.045654296875, 0.07470703125, -0.0390625, 0.169921875, -0.1826171875, 0.09423828125, 0.005615234375, -0.01507568359375, 0.0634765625, -0.1826171875] 4 1 0
 [0.1748046875, 0.01068115234375, -0.045654296875, 0.07470703125, -0.0390625, 0.169921875, -0.1826171875, 0.09423828125, 0.005615234375, -0.01507568359375, 0.0634765625, -0.1826171875] 4 1 0
 [0.1748046875, 0.01068115234375, -0.045654296875, 0.07470703125, -0.0390625, 0.169921875, -0.1826171875, 0.09423828125, 0.005615234375, -0.01507568359375, 0.0634765625, -0.1826171875] 4 1 0
 [0.1748046875, 0.01068115234375, -0.045654296875, 0.07470703125, -0.0390625, 0.169921875, -0.1826171875, 0.09423828125, 0.005615234375, -0.01507568359375, 0.0634765625, -0.1826171875] 4 1 0
 [0.1748046875, 0.01068115234375, -0.045654296875, 0.07470703125, -0.0390625, 0.169921875, -0.1826171875, 0.09423828125, 0.005615234375, -0.01507568359375, 0.0634765625, -0.1826171875] 4 1 0
 [0.1748046875, 0.01068115234375, -0.045654296875, 0.07470703125, -0.0390625, 0.169921875, -0.1826171875, 0.09423828125, 0.005615234375, -0.01507568359375, 0.0634765625, -0.1826171875] 4 1 0
 [0.1748046875, 0.01068115234375, -0.045654296875, 0.07470703125, -0.0390625, 0.169921875, -0.1826171875, 0.09423828125, 0.005615234375, -0.01507568359375, 0.0634765625, -0.1826171875] 4 1 0
 [0.1748046875, 0.01068115234375, -0.045654296875, 0.07470703125, -0.0390625, 0.169921875, -0.1826171875, 0.09423828125, 0.005615234375, -0.01507568359375, 0.0634765625, -0.1826171875] 4 1 0
 [0.1748046875, 0.01068115234375, -0.045654296875, 0.07470703125, -0.0390625, 0.169921875, -0.1826171875, 0.09423828125, 0.005615234375, -0.01507568359375, 0.0634765625, -0.1826171875] 4 1 0
 [0.1748046875, 0.01068115234375, -0.045654296875, 0.07470703125, -0.0390625, 0.169921875, -0.1826171875, 0.09423828125, 0.005615234375, -0.01507568359375, 0.0634765625, -0.1826171875] 4 1 0
 [0.1748046875, 0.01068115234375, -0.045654296875, 0.07470703125, -0.0390625, 0.169921875, -0.1826171875, 0.09423828125, 0.005615234375, -0.01507568359375, 0.0634765625, -0.1826171875] 4 1 0
 [0.1748046875, 0.01068115234375, -0.045654296875, 0.07470703125, -0.0390625, 0.169921875, -0.1826171875, 0.09423828125, 0.005615234375, -0.01507568359375, 0.0634765625, -0.1826171875] 4 1 0
 [0.1748046875, 0.01068115234375, -0.045654296875, 0.07470703125, -0.0390625, 0.169921875, -0.1826171875, 0.09423828125, 0.005615234375, -0.01507568359375, 0.0634765625, -0.1826171875] 4 1 0
 [0.1748046875, 0.01068115234375, -0.045654296875, 0.07470703125, -0.0390625, 0.169921875, -0.1826171875, 0.09423828125, 0.005615234375, -0.01507568359375, 0.0634765625, -0.1826171875] 4 1 0
 [0.1748046875, 0.01068115234375, -0.045654296875, 0.07470703125, -0.0390625, 0.169921875, -0.1826171875, 0.09423828125, 0.005615234375, -0.01507568359375, 0.0634765625, -0.1826171875] 4 1 0
 [0.1748046875, 0.01068115234375, -0.045654296875, 0.07470703125, -0.0390625, 0.169921875, -0.1826171875, 0.09423828125, 0.005615234375, -0.01507568359375, 0.0634765625, -0.1826171875] 4 1 0
 [0.1748046875, 0.01068115234375, -0.045654296875, 0.07470703125, -0.0390625, 0.169921875, -0.1826171875, 0.09423828125, 0.005615234375, -0.01507568359375, 0.0634765625, -0.1826171875] 4 1 0
 [0.1748046875, 0.01068115234375, -0.045654296875, 0.07470703125, -0.0390625, 0.169921875, -0.1826171875, 0.09423828125, 0.005615234375, -0.01507568359375, 0.0634765625, -0.1826171875] 4 1 0
 [0.1748046875, 0.01068115234375, -0.045654296875, 0.07470703125, -0.0390625, 0.169921875, -0.1826171875, 0.09423828125, 0.005615234375, -0.01507568359375, 0.0634765625, -0.1826171875] 4 1 0
 [0.1748046875, 0.01068115234375, -0.045654296875, 0.07470703125, -0.0390625, 0.169921875, -0.1826171875, 0.09423828125, 0.005615234375, -0.01507568359375, 0.0634765625, -0.1826171875] 4 1 0
 [0.1748046875, 0.01068115234375, -0.045654296875, 0.07470703125, -0.0390625, 0.169921875, -0.1826171875, 0.09423828125, 0.005615234375, -0.01507568359375, 0.0634765625, -0.1826171875] 4 1 0
 [0.1748046875, 0.01068115234375, -0.045654296875, 0.07470703125, -0.0390625, 0.169921875, -0.1826171875, 0.09423828125, 0.005615234375, -0.01507568359375, 0.0634765625, -0.1826171875] 4 1 0
 [0.1748046875, 0.01068115234375, -0.045654296875, 0.07470703125, -0.0390625, 0.169921875, -0.1826171875, 0.09423828125, 0.005615234375, -0.01507568359375, 0.0634765625, -0.1826171875] 4 1 0
 [0.1748046875, 0.01068115234375, -0.045654296875, 0.07470703125, -0.0390625, 0.169921875, -0.1826171875, 0.09423828125, 0.005615234375, -0.01507568359375, 0.0634765625, -0.1826171875] 4 1 0
 [0.1748046875, 0.01068115234375, -0.045654296875, 0.07470703125, -0.0390625, 0.169921875, -0.1826171875, 0.09423828125, 0.005615234375, -0.01507568359375, 0.0634765625, -0.1826171875] 5 1 0
 [0.1748046875, 0.01068115234375, -0.045654296875, 0.07470703125, -0.0390625, 0.169921875, -0.1826171875, 0.09423828125, 0.005615234375, -0.01507568359375, 0.0634765625, -0.1826171875] 5 1 0
 [0.1748046875, 0.01068115234375, -0.045654296875, 0.07470703125, -0.0390625, 0.169921875, -0.1826171875, 0.09423828125, 0.005615234375, -0.01507568359375, 0.0634765625, -0.1826171875] 5 1 0
 [0.1748046875, 0.01068115234375, -0.045654296875, 0.07470703125, -0.0390625, 0.169921875, -0.1826171875, 0.09423828125, 0.005615234375, -0.01507568359375, 0.0634765625, -0.1826171875] 5 1 0
 [0.1748046875, 0.01068115234375, -0.045654296875, 0.07470703125, -0.0390625, 0.169921875, -0.1826171875, 0.09423828125, 0.005615234375, -0.01507568359375, 0.0634765625, -0.1826171875] 5 1 0
 [0.1748046875, 0.01068115234375, -0.045654296875, 0.07470703125, -0.0390625, 0.169921875, -0.1826171875, 0.09423828125, 0.005615234375, -0.01507568359375, 0.0634765625, -0.1826171875] 5 1 0
 [0.1748046875, 0.01068115234375, -0.045654296875, 0.07470703125, -0.0390625, 0.169921875, -0.1826171875, 0.09423828125, 0.005615234375, -0.01507568359375, 0.0634765625, -0.1826171875] 5 1 0
 [0.1748046875, 0.01068115234375, -0.045654296875, 0.07470703125, -0.0390625, 0.169921875, -0.1826171875, 0.09423828125, 0.005615234375, -0.01507568359375, 0.0634765625, -0.1826171875] 5 1 0
 [0.1748046875, 0.01068115234375, -0.045654296875, 0.07470703125, -0.0390625, 0.169921875, -0.1826171875, 0.09423828125, 0.005615234375, -0.01507568359375, 0.0634765625, -0.1826171875] 5 1 0
 [0.1748046875, 0.01068115234375, -0.045654296875, 0.07470703125, -0.0390625, 0.169921875, -0.1826171875, 0.09423828125, 0.005615234375, -0.01507568359375, 0.0634765625, -0.1826171875] 5 1 0
 [0.1748046875, 0.01068115234375, -0.045654296875, 0.07470703125, -0.0390625, 0.169921875, -0.1826171875, 0.09423828125, 0.005615234375, -0.01507568359375, 0.0634765625, -0.1826171875] 5 1 0
 [0.1748046875, 0.01068115234375, -0.045654296875, 0.07470703125, -0.0390625, 0.169921875, -0.1826171875, 0.09423828125, 0.005615234375, -0.01507568359375, 0.0634765625, -0.1826171875] 5 1 0
 [0.1748046875, 0.01068115234375, -0.045654296875, 0.07470703125, -0.0390625, 0.169921875, -0.1826171875, 0.09423828125, 0.005615234375, -0.01507568359375, 0.0634765625, -0.1826171875] 5 1 0
 [0.1748046875, 0.01068115234375, -0.045654296875, 0.07470703125, -0.0390625, 0.169921875, -0.1826171875, 0.09423828125, 0.005615234375, -0.01507568359375, 0.0634765625, -0.1826171875] 5 1 0
 [0.1748046875, 0.01068115234375, -0.045654296875, 0.07470703125, -0.0390625, 0.169921875, -0.1826171875, 0.09423828125, 0.005615234375, -0.01507568359375, 0.0634765625, -0.1826171875] 5 1 0
 [0.1748046875, 0.01068115234375, -0.045654296875, 0.07470703125, -0.0390625, 0.169921875, -0.1826171875, 0.09423828125, 0.005615234375, -0.01507568359375, 0.0634765625, -0.1826171875] 5 1 0
 [0.1748046875, 0.01068115234375, -0.045654296875, 0.07470703125, -0.0390625, 0.169921875, -0.1826171875, 0.09423828125, 0.005615234375, -0.01507568359375, 0.0634765625, -0.1826171875] 5 1 0
 [0.1748046875, 0.01068115234375, -0.045654296875, 0.07470703125, -0.0390625, 0.169921875, -0.1826171875, 0.09423828125, 0.005615234375, -0.01507568359375, 0.0634765625, -0.1826171875] 5 1 0
 [0.1748046875, 0.01068115234375, -0.045654296875, 0.07470703125, -0.0390625, 0.169921875, -0.1826171875, 0.09423828125, 0.005615234375, -0.01507568359375, 0.0634765625, -0.1826171875] 5 1 0
 [0.1748046875, 0.01068115234375, -0.045654296875, 0.07470703125, -0.0390625, 0.169921875, -0.1826171875, 0.09423828125, 0.005615234375, -0.01507568359375, 0.0634765625, -0.1826171875] 5 1 0
 [0.1748046875, 0.01068115234375, -0.045654296875, 0.07470703125, -0.0390625, 0.169921875, -0.1826171875, 0.09423828125, 0.005615234375, -0.01507568359375, 0.0634765625, -0.1826171875] 5 1 0
 [0.1748046875, 0.01068115234375, -0.045654296875, 0.07470703125, -0.0390625, 0.169921875, -0.1826171875, 0.09423828125, 0.005615234375, -0.01507568359375, 0.0634765625, -0.1826171875] 5 1 0
 [0.1748046875, 0.01068115234375, -0.045654296875, 0.07470703125, -0.0390625, 0.169921875, -0.1826171875, 0.09423828125, 0.005615234375, -0.01507568359375, 0.0634765625, -0.1826171875] 5 1 0
 [0.1748046875, 0.01068115234375, -0.045654296875, 0.07470703125, -0.0390625, 0.169921875, -0.1826171875, 0.09423828125, 0.005615234375, -0.01507568359375, 0.0634765625, -0.1826171875] 5 1 0
 [0.1748046875, 0.01068115234375, -0.045654296875, 0.07470703125, -0.0390625, 0.169921875, -0.1826171875, 0.09423828125, 0.005615234375, -0.01507568359375, 0.0634765625, -0.1826171875] 5 1 0
 [0.1748046875, 0.01068115234375, -0.045654296875, 0.07470703125, -0.0390625, 0.169921875, -0.1826171875, 0.09423828125, 0.005615234375, -0.01507568359375, 0.0634765625, -0.1826171875] 5 1 0
 [0.1748046875, 0.01068115234375, -0.045654296875, 0.07470703125, -0.0390625, 0.169921875, -0.1826171875, 0.09423828125, 0.005615234375, -0.01507568359375, 0.0634765625, -0.1826171875] 5 1 0
 [0.1748046875, 0.01068115234375, -0.045654296875, 0.07470703125, -0.0390625, 0.169921875, -0.1826171875, 0.09423828125, 0.005615234375, -0.01507568359375, 0.0634765625, -0.1826171875] 5 1 0
 [0.1748046875, 0.01068115234375, -0.045654296875, 0.07470703125, -0.0390625, 0.169921875, -0.1826171875, 0.09423828125, 0.005615234375, -0.01507568359375, 0.0634765625, -0.1826171875] 5 1 0
 [0.1748046875, 0.01068115234375, -0.045654296875, 0.07470703125, -0.0390625, 0.169921875, -0.1826171875, 0.09423828125, 0.005615234375, -0.01507568359375, 0.0634765625, -0.1826171875] 5 1 0
 [0.1748046875, 0.01068115234375, -0.045654296875, 0.07470703125, -0.0390625, 0.169921875, -0.1826171875, 0.09423828125, 0.005615234375, -0.01507568359375, 0.0634765625, -0.1826171875] 5 1 0
 [0.1748046875, 0.01068115234375, -0.045654296875, 0.07470703125, -0.0390625, 0.169921875, -0.1826171875, 0.09423828125, 0.005615234375, -0.01507568359375, 0.0634765625, -0.1826171875] 5 1 0
 [0.1748046875, 0.01068115234375, -0.045654296875, 0.07470703125, -0.0390625, 0.169921875, -0.1826171875, 0.09423828125, 0.005615234375, -0.01507568359375, 0.0634765625, -0.1826171875] 5 1 0
 [0.1748046875, 0.01068115234375, -0.045654296875, 0.07470703125, -0.0390625, 0.169921875, -0.1826171875, 0.09423828125, 0.005615234375, -0.01507568359375, 0.0634765625, -0.1826171875] 7 1 0
 [0.1748046875, 0.01068115234375, -0.045654296875, 0.07470703125, -0.0390625, 0.169921875, -0.1826171875, 0.09423828125, 0.005615234375, -0.01507568359375, 0.0634765625, -0.1826171875] 7 1 0
 [0.1748046875, 0.01068115234375, -0.045654296875, 0.07470703125, -0.0390625, 0.169921875, -0.1826171875, 0.09423828125, 0.005615234375, -0.01507568359375, 0.0634765625, -0.1826171875] 7 1 0
 [0.1748046875, 0.01068115234375, -0.045654296875, 0.07470703125, -0.0390625, 0.169921875, -0.1826171875, 0.09423828125, 0.005615234375, -0.01507568359375, 0.0634765625, -0.1826171875] 7 1 0
 [0.1748046875, 0.01068115234375, -0.045654296875, 0.07470703125, -0.0390625, 0.169921875, -0.1826171875, 0.09423828125, 0.005615234375, -0.01507568359375, 0.0634765625, -0.1826171875] 7 1 0
 [0.1748046875, 0.01068115234375, -0.045654296875, 0.07470703125, -0.0390625, 0.169921875, -0.1826171875, 0.09423828125, 0.005615234375, -0.01507568359375, 0.0634765625, -0.1826171875] 7 1 0
 [0.1748046875, 0.01068115234375, -0.045654296875, 0.07470703125, -0.0390625, 0.169921875, -0.1826171875, 0.09423828125, 0.005615234375, -0.01507568359375, 0.0634765625, -0.1826171875] 7 1 0
 [0.1748046875, 0.01068115234375, -0.045654296875, 0.07470703125, -0.0390625, 0.169921875, -0.1826171875, 0.09423828125, 0.005615234375, -0.01507568359375, 0.0634765625, -0.1826171875] 7 1 0
 [0.1748046875, 0.01068115234375, -0.045654296875, 0.07470703125, -0.0390625, 0.169921875, -0.1826171875, 0.09423828125, 0.005615234375, -0.01507568359375, 0.0634765625, -0.1826171875] 7 1 0
 [0.1748046875, 0.01068115234375, -0.045654296875, 0.07470703125, -0.0390625, 0.169921875, -0.1826171875, 0.09423828125, 0.005615234375, -0.01507568359375, 0.0634765625, -0.1826171875] 7 1 0
 [0.1748046875, 0.01068115234375, -0.045654296875, 0.07470703125, -0.0390625, 0.169921875, -0.1826171875, 0.09423828125, 0.005615234375, -0.01507568359375, 0.0634765625, -0.1826171875] 7 1 0
 [0.1748046875, 0.01068115234375, -0.045654296875, 0.07470703125, -0.0390625, 0.169921875, -0.1826171875, 0.09423828125, 0.005615234375, -0.01507568359375, 0.0634765625, -0.1826171875] 7 1 0
 [0.1748046875, 0.01068115234375, -0.045654296875, 0.07470703125, -0.0390625, 0.169921875, -0.1826171875, 0.09423828125, 0.005615234375, -0.01507568359375, 0.0634765625, -0.1826171875] 7 1 0
 [0.1748046875, 0.01068115234375, -0.045654296875, 0.07470703125, -0.0390625, 0.169921875, -0.1826171875, 0.09423828125, 0.005615234375, -0.01507568359375, 0.0634765625, -0.1826171875] 7 1 0
 [0.1748046875, 0.01068115234375, -0.045654296875, 0.07470703125, -0.0390625, 0.169921875, -0.1826171875, 0.09423828125, 0.005615234375, -0.01507568359375, 0.0634765625, -0.1826171875] 7 1 0
 [0.1748046875, 0.01068115234375, -0.045654296875, 0.07470703125, -0.0390625, 0.169921875, -0.1826171875, 0.09423828125, 0.005615234375, -0.01507568359375, 0.0634765625, -0.1826171875] 7 1 0
 [0.1748046875, 0.01068115234375, -0.045654296875, 0.07470703125, -0.0390625, 0.169921875, -0.1826171875, 0.09423828125, 0.005615234375, -0.01507568359375, 0.0634765625, -0.1826171875] 7 1 0
 [0.1748046875, 0.01068115234375, -0.045654296875, 0.07470703125, -0.0390625, 0.169921875, -0.1826171875, 0.09423828125, 0.005615234375, -0.01507568359375, 0.0634765625, -0.1826171875] 7 1 0
 [0.1748046875, 0.01068115234375, -0.045654296875, 0.07470703125, -0.0390625, 0.169921875, -0.1826171875, 0.09423828125, 0.005615234375, -0.01507568359375, 0.0634765625, -0.1826171875] 7 1 0
 [0.1748046875, 0.01068115234375, -0.045654296875, 0.07470703125, -0.0390625, 0.169921875, -0.1826171875, 0.09423828125, 0.005615234375, -0.01507568359375, 0.0634765625, -0.1826171875] 7 1 0
 [0.1748046875, 0.01068115234375, -0.045654296875, 0.07470703125, -0.0390625, 0.169921875, -0.1826171875, 0.09423828125, 0.005615234375, -0.01507568359375, 0.0634765625, -0.1826171875] 7 1 0
 [0.1748046875, 0.01068115234375, -0.045654296875, 0.07470703125, -0.0390625, 0.169921875, -0.1826171875, 0.09423828125, 0.005615234375, -0.01507568359375, 0.0634765625, -0.1826171875] 7 1 0
 [0.1748046875, 0.01068115234375, -0.045654296875, 0.07470703125, -0.0390625, 0.169921875, -0.1826171875, 0.09423828125, 0.005615234375, -0.01507568359375, 0.0634765625, -0.1826171875] 7 1 0
 [0.1748046875, 0.01068115234375, -0.045654296875, 0.07470703125, -0.0390625, 0.169921875, -0.1826171875, 0.09423828125, 0.005615234375, -0.01507568359375, 0.0634765625, -0.1826171875] 7 1 0
 [0.1748046875, 0.01068115234375, -0.045654296875, 0.07470703125, -0.0390625, 0.169921875, -0.1826171875, 0.09423828125, 0.005615234375, -0.01507568359375, 0.0634765625, -0.1826171875] 7 1 0
 [0.1748046875, 0.01068115234375, -0.045654296875, 0.07470703125, -0.0390625, 0.169921875, -0.1826171875, 0.09423828125, 0.005615234375, -0.01507568359375, 0.0634765625, -0.1826171875] 7 1 0
 [0.1748046875, 0.01068115234375, -0.045654296875, 0.07470703125, -0.0390625, 0.169921875, -0.1826171875, 0.09423828125, 0.005615234375, -0.01507568359375, 0.0634765625, -0.1826171875] 7 1 0
 [0.1748046875, 0.01068115234375, -0.045654296875, 0.07470703125, -0.0390625, 0.169921875, -0.1826171875, 0.09423828125, 0.005615234375, -0.01507568359375, 0.0634765625, -0.1826171875] 7 1 0
 [0.1748046875, 0.01068115234375, -0.045654296875, 0.07470703125, -0.0390625, 0.169921875, -0.1826171875, 0.09423828125, 0.005615234375, -0.01507568359375, 0.0634765625, -0.1826171875] 7 1 0
 [0.1748046875, 0.01068115234375, -0.045654296875, 0.07470703125, -0.0390625, 0.169921875, -0.1826171875, 0.09423828125, 0.005615234375, -0.01507568359375, 0.0634765625, -0.1826171875] 7 1 0
 [0.1748046875, 0.01068115234375, -0.045654296875, 0.07470703125, -0.0390625, 0.169921875, -0.1826171875, 0.09423828125, 0.005615234375, -0.01507568359375, 0.0634765625, -0.1826171875] 8 1 0
 [0.1748046875, 0.01068115234375, -0.045654296875, 0.07470703125, -0.0390625, 0.169921875, -0.1826171875, 0.09423828125, 0.005615234375, -0.01507568359375, 0.0634765625, -0.1826171875] 8 1 0
 [0.1748046875, 0.01068115234375, -0.045654296875, 0.07470703125, -0.0390625, 0.169921875, -0.1826171875, 0.09423828125, 0.005615234375, -0.01507568359375, 0.0634765625, -0.1826171875] 8 1 0
 [0.1748046875, 0.01068115234375, -0.045654296875, 0.07470703125, -0.0390625, 0.169921875, -0.1826171875, 0.09423828125, 0.005615234375, -0.01507568359375, 0.0634765625, -0.1826171875] 8 1 0
 [0.1748046875, 0.01068115234375, -0.045654296875, 0.07470703125, -0.0390625, 0.169921875, -0.1826171875, 0.09423828125, 0.005615234375, -0.01507568359375, 0.0634765625, -0.1826171875] 8 1 0
 [0.1748046875, 0.01068115234375, -0.045654296875, 0.07470703125, -0.0390625, 0.169921875, -0.1826171875, 0.09423828125, 0.005615234375, -0.01507568359375, 0.0634765625, -0.1826171875] 8 1 0
 [0.1748046875, 0.01068115234375, -0.045654296875, 0.07470703125, -0.0390625, 0.169921875, -0.1826171875, 0.09423828125, 0.005615234375, -0.01507568359375, 0.0634765625, -0.1826171875] 8 1 0
 [0.1748046875, 0.01068115234375, -0.045654296875, 0.07470703125, -0.0390625, 0.169921875, -0.1826171875, 0.09423828125, 0.005615234375, -0.01507568359375, 0.0634765625, -0.1826171875] 8 1 0
 [0.1748046875, 0.01068115234375, -0.045654296875, 0.07470703125, -0.0390625, 0.169921875, -0.1826171875, 0.09423828125, 0.005615234375, -0.01507568359375, 0.0634765625, -0.1826171875] 8 1 0
 [0.1748046875, 0.01068115234375, -0.045654296875, 0.07470703125, -0.0390625, 0.169921875, -0.1826171875, 0.09423828125, 0.005615234375, -0.01507568359375, 0.0634765625, -0.1826171875] 8 1 0
 [0.1748046875, 0.01068115234375, -0.045654296875, 0.07470703125, -0.0390625, 0.169921875, -0.1826171875, 0.09423828125, 0.005615234375, -0.01507568359375, 0.0634765625, -0.1826171875] 8 1 0
 [0.1748046875, 0.01068115234375, -0.045654296875, 0.07470703125, -0.0390625, 0.169921875, -0.1826171875, 0.09423828125, 0.005615234375, -0.01507568359375, 0.0634765625, -0.1826171875] 8 1 0
 [0.1748046875, 0.01068115234375, -0.045654296875, 0.07470703125, -0.0390625, 0.169921875, -0.1826171875, 0.09423828125, 0.005615234375, -0.01507568359375, 0.0634765625, -0.1826171875] 8 1 0
 [0.1748046875, 0.01068115234375, -0.045654296875, 0.07470703125, -0.0390625, 0.169921875, -0.1826171875, 0.09423828125, 0.005615234375, -0.01507568359375, 0.0634765625, -0.1826171875] 8 1 0
 [0.1748046875, 0.01068115234375, -0.045654296875, 0.07470703125, -0.0390625, 0.169921875, -0.1826171875, 0.09423828125, 0.005615234375, -0.01507568359375, 0.0634765625, -0.1826171875] 8 1 0
 [0.1748046875, 0.01068115234375, -0.045654296875, 0.07470703125, -0.0390625, 0.169921875, -0.1826171875, 0.09423828125, 0.005615234375, -0.01507568359375, 0.0634765625, -0.1826171875] 8 1 0
 [0.1748046875, 0.01068115234375, -0.045654296875, 0.07470703125, -0.0390625, 0.169921875, -0.1826171875, 0.09423828125, 0.005615234375, -0.01507568359375, 0.0634765625, -0.1826171875] 8 1 0
 [0.1748046875, 0.01068115234375, -0.045654296875, 0.07470703125, -0.0390625, 0.169921875, -0.1826171875, 0.09423828125, 0.005615234375, -0.01507568359375, 0.0634765625, -0.1826171875] 8 1 0
 [0.1748046875, 0.01068115234375, -0.045654296875, 0.07470703125, -0.0390625, 0.169921875, -0.1826171875, 0.09423828125, 0.005615234375, -0.01507568359375, 0.0634765625, -0.1826171875] 8 1 0
 [0.1748046875, 0.01068115234375, -0.045654296875, 0.07470703125, -0.0390625, 0.169921875, -0.1826171875, 0.09423828125, 0.005615234375, -0.01507568359375, 0.0634765625, -0.1826171875] 8 1 0
 [0.1748046875, 0.01068115234375, -0.045654296875, 0.07470703125, -0.0390625, 0.169921875, -0.1826171875, 0.09423828125, 0.005615234375, -0.01507568359375, 0.0634765625, -0.1826171875] 8 1 0
 [0.1748046875, 0.01068115234375, -0.045654296875, 0.07470703125, -0.0390625, 0.169921875, -0.1826171875, 0.09423828125, 0.005615234375, -0.01507568359375, 0.0634765625, -0.1826171875] 8 1 0
 [0.1748046875, 0.01068115234375, -0.045654296875, 0.07470703125, -0.0390625, 0.169921875, -0.1826171875, 0.09423828125, 0.005615234375, -0.01507568359375, 0.0634765625, -0.1826171875] 8 1 0
 [0.1748046875, 0.01068115234375, -0.045654296875, 0.07470703125, -0.0390625, 0.169921875, -0.1826171875, 0.09423828125, 0.005615234375, -0.01507568359375, 0.0634765625, -0.1826171875] 8 1 0
 [0.1748046875, 0.01068115234375, -0.045654296875, 0.07470703125, -0.0390625, 0.169921875, -0.1826171875, 0.09423828125, 0.005615234375, -0.01507568359375, 0.0634765625, -0.1826171875] 8 1 0
 [0.1748046875, 0.01068115234375, -0.045654296875, 0.07470703125, -0.0390625, 0.169921875, -0.1826171875, 0.09423828125, 0.005615234375, -0.01507568359375, 0.0634765625, -0.1826171875] 8 1 0
 [0.1748046875, 0.01068115234375, -0.045654296875, 0.07470703125, -0.0390625, 0.169921875, -0.1826171875, 0.09423828125, 0.005615234375, -0.01507568359375, 0.0634765625, -0.1826171875] 8 1 0
 [0.1748046875, 0.01068115234375, -0.045654296875, 0.07470703125, -0.0390625, 0.169921875, -0.1826171875, 0.09423828125, 0.005615234375, -0.01507568359375, 0.0634765625, -0.1826171875] 8 1 0
 [0.1748046875, 0.01068115234375, -0.045654296875, 0.07470703125, -0.0390625, 0.169921875, -0.1826171875, 0.09423828125, 0.005615234375, -0.01507568359375, 0.0634765625, -0.1826171875] 8 1 0
 [0.1748046875, 0.01068115234375, -0.045654296875, 0.07470703125, -0.0390625, 0.169921875, -0.1826171875, 0.09423828125, 0.005615234375, -0.01507568359375, 0.0634765625, -0.1826171875] 10 1 0
 [0.1748046875, 0.01068115234375, -0.045654296875, 0.07470703125, -0.0390625, 0.169921875, -0.1826171875, 0.09423828125, 0.005615234375, -0.01507568359375, 0.0634765625, -0.1826171875] 10 1 0
 [0.1748046875, 0.01068115234375, -0.045654296875, 0.07470703125, -0.0390625, 0.169921875, -0.1826171875, 0.09423828125, 0.005615234375, -0.01507568359375, 0.0634765625, -0.1826171875] 10 1 0
 [0.1748046875, 0.01068115234375, -0.045654296875, 0.07470703125, -0.0390625, 0.169921875, -0.1826171875, 0.09423828125, 0.005615234375, -0.01507568359375, 0.0634765625, -0.1826171875] 10 1 0
 [0.1748046875, 0.01068115234375, -0.045654296875, 0.07470703125, -0.0390625, 0.169921875, -0.1826171875, 0.09423828125, 0.005615234375, -0.01507568359375, 0.0634765625, -0.1826171875] 10 1 0
 [0.1748046875, 0.01068115234375, -0.045654296875, 0.07470703125, -0.0390625, 0.169921875, -0.1826171875, 0.09423828125, 0.005615234375, -0.01507568359375, 0.0634765625, -0.1826171875] 10 1 0
 [0.1748046875, 0.01068115234375, -0.045654296875, 0.07470703125, -0.0390625, 0.169921875, -0.1826171875, 0.09423828125, 0.005615234375, -0.01507568359375, 0.0634765625, -0.1826171875] 10 1 0
 [0.1748046875, 0.01068115234375, -0.045654296875, 0.07470703125, -0.0390625, 0.169921875, -0.1826171875, 0.09423828125, 0.005615234375, -0.01507568359375, 0.0634765625, -0.1826171875] 10 1 0
 [0.1748046875, 0.01068115234375, -0.045654296875, 0.07470703125, -0.0390625, 0.169921875, -0.1826171875, 0.09423828125, 0.005615234375, -0.01507568359375, 0.0634765625, -0.1826171875] 10 1 0
 [0.1748046875, 0.01068115234375, -0.045654296875, 0.07470703125, -0.0390625, 0.169921875, -0.1826171875, 0.09423828125, 0.005615234375, -0.01507568359375, 0.0634765625, -0.1826171875] 10 1 0
 [0.1748046875, 0.01068115234375, -0.045654296875, 0.07470703125, -0.0390625, 0.169921875, -0.1826171875, 0.09423828125, 0.005615234375, -0.01507568359375, 0.0634765625, -0.1826171875] 10 1 0
 [0.1748046875, 0.01068115234375, -0.045654296875, 0.07470703125, -0.0390625, 0.169921875, -0.1826171875, 0.09423828125, 0.005615234375, -0.01507568359375, 0.0634765625, -0.1826171875] 10 1 0
 [0.1748046875, 0.01068115234375, -0.045654296875, 0.07470703125, -0.0390625, 0.169921875, -0.1826171875, 0.09423828125, 0.005615234375, -0.01507568359375, 0.0634765625, -0.1826171875] 10 1 0
 [0.1748046875, 0.01068115234375, -0.045654296875, 0.07470703125, -0.0390625, 0.169921875, -0.1826171875, 0.09423828125, 0.005615234375, -0.01507568359375, 0.0634765625, -0.1826171875] 10 1 0
 [0.1748046875, 0.01068115234375, -0.045654296875, 0.07470703125, -0.0390625, 0.169921875, -0.1826171875, 0.09423828125, 0.005615234375, -0.01507568359375, 0.0634765625, -0.1826171875] 10 1 0
 [0.1748046875, 0.01068115234375, -0.045654296875, 0.07470703125, -0.0390625, 0.169921875, -0.1826171875, 0.09423828125, 0.005615234375, -0.01507568359375, 0.0634765625, -0.1826171875] 10 1 0
 [0.1748046875, 0.01068115234375, -0.045654296875, 0.07470703125, -0.0390625, 0.169921875, -0.1826171875, 0.09423828125, 0.005615234375, -0.01507568359375, 0.0634765625, -0.1826171875] 10 1 0
 [0.1748046875, 0.01068115234375, -0.045654296875, 0.07470703125, -0.0390625, 0.169921875, -0.1826171875, 0.09423828125, 0.005615234375, -0.01507568359375, 0.0634765625, -0.1826171875] 10 1 0
 [0.1748046875, 0.01068115234375, -0.045654296875, 0.07470703125, -0.0390625, 0.169921875, -0.1826171875, 0.09423828125, 0.005615234375, -0.01507568359375, 0.0634765625, -0.1826171875] 10 1 0
 [0.1748046875, 0.01068115234375, -0.045654296875, 0.07470703125, -0.0390625, 0.169921875, -0.1826171875, 0.09423828125, 0.005615234375, -0.01507568359375, 0.0634765625, -0.1826171875] 10 1 0
 [0.1748046875, 0.01068115234375, -0.045654296875, 0.07470703125, -0.0390625, 0.169921875, -0.1826171875, 0.09423828125, 0.005615234375, -0.01507568359375, 0.0634765625, -0.1826171875] 10 1 0
 [0.1748046875, 0.01068115234375, -0.045654296875, 0.07470703125, -0.0390625, 0.169921875, -0.1826171875, 0.09423828125, 0.005615234375, -0.01507568359375, 0.0634765625, -0.1826171875] 10 1 0
 [0.1748046875, 0.01068115234375, -0.045654296875, 0.07470703125, -0.0390625, 0.169921875, -0.1826171875, 0.09423828125, 0.005615234375, -0.01507568359375, 0.0634765625, -0.1826171875] 10 1 0
 [0.1748046875, 0.01068115234375, -0.045654296875, 0.07470703125, -0.0390625, 0.169921875, -0.1826171875, 0.09423828125, 0.005615234375, -0.01507568359375, 0.0634765625, -0.1826171875] 10 1 0
 [0.1748046875, 0.01068115234375, -0.045654296875, 0.07470703125, -0.0390625, 0.169921875, -0.1826171875, 0.09423828125, 0.005615234375, -0.01507568359375, 0.0634765625, -0.1826171875] 10 1 0
 [0.1748046875, 0.01068115234375, -0.045654296875, 0.07470703125, -0.0390625, 0.169921875, -0.1826171875, 0.09423828125, 0.005615234375, -0.01507568359375, 0.0634765625, -0.1826171875] 10 1 0
 [0.1748046875, 0.01068115234375, -0.045654296875, 0.07470703125, -0.0390625, 0.169921875, -0.1826171875, 0.09423828125, 0.005615234375, -0.01507568359375, 0.0634765625, -0.1826171875] 10 1 0
 [0.1748046875, 0.01068115234375, -0.045654296875, 0.07470703125, -0.0390625, 0.169921875, -0.1826171875, 0.09423828125, 0.005615234375, -0.01507568359375, 0.0634765625, -0.1826171875] 10 1 0
 [0.1748046875, 0.01068115234375, -0.045654296875, 0.07470703125, -0.0390625, 0.169921875, -0.1826171875, 0.09423828125, 0.005615234375, -0.01507568359375, 0.0634765625, -0.1826171875] 10 1 0
 [0.1748046875, 0.01068115234375, -0.045654296875, 0.07470703125, -0.0390625, 0.169921875, -0.1826171875, 0.09423828125, 0.005615234375, -0.01507568359375, 0.0634765625, -0.1826171875] 10 1 0
 [0.1748046875, 0.01068115234375, -0.045654296875, 0.07470703125, -0.0390625, 0.169921875, -0.1826171875, 0.09423828125, 0.005615234375, -0.01507568359375, 0.0634765625, -0.1826171875] 10 1 0
 [0.1748046875, 0.01068115234375, -0.045654296875, 0.07470703125, -0.0390625, 0.169921875, -0.1826171875, 0.09423828125, 0.005615234375, -0.01507568359375, 0.0634765625, -0.1826171875] 10 1 0
 [0.1748046875, 0.01068115234375, -0.045654296875, 0.07470703125, -0.0390625, 0.169921875, -0.1826171875, 0.09423828125, 0.005615234375, -0.01507568359375, 0.0634765625, -0.1826171875] 10 1 0
 [0.1748046875, 0.01068115234375, -0.045654296875, 0.07470703125, -0.0390625, 0.169921875, -0.1826171875, 0.09423828125, 0.005615234375, -0.01507568359375, 0.0634765625, -0.1826171875] 10 1 0
 [0.1748046875, 0.01068115234375, -0.045654296875, 0.07470703125, -0.0390625, 0.169921875, -0.1826171875, 0.09423828125, 0.005615234375, -0.01507568359375, 0.0634765625, -0.1826171875] 11 1 0
 [0.1748046875, 0.01068115234375, -0.045654296875, 0.07470703125, -0.0390625, 0.169921875, -0.1826171875, 0.09423828125, 0.005615234375, -0.01507568359375, 0.0634765625, -0.1826171875] 11 1 0
 [0.1748046875, 0.01068115234375, -0.045654296875, 0.07470703125, -0.0390625, 0.169921875, -0.1826171875, 0.09423828125, 0.005615234375, -0.01507568359375, 0.0634765625, -0.1826171875] 11 1 0
 [0.1748046875, 0.01068115234375, -0.045654296875, 0.07470703125, -0.0390625, 0.169921875, -0.1826171875, 0.09423828125, 0.005615234375, -0.01507568359375, 0.0634765625, -0.1826171875] 11 1 0
 [0.1748046875, 0.01068115234375, -0.045654296875, 0.07470703125, -0.0390625, 0.169921875, -0.1826171875, 0.09423828125, 0.005615234375, -0.01507568359375, 0.0634765625, -0.1826171875] 11 1 0
 [0.1748046875, 0.01068115234375, -0.045654296875, 0.07470703125, -0.0390625, 0.169921875, -0.1826171875, 0.09423828125, 0.005615234375, -0.01507568359375, 0.0634765625, -0.1826171875] 11 1 0
 [0.1748046875, 0.01068115234375, -0.045654296875, 0.07470703125, -0.0390625, 0.169921875, -0.1826171875, 0.09423828125, 0.005615234375, -0.01507568359375, 0.0634765625, -0.1826171875] 11 1 0
 [0.1748046875, 0.01068115234375, -0.045654296875, 0.07470703125, -0.0390625, 0.169921875, -0.1826171875, 0.09423828125, 0.005615234375, -0.01507568359375, 0.0634765625, -0.1826171875] 11 1 0
 [0.1748046875, 0.01068115234375, -0.045654296875, 0.07470703125, -0.0390625, 0.169921875, -0.1826171875, 0.09423828125, 0.005615234375, -0.01507568359375, 0.0634765625, -0.1826171875] 11 1 0
 [0.1748046875, 0.01068115234375, -0.045654296875, 0.07470703125, -0.0390625, 0.169921875, -0.1826171875, 0.09423828125, 0.005615234375, -0.01507568359375, 0.0634765625, -0.1826171875] 11 1 0
 [0.1748046875, 0.01068115234375, -0.045654296875, 0.07470703125, -0.0390625, 0.169921875, -0.1826171875, 0.09423828125, 0.005615234375, -0.01507568359375, 0.0634765625, -0.1826171875] 11 1 0
 [0.1748046875, 0.01068115234375, -0.045654296875, 0.07470703125, -0.0390625, 0.169921875, -0.1826171875, 0.09423828125, 0.005615234375, -0.01507568359375, 0.0634765625, -0.1826171875] 11 1 0
 [0.1748046875, 0.01068115234375, -0.045654296875, 0.07470703125, -0.0390625, 0.169921875, -0.1826171875, 0.09423828125, 0.005615234375, -0.01507568359375, 0.0634765625, -0.1826171875] 11 1 0
 [0.1748046875, 0.01068115234375, -0.045654296875, 0.07470703125, -0.0390625, 0.169921875, -0.1826171875, 0.09423828125, 0.005615234375, -0.01507568359375, 0.0634765625, -0.1826171875] 11 1 0
 [0.1748046875, 0.01068115234375, -0.045654296875, 0.07470703125, -0.0390625, 0.169921875, -0.1826171875, 0.09423828125, 0.005615234375, -0.01507568359375, 0.0634765625, -0.1826171875] 11 1 0
 [0.1748046875, 0.01068115234375, -0.045654296875, 0.07470703125, -0.0390625, 0.169921875, -0.1826171875, 0.09423828125, 0.005615234375, -0.01507568359375, 0.0634765625, -0.1826171875] 11 1 0
 [0.1748046875, 0.01068115234375, -0.045654296875, 0.07470703125, -0.0390625, 0.169921875, -0.1826171875, 0.09423828125, 0.005615234375, -0.01507568359375, 0.0634765625, -0.1826171875] 11 1 0
 [0.1748046875, 0.01068115234375, -0.045654296875, 0.07470703125, -0.0390625, 0.169921875, -0.1826171875, 0.09423828125, 0.005615234375, -0.01507568359375, 0.0634765625, -0.1826171875] 11 1 0
 [0.1748046875, 0.01068115234375, -0.045654296875, 0.07470703125, -0.0390625, 0.169921875, -0.1826171875, 0.09423828125, 0.005615234375, -0.01507568359375, 0.0634765625, -0.1826171875] 11 1 0
 [0.1748046875, 0.01068115234375, -0.045654296875, 0.07470703125, -0.0390625, 0.169921875, -0.1826171875, 0.09423828125, 0.005615234375, -0.01507568359375, 0.0634765625, -0.1826171875] 11 1 0
 [0.1748046875, 0.01068115234375, -0.045654296875, 0.07470703125, -0.0390625, 0.169921875, -0.1826171875, 0.09423828125, 0.005615234375, -0.01507568359375, 0.0634765625, -0.1826171875] 11 1 0
 [0.1748046875, 0.01068115234375, -0.045654296875, 0.07470703125, -0.0390625, 0.169921875, -0.1826171875, 0.09423828125, 0.005615234375, -0.01507568359375, 0.0634765625, -0.1826171875] 11 1 0
 [0.1748046875, 0.01068115234375, -0.045654296875, 0.07470703125, -0.0390625, 0.169921875, -0.1826171875, 0.09423828125, 0.005615234375, -0.01507568359375, 0.0634765625, -0.1826171875] 11 1 0
 [0.1748046875, 0.01068115234375, -0.045654296875, 0.07470703125, -0.0390625, 0.169921875, -0.1826171875, 0.09423828125, 0.005615234375, -0.01507568359375, 0.0634765625, -0.1826171875] 11 1 0
 [0.1748046875, 0.01068115234375, -0.045654296875, 0.07470703125, -0.0390625, 0.169921875, -0.1826171875, 0.09423828125, 0.005615234375, -0.01507568359375, 0.0634765625, -0.1826171875] 11 1 0
 [0.1748046875, 0.01068115234375, -0.045654296875, 0.07470703125, -0.0390625, 0.169921875, -0.1826171875, 0.09423828125, 0.005615234375, -0.01507568359375, 0.0634765625, -0.1826171875] 11 1 0
 [0.1748046875, 0.01068115234375, -0.045654296875, 0.07470703125, -0.0390625, 0.169921875, -0.1826171875, 0.09423828125, 0.005615234375, -0.01507568359375, 0.0634765625, -0.1826171875] 11 1 0
 [0.1748046875, 0.01068115234375, -0.045654296875, 0.07470703125, -0.0390625, 0.169921875, -0.1826171875, 0.09423828125, 0.005615234375, -0.01507568359375, 0.0634765625, -0.1826171875] 11 1 0
 [0.1748046875, 0.01068115234375, -0.045654296875, 0.07470703125, -0.0390625, 0.169921875, -0.1826171875, 0.09423828125, 0.005615234375, -0.01507568359375, 0.0634765625, -0.1826171875] 11 1 0
 [0.1748046875, 0.01068115234375, -0.045654296875, 0.07470703125, -0.0390625, 0.169921875, -0.1826171875, 0.09423828125, 0.005615234375, -0.01507568359375, 0.0634765625, -0.1826171875] 11 1 0
 [0.1748046875, 0.01068115234375, -0.045654296875, 0.07470703125, -0.0390625, 0.169921875, -0.1826171875, 0.09423828125, 0.005615234375, -0.01507568359375, 0.0634765625, -0.1826171875] 11 1 0
 [0.1748046875, 0.01068115234375, -0.045654296875, 0.07470703125, -0.0390625, 0.169921875, -0.1826171875, 0.09423828125, 0.005615234375, -0.01507568359375, 0.0634765625, -0.1826171875] 11 1 0
 [0.1748046875, 0.01068115234375, -0.045654296875, 0.07470703125, -0.0390625, 0.169921875, -0.1826171875, 0.09423828125, 0.005615234375, -0.01507568359375, 0.0634765625, -0.1826171875] 10 1 0
 [0.1748046875, 0.01068115234375, -0.045654296875, 0.07470703125, -0.0390625, 0.169921875, -0.1826171875, 0.09423828125, 0.005615234375, -0.01507568359375, 0.0634765625, -0.1826171875] 0 1 1
 [0.1748046875, 0.01068115234375, -0.045654296875, 0.07470703125, -0.0390625, 0.169921875, -0.1826171875, 0.09423828125, 0.005615234375, -0.01507568359375, 0.0634765625, -0.1826171875] 0 1 1
 [0.1748046875, 0.01068115234375, -0.045654296875, 0.07470703125, -0.0390625, 0.169921875, -0.1826171875, 0.09423828125, 0.005615234375, -0.01507568359375, 0.0634765625, -0.1826171875] 0 1 1
 [0.1748046875, 0.01068115234375, -0.045654296875, 0.07470703125, -0.0390625, 0.169921875, -0.1826171875, 0.09423828125, 0.005615234375, -0.01507568359375, 0.0634765625, -0.1826171875] 0 1 1
 [0.1748046875, 0.01068115234375, -0.045654296875, 0.07470703125, -0.0390625, 0.169921875, -0.1826171875, 0.09423828125, 0.005615234375, -0.01507568359375, 0.0634765625, -0.1826171875] 0 1 1
 [0.1748046875, 0.01068115234375, -0.045654296875, 0.07470703125, -0.0390625, 0.169921875, -0.1826171875, 0.09423828125, 0.005615234375, -0.01507568359375, 0.0634765625, -0.1826171875] 0 1 1
 [0.1748046875, 0.01068115234375, -0.045654296875, 0.07470703125, -0.0390625, 0.169921875, -0.1826171875, 0.09423828125, 0.005615234375, -0.01507568359375, 0.0634765625, -0.1826171875] 0 1 1
 [0.1748046875, 0.01068115234375, -0.045654296875, 0.07470703125, -0.0390625, 0.169921875, -0.1826171875, 0.09423828125, 0.005615234375, -0.01507568359375, 0.0634765625, -0.1826171875] 0 1 1
 [0.1748046875, 0.01068115234375, -0.045654296875, 0.07470703125, -0.0390625, 0.169921875, -0.1826171875, 0.09423828125, 0.005615234375, -0.01507568359375, 0.0634765625, -0.1826171875] 0 1 1
 [0.1748046875, 0.01068115234375, -0.045654296875, 0.07470703125, -0.0390625, 0.169921875, -0.1826171875, 0.09423828125, 0.005615234375, -0.01507568359375, 0.0634765625, -0.1826171875] 0 1 1
 [0.1748046875, 0.01068115234375, -0.045654296875, 0.07470703125, -0.0390625, 0.169921875, -0.1826171875, 0.09423828125, 0.005615234375, -0.01507568359375, 0.0634765625, -0.1826171875] 0 1 1
 [0.1748046875, 0.01068115234375, -0.045654296875, 0.07470703125, -0.0390625, 0.169921875, -0.1826171875, 0.09423828125, 0.005615234375, -0.01507568359375, 0.0634765625, -0.1826171875] 0 1 1
 [0.1748046875, 0.01068115234375, -0.045654296875, 0.07470703125, -0.0390625, 0.169921875, -0.1826171875, 0.09423828125, 0.005615234375, -0.01507568359375, 0.0634765625, -0.1826171875] 0 1 1
 [0.1748046875, 0.01068115234375, -0.045654296875, 0.07470703125, -0.0390625, 0.169921875, -0.1826171875, 0.09423828125, 0.005615234375, -0.01507568359375, 0.0634765625, -0.1826171875] 0 1 1
 [0.1748046875, 0.01068115234375, -0.045654296875, 0.07470703125, -0.0390625, 0.169921875, -0.1826171875, 0.09423828125, 0.005615234375, -0.01507568359375, 0.0634765625, -0.1826171875] 0 1 1
 [0.1748046875, 0.01068115234375, -0.045654296875, 0.07470703125, -0.0390625, 0.169921875, -0.1826171875, 0.09423828125, 0.005615234375, -0.01507568359375, 0.0634765625, -0.1826171875] 0 1 1
 [0.1748046875, 0.01068115234375, -0.045654296875, 0.07470703125, -0.0390625, 0.169921875, -0.1826171875, 0.09423828125, 0.005615234375, -0.01507568359375, 0.0634765625, -0.1826171875] 0 1 1
 [0.1748046875, 0.01068115234375, -0.045654296875, 0.07470703125, -0.0390625, 0.169921875, -0.1826171875, 0.09423828125, 0.005615234375, -0.01507568359375, 0.0634765625, -0.1826171875] 0 1 1
 [0.1748046875, 0.01068115234375, -0.045654296875, 0.07470703125, -0.0390625, 0.169921875, -0.1826171875, 0.09423828125, 0.005615234375, -0.01507568359375, 0.0634765625, -0.1826171875] 0 1 1
 [0.1748046875, 0.01068115234375, -0.045654296875, 0.07470703125, -0.0390625, 0.169921875, -0.1826171875, 0.09423828125, 0.005615234375, -0.01507568359375, 0.0634765625, -0.1826171875] 0 1 1
 [0.1748046875, 0.01068115234375, -0.045654296875, 0.07470703125, -0.0390625, 0.169921875, -0.1826171875, 0.09423828125, 0.005615234375, -0.01507568359375, 0.0634765625, -0.1826171875] 0 1 1
 [0.1748046875, 0.01068115234375, -0.045654296875, 0.07470703125, -0.0390625, 0.169921875, -0.1826171875, 0.09423828125, 0.005615234375, -0.01507568359375, 0.0634765625, -0.1826171875] 0 1 1
 [0.1748046875, 0.01068115234375, -0.045654296875, 0.07470703125, -0.0390625, 0.169921875, -0.1826171875, 0.09423828125, 0.005615234375, -0.01507568359375, 0.0634765625, -0.1826171875] 0 1 1
 [0.1748046875, 0.01068115234375, -0.045654296875, 0.07470703125, -0.0390625, 0.169921875, -0.1826171875, 0.09423828125, 0.005615234375, -0.01507568359375, 0.0634765625, -0.1826171875] 0 1 1
 [0.1748046875, 0.01068115234375, -0.045654296875, 0.07470703125, -0.0390625, 0.169921875, -0.1826171875, 0.09423828125, 0.005615234375, -0.01507568359375, 0.0634765625, -0.1826171875] 0 1 1
 [0.1748046875, 0.01068115234375, -0.045654296875, 0.07470703125, -0.0390625, 0.169921875, -0.1826171875, 0.09423828125, 0.005615234375, -0.01507568359375, 0.0634765625, -0.1826171875] 0 1 1
 [0.1748046875, 0.01068115234375, -0.045654296875, 0.07470703125, -0.0390625, 0.169921875, -0.1826171875, 0.09423828125, 0.005615234375, -0.01507568359375, 0.0634765625, -0.1826171875] 0 1 1
 [0.1748046875, 0.01068115234375, -0.045654296875, 0.07470703125, -0.0390625, 0.169921875, -0.1826171875, 0.09423828125, 0.005615234375, -0.01507568359375, 0.0634765625, -0.1826171875] 0 1 1
 [0.1748046875, 0.01068115234375, -0.045654296875, 0.07470703125, -0.0390625, 0.169921875, -0.1826171875, 0.09423828125, 0.005615234375, -0.01507568359375, 0.0634765625, -0.1826171875] 0 1 1
 [0.1748046875, 0.01068115234375, -0.045654296875, 0.07470703125, -0.0390625, 0.169921875, -0.1826171875, 0.09423828125, 0.005615234375, -0.01507568359375, 0.0634765625, -0.1826171875] 0 1 1
 [0.1748046875, 0.01068115234375, -0.045654296875, 0.07470703125, -0.0390625, 0.169921875, -0.1826171875, 0.09423828125, 0.005615234375, -0.01507568359375, 0.0634765625, -0.1826171875] 0 1 1
 [0.1748046875, 0.01068115234375, -0.045654296875, 0.07470703125, -0.0390625, 0.169921875, -0.1826171875, 0.09423828125, 0.005615234375, -0.01507568359375, 0.0634765625, -0.1826171875] 0 1 1
 [0.1748046875, 0.01068115234375, -0.045654296875, 0.07470703125, -0.0390625, 0.169921875, -0.1826171875, 0.09423828125, 0.005615234375, -0.01507568359375, 0.0634765625, -0.1826171875] 0 1 1
 [0.1748046875, 0.01068115234375, -0.045654296875, 0.07470703125, -0.0390625, 0.169921875, -0.1826171875, 0.09423828125, 0.005615234375, -0.01507568359375, 0.0634765625, -0.1826171875] 1 1 1
 [0.1748046875, 0.01068115234375, -0.045654296875, 0.07470703125, -0.0390625, 0.169921875, -0.1826171875, 0.09423828125, 0.005615234375, -0.01507568359375, 0.0634765625, -0.1826171875] 1 1 1
 [0.1748046875, 0.01068115234375, -0.045654296875, 0.07470703125, -0.0390625, 0.169921875, -0.1826171875, 0.09423828125, 0.005615234375, -0.01507568359375, 0.0634765625, -0.1826171875] 1 1 1
 [0.1748046875, 0.01068115234375, -0.045654296875, 0.07470703125, -0.0390625, 0.169921875, -0.1826171875, 0.09423828125, 0.005615234375, -0.01507568359375, 0.0634765625, -0.1826171875] 1 1 1
 [0.1748046875, 0.01068115234375, -0.045654296875, 0.07470703125, -0.0390625, 0.169921875, -0.1826171875, 0.09423828125, 0.005615234375, -0.01507568359375, 0.0634765625, -0.1826171875] 1 1 1
 [0.1748046875, 0.01068115234375, -0.045654296875, 0.07470703125, -0.0390625, 0.169921875, -0.1826171875, 0.09423828125, 0.005615234375, -0.01507568359375, 0.0634765625, -0.1826171875] 1 1 1
 [0.1748046875, 0.01068115234375, -0.045654296875, 0.07470703125, -0.0390625, 0.169921875, -0.1826171875, 0.09423828125, 0.005615234375, -0.01507568359375, 0.0634765625, -0.1826171875] 1 1 1
 [0.1748046875, 0.01068115234375, -0.045654296875, 0.07470703125, -0.0390625, 0.169921875, -0.1826171875, 0.09423828125, 0.005615234375, -0.01507568359375, 0.0634765625, -0.1826171875] 1 1 1
 [0.1748046875, 0.01068115234375, -0.045654296875, 0.07470703125, -0.0390625, 0.169921875, -0.1826171875, 0.09423828125, 0.005615234375, -0.01507568359375, 0.0634765625, -0.1826171875] 1 1 1
 [0.1748046875, 0.01068115234375, -0.045654296875, 0.07470703125, -0.0390625, 0.169921875, -0.1826171875, 0.09423828125, 0.005615234375, -0.01507568359375, 0.0634765625, -0.1826171875] 1 1 1
 [0.1748046875, 0.01068115234375, -0.045654296875, 0.07470703125, -0.0390625, 0.169921875, -0.1826171875, 0.09423828125, 0.005615234375, -0.01507568359375, 0.0634765625, -0.1826171875] 1 1 1
 [0.1748046875, 0.01068115234375, -0.045654296875, 0.07470703125, -0.0390625, 0.169921875, -0.1826171875, 0.09423828125, 0.005615234375, -0.01507568359375, 0.0634765625, -0.1826171875] 1 1 1
 [0.1748046875, 0.01068115234375, -0.045654296875, 0.07470703125, -0.0390625, 0.169921875, -0.1826171875, 0.09423828125, 0.005615234375, -0.01507568359375, 0.0634765625, -0.1826171875] 1 1 1
 [0.1748046875, 0.01068115234375, -0.045654296875, 0.07470703125, -0.0390625, 0.169921875, -0.1826171875, 0.09423828125, 0.005615234375, -0.01507568359375, 0.0634765625, -0.1826171875] 1 1 1
 [0.1748046875, 0.01068115234375, -0.045654296875, 0.07470703125, -0.0390625, 0.169921875, -0.1826171875, 0.09423828125, 0.005615234375, -0.01507568359375, 0.0634765625, -0.1826171875] 1 1 1
 [0.1748046875, 0.01068115234375, -0.045654296875, 0.07470703125, -0.0390625, 0.169921875, -0.1826171875, 0.09423828125, 0.005615234375, -0.01507568359375, 0.0634765625, -0.1826171875] 1 1 1
 [0.1748046875, 0.01068115234375, -0.045654296875, 0.07470703125, -0.0390625, 0.169921875, -0.1826171875, 0.09423828125, 0.005615234375, -0.01507568359375, 0.0634765625, -0.1826171875] 1 1 1
 [0.1748046875, 0.01068115234375, -0.045654296875, 0.07470703125, -0.0390625, 0.169921875, -0.1826171875, 0.09423828125, 0.005615234375, -0.01507568359375, 0.0634765625, -0.1826171875] 1 1 1
 [0.1748046875, 0.01068115234375, -0.045654296875, 0.07470703125, -0.0390625, 0.169921875, -0.1826171875, 0.09423828125, 0.005615234375, -0.01507568359375, 0.0634765625, -0.1826171875] 1 1 1
 [0.1748046875, 0.01068115234375, -0.045654296875, 0.07470703125, -0.0390625, 0.169921875, -0.1826171875, 0.09423828125, 0.005615234375, -0.01507568359375, 0.0634765625, -0.1826171875] 1 1 1
 [0.1748046875, 0.01068115234375, -0.045654296875, 0.07470703125, -0.0390625, 0.169921875, -0.1826171875, 0.09423828125, 0.005615234375, -0.01507568359375, 0.0634765625, -0.1826171875] 1 1 1
 [0.1748046875, 0.01068115234375, -0.045654296875, 0.07470703125, -0.0390625, 0.169921875, -0.1826171875, 0.09423828125, 0.005615234375, -0.01507568359375, 0.0634765625, -0.1826171875] 1 1 1
 [0.1748046875, 0.01068115234375, -0.045654296875, 0.07470703125, -0.0390625, 0.169921875, -0.1826171875, 0.09423828125, 0.005615234375, -0.01507568359375, 0.0634765625, -0.1826171875] 1 1 1
 [0.1748046875, 0.01068115234375, -0.045654296875, 0.07470703125, -0.0390625, 0.169921875, -0.1826171875, 0.09423828125, 0.005615234375, -0.01507568359375, 0.0634765625, -0.1826171875] 1 1 1
 [0.1748046875, 0.01068115234375, -0.045654296875, 0.07470703125, -0.0390625, 0.169921875, -0.1826171875, 0.09423828125, 0.005615234375, -0.01507568359375, 0.0634765625, -0.1826171875] 1 1 1
 [0.1748046875, 0.01068115234375, -0.045654296875, 0.07470703125, -0.0390625, 0.169921875, -0.1826171875, 0.09423828125, 0.005615234375, -0.01507568359375, 0.0634765625, -0.1826171875] 1 1 1
 [0.1748046875, 0.01068115234375, -0.045654296875, 0.07470703125, -0.0390625, 0.169921875, -0.1826171875, 0.09423828125, 0.005615234375, -0.01507568359375, 0.0634765625, -0.1826171875] 1 1 1
 [0.1748046875, 0.01068115234375, -0.045654296875, 0.07470703125, -0.0390625, 0.169921875, -0.1826171875, 0.09423828125, 0.005615234375, -0.01507568359375, 0.0634765625, -0.1826171875] 1 1 1
 [0.1748046875, 0.01068115234375, -0.045654296875, 0.07470703125, -0.0390625, 0.169921875, -0.1826171875, 0.09423828125, 0.005615234375, -0.01507568359375, 0.0634765625, -0.1826171875] 1 1 1
 [0.1748046875, 0.01068115234375, -0.045654296875, 0.07470703125, -0.0390625, 0.169921875, -0.1826171875, 0.09423828125, 0.005615234375, -0.01507568359375, 0.0634765625, -0.1826171875] 1 1 1
 [0.1748046875, 0.01068115234375, -0.045654296875, 0.07470703125, -0.0390625, 0.169921875, -0.1826171875, 0.09423828125, 0.005615234375, -0.01507568359375, 0.0634765625, -0.1826171875] 1 1 1
 [0.1748046875, 0.01068115234375, -0.045654296875, 0.07470703125, -0.0390625, 0.169921875, -0.1826171875, 0.09423828125, 0.005615234375, -0.01507568359375, 0.0634765625, -0.1826171875] 1 1 1
 [0.1748046875, 0.01068115234375, -0.045654296875, 0.07470703125, -0.0390625, 0.169921875, -0.1826171875, 0.09423828125, 0.005615234375, -0.01507568359375, 0.0634765625, -0.1826171875] 1 1 1
 [0.1748046875, 0.01068115234375, -0.045654296875, 0.07470703125, -0.0390625, 0.169921875, -0.1826171875, 0.09423828125, 0.005615234375, -0.01507568359375, 0.0634765625, -0.1826171875] 1 1 1
 [0.1748046875, 0.01068115234375, -0.045654296875, 0.07470703125, -0.0390625, 0.169921875, -0.1826171875, 0.09423828125, 0.005615234375, -0.01507568359375, 0.0634765625, -0.1826171875] 2 1 1
 [0.1748046875, 0.01068115234375, -0.045654296875, 0.07470703125, -0.0390625, 0.169921875, -0.1826171875, 0.09423828125, 0.005615234375, -0.01507568359375, 0.0634765625, -0.1826171875] 2 1 1
 [0.1748046875, 0.01068115234375, -0.045654296875, 0.07470703125, -0.0390625, 0.169921875, -0.1826171875, 0.09423828125, 0.005615234375, -0.01507568359375, 0.0634765625, -0.1826171875] 2 1 1
 [0.1748046875, 0.01068115234375, -0.045654296875, 0.07470703125, -0.0390625, 0.169921875, -0.1826171875, 0.09423828125, 0.005615234375, -0.01507568359375, 0.0634765625, -0.1826171875] 2 1 1
 [0.1748046875, 0.01068115234375, -0.045654296875, 0.07470703125, -0.0390625, 0.169921875, -0.1826171875, 0.09423828125, 0.005615234375, -0.01507568359375, 0.0634765625, -0.1826171875] 2 1 1
 [0.1748046875, 0.01068115234375, -0.045654296875, 0.07470703125, -0.0390625, 0.169921875, -0.1826171875, 0.09423828125, 0.005615234375, -0.01507568359375, 0.0634765625, -0.1826171875] 2 1 1
 [0.1748046875, 0.01068115234375, -0.045654296875, 0.07470703125, -0.0390625, 0.169921875, -0.1826171875, 0.09423828125, 0.005615234375, -0.01507568359375, 0.0634765625, -0.1826171875] 2 1 1
 [0.1748046875, 0.01068115234375, -0.045654296875, 0.07470703125, -0.0390625, 0.169921875, -0.1826171875, 0.09423828125, 0.005615234375, -0.01507568359375, 0.0634765625, -0.1826171875] 2 1 1
 [0.1748046875, 0.01068115234375, -0.045654296875, 0.07470703125, -0.0390625, 0.169921875, -0.1826171875, 0.09423828125, 0.005615234375, -0.01507568359375, 0.0634765625, -0.1826171875] 2 1 1
 [0.1748046875, 0.01068115234375, -0.045654296875, 0.07470703125, -0.0390625, 0.169921875, -0.1826171875, 0.09423828125, 0.005615234375, -0.01507568359375, 0.0634765625, -0.1826171875] 2 1 1
 [0.1748046875, 0.01068115234375, -0.045654296875, 0.07470703125, -0.0390625, 0.169921875, -0.1826171875, 0.09423828125, 0.005615234375, -0.01507568359375, 0.0634765625, -0.1826171875] 2 1 1
 [0.1748046875, 0.01068115234375, -0.045654296875, 0.07470703125, -0.0390625, 0.169921875, -0.1826171875, 0.09423828125, 0.005615234375, -0.01507568359375, 0.0634765625, -0.1826171875] 2 1 1
 [0.1748046875, 0.01068115234375, -0.045654296875, 0.07470703125, -0.0390625, 0.169921875, -0.1826171875, 0.09423828125, 0.005615234375, -0.01507568359375, 0.0634765625, -0.1826171875] 2 1 1
 [0.1748046875, 0.01068115234375, -0.045654296875, 0.07470703125, -0.0390625, 0.169921875, -0.1826171875, 0.09423828125, 0.005615234375, -0.01507568359375, 0.0634765625, -0.1826171875] 2 1 1
 [0.1748046875, 0.01068115234375, -0.045654296875, 0.07470703125, -0.0390625, 0.169921875, -0.1826171875, 0.09423828125, 0.005615234375, -0.01507568359375, 0.0634765625, -0.1826171875] 2 1 1
 [0.1748046875, 0.01068115234375, -0.045654296875, 0.07470703125, -0.0390625, 0.169921875, -0.1826171875, 0.09423828125, 0.005615234375, -0.01507568359375, 0.0634765625, -0.1826171875] 2 1 1
 [0.1748046875, 0.01068115234375, -0.045654296875, 0.07470703125, -0.0390625, 0.169921875, -0.1826171875, 0.09423828125, 0.005615234375, -0.01507568359375, 0.0634765625, -0.1826171875] 2 1 1
 [0.1748046875, 0.01068115234375, -0.045654296875, 0.07470703125, -0.0390625, 0.169921875, -0.1826171875, 0.09423828125, 0.005615234375, -0.01507568359375, 0.0634765625, -0.1826171875] 2 1 1
 [0.1748046875, 0.01068115234375, -0.045654296875, 0.07470703125, -0.0390625, 0.169921875, -0.1826171875, 0.09423828125, 0.005615234375, -0.01507568359375, 0.0634765625, -0.1826171875] 2 1 1
 [0.1748046875, 0.01068115234375, -0.045654296875, 0.07470703125, -0.0390625, 0.169921875, -0.1826171875, 0.09423828125, 0.005615234375, -0.01507568359375, 0.0634765625, -0.1826171875] 2 1 1
 [0.1748046875, 0.01068115234375, -0.045654296875, 0.07470703125, -0.0390625, 0.169921875, -0.1826171875, 0.09423828125, 0.005615234375, -0.01507568359375, 0.0634765625, -0.1826171875] 2 1 1
 [0.1748046875, 0.01068115234375, -0.045654296875, 0.07470703125, -0.0390625, 0.169921875, -0.1826171875, 0.09423828125, 0.005615234375, -0.01507568359375, 0.0634765625, -0.1826171875] 2 1 1
 [0.1748046875, 0.01068115234375, -0.045654296875, 0.07470703125, -0.0390625, 0.169921875, -0.1826171875, 0.09423828125, 0.005615234375, -0.01507568359375, 0.0634765625, -0.1826171875] 2 1 1
 [0.1748046875, 0.01068115234375, -0.045654296875, 0.07470703125, -0.0390625, 0.169921875, -0.1826171875, 0.09423828125, 0.005615234375, -0.01507568359375, 0.0634765625, -0.1826171875] 2 1 1
 [0.1748046875, 0.01068115234375, -0.045654296875, 0.07470703125, -0.0390625, 0.169921875, -0.1826171875, 0.09423828125, 0.005615234375, -0.01507568359375, 0.0634765625, -0.1826171875] 2 1 1
 [0.1748046875, 0.01068115234375, -0.045654296875, 0.07470703125, -0.0390625, 0.169921875, -0.1826171875, 0.09423828125, 0.005615234375, -0.01507568359375, 0.0634765625, -0.1826171875] 2 1 1
 [0.1748046875, 0.01068115234375, -0.045654296875, 0.07470703125, -0.0390625, 0.169921875, -0.1826171875, 0.09423828125, 0.005615234375, -0.01507568359375, 0.0634765625, -0.1826171875] 2 1 1
 [0.1748046875, 0.01068115234375, -0.045654296875, 0.07470703125, -0.0390625, 0.169921875, -0.1826171875, 0.09423828125, 0.005615234375, -0.01507568359375, 0.0634765625, -0.1826171875] 2 1 1
 [0.1748046875, 0.01068115234375, -0.045654296875, 0.07470703125, -0.0390625, 0.169921875, -0.1826171875, 0.09423828125, 0.005615234375, -0.01507568359375, 0.0634765625, -0.1826171875] 2 1 1
 [0.1748046875, 0.01068115234375, -0.045654296875, 0.07470703125, -0.0390625, 0.169921875, -0.1826171875, 0.09423828125, 0.005615234375, -0.01507568359375, 0.0634765625, -0.1826171875] 2 1 1
 [0.1748046875, 0.01068115234375, -0.045654296875, 0.07470703125, -0.0390625, 0.169921875, -0.1826171875, 0.09423828125, 0.005615234375, -0.01507568359375, 0.0634765625, -0.1826171875] 2 1 1
 [0.1748046875, 0.01068115234375, -0.045654296875, 0.07470703125, -0.0390625, 0.169921875, -0.1826171875, 0.09423828125, 0.005615234375, -0.01507568359375, 0.0634765625, -0.1826171875] 3 1 1
 [0.1748046875, 0.01068115234375, -0.045654296875, 0.07470703125, -0.0390625, 0.169921875, -0.1826171875, 0.09423828125, 0.005615234375, -0.01507568359375, 0.0634765625, -0.1826171875] 3 1 1
 [0.1748046875, 0.01068115234375, -0.045654296875, 0.07470703125, -0.0390625, 0.169921875, -0.1826171875, 0.09423828125, 0.005615234375, -0.01507568359375, 0.0634765625, -0.1826171875] 3 1 1
 [0.1748046875, 0.01068115234375, -0.045654296875, 0.07470703125, -0.0390625, 0.169921875, -0.1826171875, 0.09423828125, 0.005615234375, -0.01507568359375, 0.0634765625, -0.1826171875] 3 1 1
 [0.1748046875, 0.01068115234375, -0.045654296875, 0.07470703125, -0.0390625, 0.169921875, -0.1826171875, 0.09423828125, 0.005615234375, -0.01507568359375, 0.0634765625, -0.1826171875] 3 1 1
 [0.1748046875, 0.01068115234375, -0.045654296875, 0.07470703125, -0.0390625, 0.169921875, -0.1826171875, 0.09423828125, 0.005615234375, -0.01507568359375, 0.0634765625, -0.1826171875] 3 1 1
 [0.1748046875, 0.01068115234375, -0.045654296875, 0.07470703125, -0.0390625, 0.169921875, -0.1826171875, 0.09423828125, 0.005615234375, -0.01507568359375, 0.0634765625, -0.1826171875] 3 1 1
 [0.1748046875, 0.01068115234375, -0.045654296875, 0.07470703125, -0.0390625, 0.169921875, -0.1826171875, 0.09423828125, 0.005615234375, -0.01507568359375, 0.0634765625, -0.1826171875] 3 1 1
 [0.1748046875, 0.01068115234375, -0.045654296875, 0.07470703125, -0.0390625, 0.169921875, -0.1826171875, 0.09423828125, 0.005615234375, -0.01507568359375, 0.0634765625, -0.1826171875] 3 1 1
 [0.1748046875, 0.01068115234375, -0.045654296875, 0.07470703125, -0.0390625, 0.169921875, -0.1826171875, 0.09423828125, 0.005615234375, -0.01507568359375, 0.0634765625, -0.1826171875] 3 1 1
 [0.1748046875, 0.01068115234375, -0.045654296875, 0.07470703125, -0.0390625, 0.169921875, -0.1826171875, 0.09423828125, 0.005615234375, -0.01507568359375, 0.0634765625, -0.1826171875] 3 1 1
 [0.1748046875, 0.01068115234375, -0.045654296875, 0.07470703125, -0.0390625, 0.169921875, -0.1826171875, 0.09423828125, 0.005615234375, -0.01507568359375, 0.0634765625, -0.1826171875] 3 1 1
 [0.1748046875, 0.01068115234375, -0.045654296875, 0.07470703125, -0.0390625, 0.169921875, -0.1826171875, 0.09423828125, 0.005615234375, -0.01507568359375, 0.0634765625, -0.1826171875] 3 1 1
 [0.1748046875, 0.01068115234375, -0.045654296875, 0.07470703125, -0.0390625, 0.169921875, -0.1826171875, 0.09423828125, 0.005615234375, -0.01507568359375, 0.0634765625, -0.1826171875] 3 1 1
 [0.1748046875, 0.01068115234375, -0.045654296875, 0.07470703125, -0.0390625, 0.169921875, -0.1826171875, 0.09423828125, 0.005615234375, -0.01507568359375, 0.0634765625, -0.1826171875] 3 1 1
 [0.1748046875, 0.01068115234375, -0.045654296875, 0.07470703125, -0.0390625, 0.169921875, -0.1826171875, 0.09423828125, 0.005615234375, -0.01507568359375, 0.0634765625, -0.1826171875] 3 1 1
 [0.1748046875, 0.01068115234375, -0.045654296875, 0.07470703125, -0.0390625, 0.169921875, -0.1826171875, 0.09423828125, 0.005615234375, -0.01507568359375, 0.0634765625, -0.1826171875] 3 1 1
 [0.1748046875, 0.01068115234375, -0.045654296875, 0.07470703125, -0.0390625, 0.169921875, -0.1826171875, 0.09423828125, 0.005615234375, -0.01507568359375, 0.0634765625, -0.1826171875] 3 1 1
 [0.1748046875, 0.01068115234375, -0.045654296875, 0.07470703125, -0.0390625, 0.169921875, -0.1826171875, 0.09423828125, 0.005615234375, -0.01507568359375, 0.0634765625, -0.1826171875] 3 1 1
 [0.1748046875, 0.01068115234375, -0.045654296875, 0.07470703125, -0.0390625, 0.169921875, -0.1826171875, 0.09423828125, 0.005615234375, -0.01507568359375, 0.0634765625, -0.1826171875] 3 1 1
 [0.1748046875, 0.01068115234375, -0.045654296875, 0.07470703125, -0.0390625, 0.169921875, -0.1826171875, 0.09423828125, 0.005615234375, -0.01507568359375, 0.0634765625, -0.1826171875] 3 1 1
 [0.1748046875, 0.01068115234375, -0.045654296875, 0.07470703125, -0.0390625, 0.169921875, -0.1826171875, 0.09423828125, 0.005615234375, -0.01507568359375, 0.0634765625, -0.1826171875] 3 1 1
 [0.1748046875, 0.01068115234375, -0.045654296875, 0.07470703125, -0.0390625, 0.169921875, -0.1826171875, 0.09423828125, 0.005615234375, -0.01507568359375, 0.0634765625, -0.1826171875] 3 1 1
 [0.1748046875, 0.01068115234375, -0.045654296875, 0.07470703125, -0.0390625, 0.169921875, -0.1826171875, 0.09423828125, 0.005615234375, -0.01507568359375, 0.0634765625, -0.1826171875] 3 1 1
 [0.1748046875, 0.01068115234375, -0.045654296875, 0.07470703125, -0.0390625, 0.169921875, -0.1826171875, 0.09423828125, 0.005615234375, -0.01507568359375, 0.0634765625, -0.1826171875] 3 1 1
 [0.1748046875, 0.01068115234375, -0.045654296875, 0.07470703125, -0.0390625, 0.169921875, -0.1826171875, 0.09423828125, 0.005615234375, -0.01507568359375, 0.0634765625, -0.1826171875] 3 1 1
 [0.1748046875, 0.01068115234375, -0.045654296875, 0.07470703125, -0.0390625, 0.169921875, -0.1826171875, 0.09423828125, 0.005615234375, -0.01507568359375, 0.0634765625, -0.1826171875] 3 1 1
 [0.1748046875, 0.01068115234375, -0.045654296875, 0.07470703125, -0.0390625, 0.169921875, -0.1826171875, 0.09423828125, 0.005615234375, -0.01507568359375, 0.0634765625, -0.1826171875] 3 1 1
 [0.1748046875, 0.01068115234375, -0.045654296875, 0.07470703125, -0.0390625, 0.169921875, -0.1826171875, 0.09423828125, 0.005615234375, -0.01507568359375, 0.0634765625, -0.1826171875] 3 1 1
 [0.1748046875, 0.01068115234375, -0.045654296875, 0.07470703125, -0.0390625, 0.169921875, -0.1826171875, 0.09423828125, 0.005615234375, -0.01507568359375, 0.0634765625, -0.1826171875] 3 1 1
 [0.1748046875, 0.01068115234375, -0.045654296875, 0.07470703125, -0.0390625, 0.169921875, -0.1826171875, 0.09423828125, 0.005615234375, -0.01507568359375, 0.0634765625, -0.1826171875] 3 1 1
 [0.1748046875, 0.01068115234375, -0.045654296875, 0.07470703125, -0.0390625, 0.169921875, -0.1826171875, 0.09423828125, 0.005615234375, -0.01507568359375, 0.0634765625, -0.1826171875] 4 1 1
 [0.1748046875, 0.01068115234375, -0.045654296875, 0.07470703125, -0.0390625, 0.169921875, -0.1826171875, 0.09423828125, 0.005615234375, -0.01507568359375, 0.0634765625, -0.1826171875] 4 1 1
 [0.1748046875, 0.01068115234375, -0.045654296875, 0.07470703125, -0.0390625, 0.169921875, -0.1826171875, 0.09423828125, 0.005615234375, -0.01507568359375, 0.0634765625, -0.1826171875] 4 1 1
 [0.1748046875, 0.01068115234375, -0.045654296875, 0.07470703125, -0.0390625, 0.169921875, -0.1826171875, 0.09423828125, 0.005615234375, -0.01507568359375, 0.0634765625, -0.1826171875] 4 1 1
 [0.1748046875, 0.01068115234375, -0.045654296875, 0.07470703125, -0.0390625, 0.169921875, -0.1826171875, 0.09423828125, 0.005615234375, -0.01507568359375, 0.0634765625, -0.1826171875] 4 1 1
 [0.1748046875, 0.01068115234375, -0.045654296875, 0.07470703125, -0.0390625, 0.169921875, -0.1826171875, 0.09423828125, 0.005615234375, -0.01507568359375, 0.0634765625, -0.1826171875] 4 1 1
 [0.1748046875, 0.01068115234375, -0.045654296875, 0.07470703125, -0.0390625, 0.169921875, -0.1826171875, 0.09423828125, 0.005615234375, -0.01507568359375, 0.0634765625, -0.1826171875] 4 1 1
 [0.1748046875, 0.01068115234375, -0.045654296875, 0.07470703125, -0.0390625, 0.169921875, -0.1826171875, 0.09423828125, 0.005615234375, -0.01507568359375, 0.0634765625, -0.1826171875] 4 1 1
 [0.1748046875, 0.01068115234375, -0.045654296875, 0.07470703125, -0.0390625, 0.169921875, -0.1826171875, 0.09423828125, 0.005615234375, -0.01507568359375, 0.0634765625, -0.1826171875] 4 1 1
 [0.1748046875, 0.01068115234375, -0.045654296875, 0.07470703125, -0.0390625, 0.169921875, -0.1826171875, 0.09423828125, 0.005615234375, -0.01507568359375, 0.0634765625, -0.1826171875] 4 1 1
 [0.1748046875, 0.01068115234375, -0.045654296875, 0.07470703125, -0.0390625, 0.169921875, -0.1826171875, 0.09423828125, 0.005615234375, -0.01507568359375, 0.0634765625, -0.1826171875] 4 1 1
 [0.1748046875, 0.01068115234375, -0.045654296875, 0.07470703125, -0.0390625, 0.169921875, -0.1826171875, 0.09423828125, 0.005615234375, -0.01507568359375, 0.0634765625, -0.1826171875] 4 1 1
 [0.1748046875, 0.01068115234375, -0.045654296875, 0.07470703125, -0.0390625, 0.169921875, -0.1826171875, 0.09423828125, 0.005615234375, -0.01507568359375, 0.0634765625, -0.1826171875] 4 1 1
 [0.1748046875, 0.01068115234375, -0.045654296875, 0.07470703125, -0.0390625, 0.169921875, -0.1826171875, 0.09423828125, 0.005615234375, -0.01507568359375, 0.0634765625, -0.1826171875] 4 1 1
 [0.1748046875, 0.01068115234375, -0.045654296875, 0.07470703125, -0.0390625, 0.169921875, -0.1826171875, 0.09423828125, 0.005615234375, -0.01507568359375, 0.0634765625, -0.1826171875] 4 1 1
 [0.1748046875, 0.01068115234375, -0.045654296875, 0.07470703125, -0.0390625, 0.169921875, -0.1826171875, 0.09423828125, 0.005615234375, -0.01507568359375, 0.0634765625, -0.1826171875] 4 1 1
 [0.1748046875, 0.01068115234375, -0.045654296875, 0.07470703125, -0.0390625, 0.169921875, -0.1826171875, 0.09423828125, 0.005615234375, -0.01507568359375, 0.0634765625, -0.1826171875] 4 1 1
 [0.1748046875, 0.01068115234375, -0.045654296875, 0.07470703125, -0.0390625, 0.169921875, -0.1826171875, 0.09423828125, 0.005615234375, -0.01507568359375, 0.0634765625, -0.1826171875] 4 1 1
 [0.1748046875, 0.01068115234375, -0.045654296875, 0.07470703125, -0.0390625, 0.169921875, -0.1826171875, 0.09423828125, 0.005615234375, -0.01507568359375, 0.0634765625, -0.1826171875] 4 1 1
 [0.1748046875, 0.01068115234375, -0.045654296875, 0.07470703125, -0.0390625, 0.169921875, -0.1826171875, 0.09423828125, 0.005615234375, -0.01507568359375, 0.0634765625, -0.1826171875] 4 1 1
 [0.1748046875, 0.01068115234375, -0.045654296875, 0.07470703125, -0.0390625, 0.169921875, -0.1826171875, 0.09423828125, 0.005615234375, -0.01507568359375, 0.0634765625, -0.1826171875] 4 1 1
 [0.1748046875, 0.01068115234375, -0.045654296875, 0.07470703125, -0.0390625, 0.169921875, -0.1826171875, 0.09423828125, 0.005615234375, -0.01507568359375, 0.0634765625, -0.1826171875] 4 1 1
 [0.1748046875, 0.01068115234375, -0.045654296875, 0.07470703125, -0.0390625, 0.169921875, -0.1826171875, 0.09423828125, 0.005615234375, -0.01507568359375, 0.0634765625, -0.1826171875] 4 1 1
 [0.1748046875, 0.01068115234375, -0.045654296875, 0.07470703125, -0.0390625, 0.169921875, -0.1826171875, 0.09423828125, 0.005615234375, -0.01507568359375, 0.0634765625, -0.1826171875] 4 1 1
 [0.1748046875, 0.01068115234375, -0.045654296875, 0.07470703125, -0.0390625, 0.169921875, -0.1826171875, 0.09423828125, 0.005615234375, -0.01507568359375, 0.0634765625, -0.1826171875] 4 1 1
 [0.1748046875, 0.01068115234375, -0.045654296875, 0.07470703125, -0.0390625, 0.169921875, -0.1826171875, 0.09423828125, 0.005615234375, -0.01507568359375, 0.0634765625, -0.1826171875] 4 1 1
 [0.1748046875, 0.01068115234375, -0.045654296875, 0.07470703125, -0.0390625, 0.169921875, -0.1826171875, 0.09423828125, 0.005615234375, -0.01507568359375, 0.0634765625, -0.1826171875] 4 1 1
 [0.1748046875, 0.01068115234375, -0.045654296875, 0.07470703125, -0.0390625, 0.169921875, -0.1826171875, 0.09423828125, 0.005615234375, -0.01507568359375, 0.0634765625, -0.1826171875] 4 1 1
 [0.1748046875, 0.01068115234375, -0.045654296875, 0.07470703125, -0.0390625, 0.169921875, -0.1826171875, 0.09423828125, 0.005615234375, -0.01507568359375, 0.0634765625, -0.1826171875] 4 1 1
 [0.1748046875, 0.01068115234375, -0.045654296875, 0.07470703125, -0.0390625, 0.169921875, -0.1826171875, 0.09423828125, 0.005615234375, -0.01507568359375, 0.0634765625, -0.1826171875] 4 1 1
 [0.1748046875, 0.01068115234375, -0.045654296875, 0.07470703125, -0.0390625, 0.169921875, -0.1826171875, 0.09423828125, 0.005615234375, -0.01507568359375, 0.0634765625, -0.1826171875] 4 1 1
 [0.1748046875, 0.01068115234375, -0.045654296875, 0.07470703125, -0.0390625, 0.169921875, -0.1826171875, 0.09423828125, 0.005615234375, -0.01507568359375, 0.0634765625, -0.1826171875] 4 1 1
 [0.1748046875, 0.01068115234375, -0.045654296875, 0.07470703125, -0.0390625, 0.169921875, -0.1826171875, 0.09423828125, 0.005615234375, -0.01507568359375, 0.0634765625, -0.1826171875] 4 1 1
 [0.1748046875, 0.01068115234375, -0.045654296875, 0.07470703125, -0.0390625, 0.169921875, -0.1826171875, 0.09423828125, 0.005615234375, -0.01507568359375, 0.0634765625, -0.1826171875] 4 1 1
 [0.1748046875, 0.01068115234375, -0.045654296875, 0.07470703125, -0.0390625, 0.169921875, -0.1826171875, 0.09423828125, 0.005615234375, -0.01507568359375, 0.0634765625, -0.1826171875] 5 1 1
 [0.1748046875, 0.01068115234375, -0.045654296875, 0.07470703125, -0.0390625, 0.169921875, -0.1826171875, 0.09423828125, 0.005615234375, -0.01507568359375, 0.0634765625, -0.1826171875] 5 1 1
 [0.1748046875, 0.01068115234375, -0.045654296875, 0.07470703125, -0.0390625, 0.169921875, -0.1826171875, 0.09423828125, 0.005615234375, -0.01507568359375, 0.0634765625, -0.1826171875] 5 1 1
 [0.1748046875, 0.01068115234375, -0.045654296875, 0.07470703125, -0.0390625, 0.169921875, -0.1826171875, 0.09423828125, 0.005615234375, -0.01507568359375, 0.0634765625, -0.1826171875] 5 1 1
 [0.1748046875, 0.01068115234375, -0.045654296875, 0.07470703125, -0.0390625, 0.169921875, -0.1826171875, 0.09423828125, 0.005615234375, -0.01507568359375, 0.0634765625, -0.1826171875] 5 1 1
 [0.1748046875, 0.01068115234375, -0.045654296875, 0.07470703125, -0.0390625, 0.169921875, -0.1826171875, 0.09423828125, 0.005615234375, -0.01507568359375, 0.0634765625, -0.1826171875] 5 1 1
 [0.1748046875, 0.01068115234375, -0.045654296875, 0.07470703125, -0.0390625, 0.169921875, -0.1826171875, 0.09423828125, 0.005615234375, -0.01507568359375, 0.0634765625, -0.1826171875] 5 1 1
 [0.1748046875, 0.01068115234375, -0.045654296875, 0.07470703125, -0.0390625, 0.169921875, -0.1826171875, 0.09423828125, 0.005615234375, -0.01507568359375, 0.0634765625, -0.1826171875] 5 1 1
 [0.1748046875, 0.01068115234375, -0.045654296875, 0.07470703125, -0.0390625, 0.169921875, -0.1826171875, 0.09423828125, 0.005615234375, -0.01507568359375, 0.0634765625, -0.1826171875] 5 1 1
 [0.1748046875, 0.01068115234375, -0.045654296875, 0.07470703125, -0.0390625, 0.169921875, -0.1826171875, 0.09423828125, 0.005615234375, -0.01507568359375, 0.0634765625, -0.1826171875] 5 1 1
 [0.1748046875, 0.01068115234375, -0.045654296875, 0.07470703125, -0.0390625, 0.169921875, -0.1826171875, 0.09423828125, 0.005615234375, -0.01507568359375, 0.0634765625, -0.1826171875] 5 1 1
 [0.1748046875, 0.01068115234375, -0.045654296875, 0.07470703125, -0.0390625, 0.169921875, -0.1826171875, 0.09423828125, 0.005615234375, -0.01507568359375, 0.0634765625, -0.1826171875] 5 1 1
 [0.1748046875, 0.01068115234375, -0.045654296875, 0.07470703125, -0.0390625, 0.169921875, -0.1826171875, 0.09423828125, 0.005615234375, -0.01507568359375, 0.0634765625, -0.1826171875] 5 1 1
 [0.1748046875, 0.01068115234375, -0.045654296875, 0.07470703125, -0.0390625, 0.169921875, -0.1826171875, 0.09423828125, 0.005615234375, -0.01507568359375, 0.0634765625, -0.1826171875] 5 1 1
 [0.1748046875, 0.01068115234375, -0.045654296875, 0.07470703125, -0.0390625, 0.169921875, -0.1826171875, 0.09423828125, 0.005615234375, -0.01507568359375, 0.0634765625, -0.1826171875] 5 1 1
 [0.1748046875, 0.01068115234375, -0.045654296875, 0.07470703125, -0.0390625, 0.169921875, -0.1826171875, 0.09423828125, 0.005615234375, -0.01507568359375, 0.0634765625, -0.1826171875] 5 1 1
 [0.1748046875, 0.01068115234375, -0.045654296875, 0.07470703125, -0.0390625, 0.169921875, -0.1826171875, 0.09423828125, 0.005615234375, -0.01507568359375, 0.0634765625, -0.1826171875] 5 1 1
 [0.1748046875, 0.01068115234375, -0.045654296875, 0.07470703125, -0.0390625, 0.169921875, -0.1826171875, 0.09423828125, 0.005615234375, -0.01507568359375, 0.0634765625, -0.1826171875] 5 1 1
 [0.1748046875, 0.01068115234375, -0.045654296875, 0.07470703125, -0.0390625, 0.169921875, -0.1826171875, 0.09423828125, 0.005615234375, -0.01507568359375, 0.0634765625, -0.1826171875] 5 1 1
 [0.1748046875, 0.01068115234375, -0.045654296875, 0.07470703125, -0.0390625, 0.169921875, -0.1826171875, 0.09423828125, 0.005615234375, -0.01507568359375, 0.0634765625, -0.1826171875] 5 1 1
 [0.1748046875, 0.01068115234375, -0.045654296875, 0.07470703125, -0.0390625, 0.169921875, -0.1826171875, 0.09423828125, 0.005615234375, -0.01507568359375, 0.0634765625, -0.1826171875] 5 1 1
 [0.1748046875, 0.01068115234375, -0.045654296875, 0.07470703125, -0.0390625, 0.169921875, -0.1826171875, 0.09423828125, 0.005615234375, -0.01507568359375, 0.0634765625, -0.1826171875] 5 1 1
 [0.1748046875, 0.01068115234375, -0.045654296875, 0.07470703125, -0.0390625, 0.169921875, -0.1826171875, 0.09423828125, 0.005615234375, -0.01507568359375, 0.0634765625, -0.1826171875] 5 1 1
 [0.1748046875, 0.01068115234375, -0.045654296875, 0.07470703125, -0.0390625, 0.169921875, -0.1826171875, 0.09423828125, 0.005615234375, -0.01507568359375, 0.0634765625, -0.1826171875] 5 1 1
 [0.1748046875, 0.01068115234375, -0.045654296875, 0.07470703125, -0.0390625, 0.169921875, -0.1826171875, 0.09423828125, 0.005615234375, -0.01507568359375, 0.0634765625, -0.1826171875] 5 1 1
 [0.1748046875, 0.01068115234375, -0.045654296875, 0.07470703125, -0.0390625, 0.169921875, -0.1826171875, 0.09423828125, 0.005615234375, -0.01507568359375, 0.0634765625, -0.1826171875] 5 1 1
 [0.1748046875, 0.01068115234375, -0.045654296875, 0.07470703125, -0.0390625, 0.169921875, -0.1826171875, 0.09423828125, 0.005615234375, -0.01507568359375, 0.0634765625, -0.1826171875] 5 1 1
 [0.1748046875, 0.01068115234375, -0.045654296875, 0.07470703125, -0.0390625, 0.169921875, -0.1826171875, 0.09423828125, 0.005615234375, -0.01507568359375, 0.0634765625, -0.1826171875] 5 1 1
 [0.1748046875, 0.01068115234375, -0.045654296875, 0.07470703125, -0.0390625, 0.169921875, -0.1826171875, 0.09423828125, 0.005615234375, -0.01507568359375, 0.0634765625, -0.1826171875] 5 1 1
 [0.1748046875, 0.01068115234375, -0.045654296875, 0.07470703125, -0.0390625, 0.169921875, -0.1826171875, 0.09423828125, 0.005615234375, -0.01507568359375, 0.0634765625, -0.1826171875] 5 1 1
 [0.1748046875, 0.01068115234375, -0.045654296875, 0.07470703125, -0.0390625, 0.169921875, -0.1826171875, 0.09423828125, 0.005615234375, -0.01507568359375, 0.0634765625, -0.1826171875] 5 1 1
 [0.1748046875, 0.01068115234375, -0.045654296875, 0.07470703125, -0.0390625, 0.169921875, -0.1826171875, 0.09423828125, 0.005615234375, -0.01507568359375, 0.0634765625, -0.1826171875] 5 1 1
 [0.1748046875, 0.01068115234375, -0.045654296875, 0.07470703125, -0.0390625, 0.169921875, -0.1826171875, 0.09423828125, 0.005615234375, -0.01507568359375, 0.0634765625, -0.1826171875] 5 1 1
 [0.1748046875, 0.01068115234375, -0.045654296875, 0.07470703125, -0.0390625, 0.169921875, -0.1826171875, 0.09423828125, 0.005615234375, -0.01507568359375, 0.0634765625, -0.1826171875] 7 1 1
 [0.1748046875, 0.01068115234375, -0.045654296875, 0.07470703125, -0.0390625, 0.169921875, -0.1826171875, 0.09423828125, 0.005615234375, -0.01507568359375, 0.0634765625, -0.1826171875] 7 1 1
 [0.1748046875, 0.01068115234375, -0.045654296875, 0.07470703125, -0.0390625, 0.169921875, -0.1826171875, 0.09423828125, 0.005615234375, -0.01507568359375, 0.0634765625, -0.1826171875] 7 1 1
 [0.1748046875, 0.01068115234375, -0.045654296875, 0.07470703125, -0.0390625, 0.169921875, -0.1826171875, 0.09423828125, 0.005615234375, -0.01507568359375, 0.0634765625, -0.1826171875] 7 1 1
 [0.1748046875, 0.01068115234375, -0.045654296875, 0.07470703125, -0.0390625, 0.169921875, -0.1826171875, 0.09423828125, 0.005615234375, -0.01507568359375, 0.0634765625, -0.1826171875] 7 1 1
 [0.1748046875, 0.01068115234375, -0.045654296875, 0.07470703125, -0.0390625, 0.169921875, -0.1826171875, 0.09423828125, 0.005615234375, -0.01507568359375, 0.0634765625, -0.1826171875] 7 1 1
 [0.1748046875, 0.01068115234375, -0.045654296875, 0.07470703125, -0.0390625, 0.169921875, -0.1826171875, 0.09423828125, 0.005615234375, -0.01507568359375, 0.0634765625, -0.1826171875] 7 1 1
 [0.1748046875, 0.01068115234375, -0.045654296875, 0.07470703125, -0.0390625, 0.169921875, -0.1826171875, 0.09423828125, 0.005615234375, -0.01507568359375, 0.0634765625, -0.1826171875] 7 1 1
 [0.1748046875, 0.01068115234375, -0.045654296875, 0.07470703125, -0.0390625, 0.169921875, -0.1826171875, 0.09423828125, 0.005615234375, -0.01507568359375, 0.0634765625, -0.1826171875] 7 1 1
 [0.1748046875, 0.01068115234375, -0.045654296875, 0.07470703125, -0.0390625, 0.169921875, -0.1826171875, 0.09423828125, 0.005615234375, -0.01507568359375, 0.0634765625, -0.1826171875] 7 1 1
 [0.1748046875, 0.01068115234375, -0.045654296875, 0.07470703125, -0.0390625, 0.169921875, -0.1826171875, 0.09423828125, 0.005615234375, -0.01507568359375, 0.0634765625, -0.1826171875] 7 1 1
 [0.1748046875, 0.01068115234375, -0.045654296875, 0.07470703125, -0.0390625, 0.169921875, -0.1826171875, 0.09423828125, 0.005615234375, -0.01507568359375, 0.0634765625, -0.1826171875] 7 1 1
 [0.1748046875, 0.01068115234375, -0.045654296875, 0.07470703125, -0.0390625, 0.169921875, -0.1826171875, 0.09423828125, 0.005615234375, -0.01507568359375, 0.0634765625, -0.1826171875] 7 1 1
 [0.1748046875, 0.01068115234375, -0.045654296875, 0.07470703125, -0.0390625, 0.169921875, -0.1826171875, 0.09423828125, 0.005615234375, -0.01507568359375, 0.0634765625, -0.1826171875] 7 1 1
 [0.1748046875, 0.01068115234375, -0.045654296875, 0.07470703125, -0.0390625, 0.169921875, -0.1826171875, 0.09423828125, 0.005615234375, -0.01507568359375, 0.0634765625, -0.1826171875] 7 1 1
 [0.1748046875, 0.01068115234375, -0.045654296875, 0.07470703125, -0.0390625, 0.169921875, -0.1826171875, 0.09423828125, 0.005615234375, -0.01507568359375, 0.0634765625, -0.1826171875] 7 1 1
 [0.1748046875, 0.01068115234375, -0.045654296875, 0.07470703125, -0.0390625, 0.169921875, -0.1826171875, 0.09423828125, 0.005615234375, -0.01507568359375, 0.0634765625, -0.1826171875] 7 1 1
 [0.1748046875, 0.01068115234375, -0.045654296875, 0.07470703125, -0.0390625, 0.169921875, -0.1826171875, 0.09423828125, 0.005615234375, -0.01507568359375, 0.0634765625, -0.1826171875] 7 1 1
 [0.1748046875, 0.01068115234375, -0.045654296875, 0.07470703125, -0.0390625, 0.169921875, -0.1826171875, 0.09423828125, 0.005615234375, -0.01507568359375, 0.0634765625, -0.1826171875] 7 1 1
 [0.1748046875, 0.01068115234375, -0.045654296875, 0.07470703125, -0.0390625, 0.169921875, -0.1826171875, 0.09423828125, 0.005615234375, -0.01507568359375, 0.0634765625, -0.1826171875] 7 1 1
 [0.1748046875, 0.01068115234375, -0.045654296875, 0.07470703125, -0.0390625, 0.169921875, -0.1826171875, 0.09423828125, 0.005615234375, -0.01507568359375, 0.0634765625, -0.1826171875] 7 1 1
 [0.1748046875, 0.01068115234375, -0.045654296875, 0.07470703125, -0.0390625, 0.169921875, -0.1826171875, 0.09423828125, 0.005615234375, -0.01507568359375, 0.0634765625, -0.1826171875] 7 1 1
 [0.1748046875, 0.01068115234375, -0.045654296875, 0.07470703125, -0.0390625, 0.169921875, -0.1826171875, 0.09423828125, 0.005615234375, -0.01507568359375, 0.0634765625, -0.1826171875] 7 1 1
 [0.1748046875, 0.01068115234375, -0.045654296875, 0.07470703125, -0.0390625, 0.169921875, -0.1826171875, 0.09423828125, 0.005615234375, -0.01507568359375, 0.0634765625, -0.1826171875] 7 1 1
 [0.1748046875, 0.01068115234375, -0.045654296875, 0.07470703125, -0.0390625, 0.169921875, -0.1826171875, 0.09423828125, 0.005615234375, -0.01507568359375, 0.0634765625, -0.1826171875] 7 1 1
 [0.1748046875, 0.01068115234375, -0.045654296875, 0.07470703125, -0.0390625, 0.169921875, -0.1826171875, 0.09423828125, 0.005615234375, -0.01507568359375, 0.0634765625, -0.1826171875] 7 1 1
 [0.1748046875, 0.01068115234375, -0.045654296875, 0.07470703125, -0.0390625, 0.169921875, -0.1826171875, 0.09423828125, 0.005615234375, -0.01507568359375, 0.0634765625, -0.1826171875] 7 1 1
 [0.1748046875, 0.01068115234375, -0.045654296875, 0.07470703125, -0.0390625, 0.169921875, -0.1826171875, 0.09423828125, 0.005615234375, -0.01507568359375, 0.0634765625, -0.1826171875] 7 1 1
 [0.1748046875, 0.01068115234375, -0.045654296875, 0.07470703125, -0.0390625, 0.169921875, -0.1826171875, 0.09423828125, 0.005615234375, -0.01507568359375, 0.0634765625, -0.1826171875] 7 1 1
 [0.1748046875, 0.01068115234375, -0.045654296875, 0.07470703125, -0.0390625, 0.169921875, -0.1826171875, 0.09423828125, 0.005615234375, -0.01507568359375, 0.0634765625, -0.1826171875] 7 1 1
 [0.1748046875, 0.01068115234375, -0.045654296875, 0.07470703125, -0.0390625, 0.169921875, -0.1826171875, 0.09423828125, 0.005615234375, -0.01507568359375, 0.0634765625, -0.1826171875] 8 1 1
 [0.1748046875, 0.01068115234375, -0.045654296875, 0.07470703125, -0.0390625, 0.169921875, -0.1826171875, 0.09423828125, 0.005615234375, -0.01507568359375, 0.0634765625, -0.1826171875] 8 1 1
 [0.1748046875, 0.01068115234375, -0.045654296875, 0.07470703125, -0.0390625, 0.169921875, -0.1826171875, 0.09423828125, 0.005615234375, -0.01507568359375, 0.0634765625, -0.1826171875] 8 1 1
 [0.1748046875, 0.01068115234375, -0.045654296875, 0.07470703125, -0.0390625, 0.169921875, -0.1826171875, 0.09423828125, 0.005615234375, -0.01507568359375, 0.0634765625, -0.1826171875] 8 1 1
 [0.1748046875, 0.01068115234375, -0.045654296875, 0.07470703125, -0.0390625, 0.169921875, -0.1826171875, 0.09423828125, 0.005615234375, -0.01507568359375, 0.0634765625, -0.1826171875] 8 1 1
 [0.1748046875, 0.01068115234375, -0.045654296875, 0.07470703125, -0.0390625, 0.169921875, -0.1826171875, 0.09423828125, 0.005615234375, -0.01507568359375, 0.0634765625, -0.1826171875] 8 1 1
 [0.1748046875, 0.01068115234375, -0.045654296875, 0.07470703125, -0.0390625, 0.169921875, -0.1826171875, 0.09423828125, 0.005615234375, -0.01507568359375, 0.0634765625, -0.1826171875] 8 1 1
 [0.1748046875, 0.01068115234375, -0.045654296875, 0.07470703125, -0.0390625, 0.169921875, -0.1826171875, 0.09423828125, 0.005615234375, -0.01507568359375, 0.0634765625, -0.1826171875] 8 1 1
 [0.1748046875, 0.01068115234375, -0.045654296875, 0.07470703125, -0.0390625, 0.169921875, -0.1826171875, 0.09423828125, 0.005615234375, -0.01507568359375, 0.0634765625, -0.1826171875] 8 1 1
 [0.1748046875, 0.01068115234375, -0.045654296875, 0.07470703125, -0.0390625, 0.169921875, -0.1826171875, 0.09423828125, 0.005615234375, -0.01507568359375, 0.0634765625, -0.1826171875] 8 1 1
 [0.1748046875, 0.01068115234375, -0.045654296875, 0.07470703125, -0.0390625, 0.169921875, -0.1826171875, 0.09423828125, 0.005615234375, -0.01507568359375, 0.0634765625, -0.1826171875] 8 1 1
 [0.1748046875, 0.01068115234375, -0.045654296875, 0.07470703125, -0.0390625, 0.169921875, -0.1826171875, 0.09423828125, 0.005615234375, -0.01507568359375, 0.0634765625, -0.1826171875] 8 1 1
 [0.1748046875, 0.01068115234375, -0.045654296875, 0.07470703125, -0.0390625, 0.169921875, -0.1826171875, 0.09423828125, 0.005615234375, -0.01507568359375, 0.0634765625, -0.1826171875] 8 1 1
 [0.1748046875, 0.01068115234375, -0.045654296875, 0.07470703125, -0.0390625, 0.169921875, -0.1826171875, 0.09423828125, 0.005615234375, -0.01507568359375, 0.0634765625, -0.1826171875] 8 1 1
 [0.1748046875, 0.01068115234375, -0.045654296875, 0.07470703125, -0.0390625, 0.169921875, -0.1826171875, 0.09423828125, 0.005615234375, -0.01507568359375, 0.0634765625, -0.1826171875] 8 1 1
 [0.1748046875, 0.01068115234375, -0.045654296875, 0.07470703125, -0.0390625, 0.169921875, -0.1826171875, 0.09423828125, 0.005615234375, -0.01507568359375, 0.0634765625, -0.1826171875] 8 1 1
 [0.1748046875, 0.01068115234375, -0.045654296875, 0.07470703125, -0.0390625, 0.169921875, -0.1826171875, 0.09423828125, 0.005615234375, -0.01507568359375, 0.0634765625, -0.1826171875] 8 1 1
 [0.1748046875, 0.01068115234375, -0.045654296875, 0.07470703125, -0.0390625, 0.169921875, -0.1826171875, 0.09423828125, 0.005615234375, -0.01507568359375, 0.0634765625, -0.1826171875] 8 1 1
 [0.1748046875, 0.01068115234375, -0.045654296875, 0.07470703125, -0.0390625, 0.169921875, -0.1826171875, 0.09423828125, 0.005615234375, -0.01507568359375, 0.0634765625, -0.1826171875] 8 1 1
 [0.1748046875, 0.01068115234375, -0.045654296875, 0.07470703125, -0.0390625, 0.169921875, -0.1826171875, 0.09423828125, 0.005615234375, -0.01507568359375, 0.0634765625, -0.1826171875] 8 1 1
 [0.1748046875, 0.01068115234375, -0.045654296875, 0.07470703125, -0.0390625, 0.169921875, -0.1826171875, 0.09423828125, 0.005615234375, -0.01507568359375, 0.0634765625, -0.1826171875] 8 1 1
 [0.1748046875, 0.01068115234375, -0.045654296875, 0.07470703125, -0.0390625, 0.169921875, -0.1826171875, 0.09423828125, 0.005615234375, -0.01507568359375, 0.0634765625, -0.1826171875] 8 1 1
 [0.1748046875, 0.01068115234375, -0.045654296875, 0.07470703125, -0.0390625, 0.169921875, -0.1826171875, 0.09423828125, 0.005615234375, -0.01507568359375, 0.0634765625, -0.1826171875] 8 1 1
 [0.1748046875, 0.01068115234375, -0.045654296875, 0.07470703125, -0.0390625, 0.169921875, -0.1826171875, 0.09423828125, 0.005615234375, -0.01507568359375, 0.0634765625, -0.1826171875] 8 1 1
 [0.1748046875, 0.01068115234375, -0.045654296875, 0.07470703125, -0.0390625, 0.169921875, -0.1826171875, 0.09423828125, 0.005615234375, -0.01507568359375, 0.0634765625, -0.1826171875] 8 1 1
 [0.1748046875, 0.01068115234375, -0.045654296875, 0.07470703125, -0.0390625, 0.169921875, -0.1826171875, 0.09423828125, 0.005615234375, -0.01507568359375, 0.0634765625, -0.1826171875] 8 1 1
 [0.1748046875, 0.01068115234375, -0.045654296875, 0.07470703125, -0.0390625, 0.169921875, -0.1826171875, 0.09423828125, 0.005615234375, -0.01507568359375, 0.0634765625, -0.1826171875] 8 1 1
 [0.1748046875, 0.01068115234375, -0.045654296875, 0.07470703125, -0.0390625, 0.169921875, -0.1826171875, 0.09423828125, 0.005615234375, -0.01507568359375, 0.0634765625, -0.1826171875] 8 1 1
 [0.1748046875, 0.01068115234375, -0.045654296875, 0.07470703125, -0.0390625, 0.169921875, -0.1826171875, 0.09423828125, 0.005615234375, -0.01507568359375, 0.0634765625, -0.1826171875] 8 1 1
 [0.1748046875, 0.01068115234375, -0.045654296875, 0.07470703125, -0.0390625, 0.169921875, -0.1826171875, 0.09423828125, 0.005615234375, -0.01507568359375, 0.0634765625, -0.1826171875] 10 1 1
 [0.1748046875, 0.01068115234375, -0.045654296875, 0.07470703125, -0.0390625, 0.169921875, -0.1826171875, 0.09423828125, 0.005615234375, -0.01507568359375, 0.0634765625, -0.1826171875] 10 1 1
 [0.1748046875, 0.01068115234375, -0.045654296875, 0.07470703125, -0.0390625, 0.169921875, -0.1826171875, 0.09423828125, 0.005615234375, -0.01507568359375, 0.0634765625, -0.1826171875] 10 1 1
 [0.1748046875, 0.01068115234375, -0.045654296875, 0.07470703125, -0.0390625, 0.169921875, -0.1826171875, 0.09423828125, 0.005615234375, -0.01507568359375, 0.0634765625, -0.1826171875] 10 1 1
 [0.1748046875, 0.01068115234375, -0.045654296875, 0.07470703125, -0.0390625, 0.169921875, -0.1826171875, 0.09423828125, 0.005615234375, -0.01507568359375, 0.0634765625, -0.1826171875] 10 1 1
 [0.1748046875, 0.01068115234375, -0.045654296875, 0.07470703125, -0.0390625, 0.169921875, -0.1826171875, 0.09423828125, 0.005615234375, -0.01507568359375, 0.0634765625, -0.1826171875] 10 1 1
 [0.1748046875, 0.01068115234375, -0.045654296875, 0.07470703125, -0.0390625, 0.169921875, -0.1826171875, 0.09423828125, 0.005615234375, -0.01507568359375, 0.0634765625, -0.1826171875] 10 1 1
 [0.1748046875, 0.01068115234375, -0.045654296875, 0.07470703125, -0.0390625, 0.169921875, -0.1826171875, 0.09423828125, 0.005615234375, -0.01507568359375, 0.0634765625, -0.1826171875] 10 1 1
 [0.1748046875, 0.01068115234375, -0.045654296875, 0.07470703125, -0.0390625, 0.169921875, -0.1826171875, 0.09423828125, 0.005615234375, -0.01507568359375, 0.0634765625, -0.1826171875] 10 1 1
 [0.1748046875, 0.01068115234375, -0.045654296875, 0.07470703125, -0.0390625, 0.169921875, -0.1826171875, 0.09423828125, 0.005615234375, -0.01507568359375, 0.0634765625, -0.1826171875] 10 1 1
 [0.1748046875, 0.01068115234375, -0.045654296875, 0.07470703125, -0.0390625, 0.169921875, -0.1826171875, 0.09423828125, 0.005615234375, -0.01507568359375, 0.0634765625, -0.1826171875] 10 1 1
 [0.1748046875, 0.01068115234375, -0.045654296875, 0.07470703125, -0.0390625, 0.169921875, -0.1826171875, 0.09423828125, 0.005615234375, -0.01507568359375, 0.0634765625, -0.1826171875] 10 1 1
 [0.1748046875, 0.01068115234375, -0.045654296875, 0.07470703125, -0.0390625, 0.169921875, -0.1826171875, 0.09423828125, 0.005615234375, -0.01507568359375, 0.0634765625, -0.1826171875] 10 1 1
 [0.1748046875, 0.01068115234375, -0.045654296875, 0.07470703125, -0.0390625, 0.169921875, -0.1826171875, 0.09423828125, 0.005615234375, -0.01507568359375, 0.0634765625, -0.1826171875] 10 1 1
 [0.1748046875, 0.01068115234375, -0.045654296875, 0.07470703125, -0.0390625, 0.169921875, -0.1826171875, 0.09423828125, 0.005615234375, -0.01507568359375, 0.0634765625, -0.1826171875] 10 1 1
 [0.1748046875, 0.01068115234375, -0.045654296875, 0.07470703125, -0.0390625, 0.169921875, -0.1826171875, 0.09423828125, 0.005615234375, -0.01507568359375, 0.0634765625, -0.1826171875] 10 1 1
 [0.1748046875, 0.01068115234375, -0.045654296875, 0.07470703125, -0.0390625, 0.169921875, -0.1826171875, 0.09423828125, 0.005615234375, -0.01507568359375, 0.0634765625, -0.1826171875] 10 1 1
 [0.1748046875, 0.01068115234375, -0.045654296875, 0.07470703125, -0.0390625, 0.169921875, -0.1826171875, 0.09423828125, 0.005615234375, -0.01507568359375, 0.0634765625, -0.1826171875] 10 1 1
 [0.1748046875, 0.01068115234375, -0.045654296875, 0.07470703125, -0.0390625, 0.169921875, -0.1826171875, 0.09423828125, 0.005615234375, -0.01507568359375, 0.0634765625, -0.1826171875] 10 1 1
 [0.1748046875, 0.01068115234375, -0.045654296875, 0.07470703125, -0.0390625, 0.169921875, -0.1826171875, 0.09423828125, 0.005615234375, -0.01507568359375, 0.0634765625, -0.1826171875] 10 1 1
 [0.1748046875, 0.01068115234375, -0.045654296875, 0.07470703125, -0.0390625, 0.169921875, -0.1826171875, 0.09423828125, 0.005615234375, -0.01507568359375, 0.0634765625, -0.1826171875] 10 1 1
 [0.1748046875, 0.01068115234375, -0.045654296875, 0.07470703125, -0.0390625, 0.169921875, -0.1826171875, 0.09423828125, 0.005615234375, -0.01507568359375, 0.0634765625, -0.1826171875] 10 1 1
 [0.1748046875, 0.01068115234375, -0.045654296875, 0.07470703125, -0.0390625, 0.169921875, -0.1826171875, 0.09423828125, 0.005615234375, -0.01507568359375, 0.0634765625, -0.1826171875] 10 1 1
 [0.1748046875, 0.01068115234375, -0.045654296875, 0.07470703125, -0.0390625, 0.169921875, -0.1826171875, 0.09423828125, 0.005615234375, -0.01507568359375, 0.0634765625, -0.1826171875] 10 1 1
 [0.1748046875, 0.01068115234375, -0.045654296875, 0.07470703125, -0.0390625, 0.169921875, -0.1826171875, 0.09423828125, 0.005615234375, -0.01507568359375, 0.0634765625, -0.1826171875] 10 1 1
 [0.1748046875, 0.01068115234375, -0.045654296875, 0.07470703125, -0.0390625, 0.169921875, -0.1826171875, 0.09423828125, 0.005615234375, -0.01507568359375, 0.0634765625, -0.1826171875] 10 1 1
 [0.1748046875, 0.01068115234375, -0.045654296875, 0.07470703125, -0.0390625, 0.169921875, -0.1826171875, 0.09423828125, 0.005615234375, -0.01507568359375, 0.0634765625, -0.1826171875] 10 1 1
 [0.1748046875, 0.01068115234375, -0.045654296875, 0.07470703125, -0.0390625, 0.169921875, -0.1826171875, 0.09423828125, 0.005615234375, -0.01507568359375, 0.0634765625, -0.1826171875] 10 1 1
 [0.1748046875, 0.01068115234375, -0.045654296875, 0.07470703125, -0.0390625, 0.169921875, -0.1826171875, 0.09423828125, 0.005615234375, -0.01507568359375, 0.0634765625, -0.1826171875] 10 1 1
 [0.1748046875, 0.01068115234375, -0.045654296875, 0.07470703125, -0.0390625, 0.169921875, -0.1826171875, 0.09423828125, 0.005615234375, -0.01507568359375, 0.0634765625, -0.1826171875] 10 1 1
 [0.1748046875, 0.01068115234375, -0.045654296875, 0.07470703125, -0.0390625, 0.169921875, -0.1826171875, 0.09423828125, 0.005615234375, -0.01507568359375, 0.0634765625, -0.1826171875] 10 1 1
 [0.1748046875, 0.01068115234375, -0.045654296875, 0.07470703125, -0.0390625, 0.169921875, -0.1826171875, 0.09423828125, 0.005615234375, -0.01507568359375, 0.0634765625, -0.1826171875] 10 1 1
 [0.1748046875, 0.01068115234375, -0.045654296875, 0.07470703125, -0.0390625, 0.169921875, -0.1826171875, 0.09423828125, 0.005615234375, -0.01507568359375, 0.0634765625, -0.1826171875] 10 1 1
 [0.1748046875, 0.01068115234375, -0.045654296875, 0.07470703125, -0.0390625, 0.169921875, -0.1826171875, 0.09423828125, 0.005615234375, -0.01507568359375, 0.0634765625, -0.1826171875] 10 1 1
 [0.1748046875, 0.01068115234375, -0.045654296875, 0.07470703125, -0.0390625, 0.169921875, -0.1826171875, 0.09423828125, 0.005615234375, -0.01507568359375, 0.0634765625, -0.1826171875] 11 1 1
 [0.1748046875, 0.01068115234375, -0.045654296875, 0.07470703125, -0.0390625, 0.169921875, -0.1826171875, 0.09423828125, 0.005615234375, -0.01507568359375, 0.0634765625, -0.1826171875] 11 1 1
 [0.1748046875, 0.01068115234375, -0.045654296875, 0.07470703125, -0.0390625, 0.169921875, -0.1826171875, 0.09423828125, 0.005615234375, -0.01507568359375, 0.0634765625, -0.1826171875] 11 1 1
 [0.1748046875, 0.01068115234375, -0.045654296875, 0.07470703125, -0.0390625, 0.169921875, -0.1826171875, 0.09423828125, 0.005615234375, -0.01507568359375, 0.0634765625, -0.1826171875] 11 1 1
 [0.1748046875, 0.01068115234375, -0.045654296875, 0.07470703125, -0.0390625, 0.169921875, -0.1826171875, 0.09423828125, 0.005615234375, -0.01507568359375, 0.0634765625, -0.1826171875] 11 1 1
 [0.1748046875, 0.01068115234375, -0.045654296875, 0.07470703125, -0.0390625, 0.169921875, -0.1826171875, 0.09423828125, 0.005615234375, -0.01507568359375, 0.0634765625, -0.1826171875] 11 1 1
 [0.1748046875, 0.01068115234375, -0.045654296875, 0.07470703125, -0.0390625, 0.169921875, -0.1826171875, 0.09423828125, 0.005615234375, -0.01507568359375, 0.0634765625, -0.1826171875] 11 1 1
 [0.1748046875, 0.01068115234375, -0.045654296875, 0.07470703125, -0.0390625, 0.169921875, -0.1826171875, 0.09423828125, 0.005615234375, -0.01507568359375, 0.0634765625, -0.1826171875] 11 1 1
 [0.1748046875, 0.01068115234375, -0.045654296875, 0.07470703125, -0.0390625, 0.169921875, -0.1826171875, 0.09423828125, 0.005615234375, -0.01507568359375, 0.0634765625, -0.1826171875] 11 1 1
 [0.1748046875, 0.01068115234375, -0.045654296875, 0.07470703125, -0.0390625, 0.169921875, -0.1826171875, 0.09423828125, 0.005615234375, -0.01507568359375, 0.0634765625, -0.1826171875] 11 1 1
 [0.1748046875, 0.01068115234375, -0.045654296875, 0.07470703125, -0.0390625, 0.169921875, -0.1826171875, 0.09423828125, 0.005615234375, -0.01507568359375, 0.0634765625, -0.1826171875] 11 1 1
 [0.1748046875, 0.01068115234375, -0.045654296875, 0.07470703125, -0.0390625, 0.169921875, -0.1826171875, 0.09423828125, 0.005615234375, -0.01507568359375, 0.0634765625, -0.1826171875] 11 1 1
 [0.1748046875, 0.01068115234375, -0.045654296875, 0.07470703125, -0.0390625, 0.169921875, -0.1826171875, 0.09423828125, 0.005615234375, -0.01507568359375, 0.0634765625, -0.1826171875] 11 1 1
 [0.1748046875, 0.01068115234375, -0.045654296875, 0.07470703125, -0.0390625, 0.169921875, -0.1826171875, 0.09423828125, 0.005615234375, -0.01507568359375, 0.0634765625, -0.1826171875] 11 1 1
 [0.1748046875, 0.01068115234375, -0.045654296875, 0.07470703125, -0.0390625, 0.169921875, -0.1826171875, 0.09423828125, 0.005615234375, -0.01507568359375, 0.0634765625, -0.1826171875] 11 1 1
 [0.1748046875, 0.01068115234375, -0.045654296875, 0.07470703125, -0.0390625, 0.169921875, -0.1826171875, 0.09423828125, 0.005615234375, -0.01507568359375, 0.0634765625, -0.1826171875] 11 1 1
 [0.1748046875, 0.01068115234375, -0.045654296875, 0.07470703125, -0.0390625, 0.169921875, -0.1826171875, 0.09423828125, 0.005615234375, -0.01507568359375, 0.0634765625, -0.1826171875] 11 1 1
 [0.1748046875, 0.01068115234375, -0.045654296875, 0.07470703125, -0.0390625, 0.169921875, -0.1826171875, 0.09423828125, 0.005615234375, -0.01507568359375, 0.0634765625, -0.1826171875] 11 1 1
 [0.1748046875, 0.01068115234375, -0.045654296875, 0.07470703125, -0.0390625, 0.169921875, -0.1826171875, 0.09423828125, 0.005615234375, -0.01507568359375, 0.0634765625, -0.1826171875] 11 1 1
 [0.1748046875, 0.01068115234375, -0.045654296875, 0.07470703125, -0.0390625, 0.169921875, -0.1826171875, 0.09423828125, 0.005615234375, -0.01507568359375, 0.0634765625, -0.1826171875] 11 1 1
 [0.1748046875, 0.01068115234375, -0.045654296875, 0.07470703125, -0.0390625, 0.169921875, -0.1826171875, 0.09423828125, 0.005615234375, -0.01507568359375, 0.0634765625, -0.1826171875] 11 1 1
 [0.1748046875, 0.01068115234375, -0.045654296875, 0.07470703125, -0.0390625, 0.169921875, -0.1826171875, 0.09423828125, 0.005615234375, -0.01507568359375, 0.0634765625, -0.1826171875] 11 1 1
 [0.1748046875, 0.01068115234375, -0.045654296875, 0.07470703125, -0.0390625, 0.169921875, -0.1826171875, 0.09423828125, 0.005615234375, -0.01507568359375, 0.0634765625, -0.1826171875] 11 1 1
 [0.1748046875, 0.01068115234375, -0.045654296875, 0.07470703125, -0.0390625, 0.169921875, -0.1826171875, 0.09423828125, 0.005615234375, -0.01507568359375, 0.0634765625, -0.1826171875] 11 1 1
 [0.1748046875, 0.01068115234375, -0.045654296875, 0.07470703125, -0.0390625, 0.169921875, -0.1826171875, 0.09423828125, 0.005615234375, -0.01507568359375, 0.0634765625, -0.1826171875] 11 1 1
 [0.1748046875, 0.01068115234375, -0.045654296875, 0.07470703125, -0.0390625, 0.169921875, -0.1826171875, 0.09423828125, 0.005615234375, -0.01507568359375, 0.0634765625, -0.1826171875] 11 1 1
 [0.1748046875, 0.01068115234375, -0.045654296875, 0.07470703125, -0.0390625, 0.169921875, -0.1826171875, 0.09423828125, 0.005615234375, -0.01507568359375, 0.0634765625, -0.1826171875] 11 1 1
 [0.1748046875, 0.01068115234375, -0.045654296875, 0.07470703125, -0.0390625, 0.169921875, -0.1826171875, 0.09423828125, 0.005615234375, -0.01507568359375, 0.0634765625, -0.1826171875] 11 1 1
 [0.1748046875, 0.01068115234375, -0.045654296875, 0.07470703125, -0.0390625, 0.169921875, -0.1826171875, 0.09423828125, 0.005615234375, -0.01507568359375, 0.0634765625, -0.1826171875] 11 1 1
 [0.1748046875, 0.01068115234375, -0.045654296875, 0.07470703125, -0.0390625, 0.169921875, -0.1826171875, 0.09423828125, 0.005615234375, -0.01507568359375, 0.0634765625, -0.1826171875] 11 1 1
 [0.1748046875, 0.01068115234375, -0.045654296875, 0.07470703125, -0.0390625, 0.169921875, -0.1826171875, 0.09423828125, 0.005615234375, -0.01507568359375, 0.0634765625, -0.1826171875] 11 1 1
 [0.1748046875, 0.01068115234375, -0.045654296875, 0.07470703125, -0.0390625, 0.169921875, -0.1826171875, 0.09423828125, 0.005615234375, -0.01507568359375, 0.0634765625, -0.1826171875] 11 1 1
 [0.1748046875, 0.01068115234375, -0.045654296875, 0.07470703125, -0.0390625, 0.169921875, -0.1826171875, 0.09423828125, 0.005615234375, -0.01507568359375, 0.0634765625, -0.1826171875] 10 1 1
 [0.1748046875, 0.01068115234375, -0.045654296875, 0.07470703125, -0.0390625, 0.169921875, -0.1826171875, 0.09423828125, 0.005615234375, -0.01507568359375, 0.0634765625, -0.1826171875] 0 1 2
 [0.1748046875, 0.01068115234375, -0.045654296875, 0.07470703125, -0.0390625, 0.169921875, -0.1826171875, 0.09423828125, 0.005615234375, -0.01507568359375, 0.0634765625, -0.1826171875] 0 1 2
 [0.1748046875, 0.01068115234375, -0.045654296875, 0.07470703125, -0.0390625, 0.169921875, -0.1826171875, 0.09423828125, 0.005615234375, -0.01507568359375, 0.0634765625, -0.1826171875] 0 1 2
 [0.1748046875, 0.01068115234375, -0.045654296875, 0.07470703125, -0.0390625, 0.169921875, -0.1826171875, 0.09423828125, 0.005615234375, -0.01507568359375, 0.0634765625, -0.1826171875] 0 1 2
 [0.1748046875, 0.01068115234375, -0.045654296875, 0.07470703125, -0.0390625, 0.169921875, -0.1826171875, 0.09423828125, 0.005615234375, -0.01507568359375, 0.0634765625, -0.1826171875] 0 1 2
 [0.1748046875, 0.01068115234375, -0.045654296875, 0.07470703125, -0.0390625, 0.169921875, -0.1826171875, 0.09423828125, 0.005615234375, -0.01507568359375, 0.0634765625, -0.1826171875] 0 1 2
 [0.1748046875, 0.01068115234375, -0.045654296875, 0.07470703125, -0.0390625, 0.169921875, -0.1826171875, 0.09423828125, 0.005615234375, -0.01507568359375, 0.0634765625, -0.1826171875] 0 1 2
 [0.1748046875, 0.01068115234375, -0.045654296875, 0.07470703125, -0.0390625, 0.169921875, -0.1826171875, 0.09423828125, 0.005615234375, -0.01507568359375, 0.0634765625, -0.1826171875] 0 1 2
 [0.1748046875, 0.01068115234375, -0.045654296875, 0.07470703125, -0.0390625, 0.169921875, -0.1826171875, 0.09423828125, 0.005615234375, -0.01507568359375, 0.0634765625, -0.1826171875] 0 1 2
 [0.1748046875, 0.01068115234375, -0.045654296875, 0.07470703125, -0.0390625, 0.169921875, -0.1826171875, 0.09423828125, 0.005615234375, -0.01507568359375, 0.0634765625, -0.1826171875] 0 1 2
 [0.1748046875, 0.01068115234375, -0.045654296875, 0.07470703125, -0.0390625, 0.169921875, -0.1826171875, 0.09423828125, 0.005615234375, -0.01507568359375, 0.0634765625, -0.1826171875] 0 1 2
 [0.1748046875, 0.01068115234375, -0.045654296875, 0.07470703125, -0.0390625, 0.169921875, -0.1826171875, 0.09423828125, 0.005615234375, -0.01507568359375, 0.0634765625, -0.1826171875] 0 1 2
 [0.1748046875, 0.01068115234375, -0.045654296875, 0.07470703125, -0.0390625, 0.169921875, -0.1826171875, 0.09423828125, 0.005615234375, -0.01507568359375, 0.0634765625, -0.1826171875] 0 1 2
 [0.1748046875, 0.01068115234375, -0.045654296875, 0.07470703125, -0.0390625, 0.169921875, -0.1826171875, 0.09423828125, 0.005615234375, -0.01507568359375, 0.0634765625, -0.1826171875] 0 1 2
 [0.1748046875, 0.01068115234375, -0.045654296875, 0.07470703125, -0.0390625, 0.169921875, -0.1826171875, 0.09423828125, 0.005615234375, -0.01507568359375, 0.0634765625, -0.1826171875] 0 1 2
 [0.1748046875, 0.01068115234375, -0.045654296875, 0.07470703125, -0.0390625, 0.169921875, -0.1826171875, 0.09423828125, 0.005615234375, -0.01507568359375, 0.0634765625, -0.1826171875] 0 1 2
 [0.1748046875, 0.01068115234375, -0.045654296875, 0.07470703125, -0.0390625, 0.169921875, -0.1826171875, 0.09423828125, 0.005615234375, -0.01507568359375, 0.0634765625, -0.1826171875] 0 1 2
 [0.1748046875, 0.01068115234375, -0.045654296875, 0.07470703125, -0.0390625, 0.169921875, -0.1826171875, 0.09423828125, 0.005615234375, -0.01507568359375, 0.0634765625, -0.1826171875] 0 1 2
 [0.1748046875, 0.01068115234375, -0.045654296875, 0.07470703125, -0.0390625, 0.169921875, -0.1826171875, 0.09423828125, 0.005615234375, -0.01507568359375, 0.0634765625, -0.1826171875] 0 1 2
 [0.1748046875, 0.01068115234375, -0.045654296875, 0.07470703125, -0.0390625, 0.169921875, -0.1826171875, 0.09423828125, 0.005615234375, -0.01507568359375, 0.0634765625, -0.1826171875] 0 1 2
 [0.1748046875, 0.01068115234375, -0.045654296875, 0.07470703125, -0.0390625, 0.169921875, -0.1826171875, 0.09423828125, 0.005615234375, -0.01507568359375, 0.0634765625, -0.1826171875] 0 1 2
 [0.1748046875, 0.01068115234375, -0.045654296875, 0.07470703125, -0.0390625, 0.169921875, -0.1826171875, 0.09423828125, 0.005615234375, -0.01507568359375, 0.0634765625, -0.1826171875] 0 1 2
 [0.1748046875, 0.01068115234375, -0.045654296875, 0.07470703125, -0.0390625, 0.169921875, -0.1826171875, 0.09423828125, 0.005615234375, -0.01507568359375, 0.0634765625, -0.1826171875] 0 1 2
 [0.1748046875, 0.01068115234375, -0.045654296875, 0.07470703125, -0.0390625, 0.169921875, -0.1826171875, 0.09423828125, 0.005615234375, -0.01507568359375, 0.0634765625, -0.1826171875] 0 1 2
 [0.1748046875, 0.01068115234375, -0.045654296875, 0.07470703125, -0.0390625, 0.169921875, -0.1826171875, 0.09423828125, 0.005615234375, -0.01507568359375, 0.0634765625, -0.1826171875] 0 1 2
 [0.1748046875, 0.01068115234375, -0.045654296875, 0.07470703125, -0.0390625, 0.169921875, -0.1826171875, 0.09423828125, 0.005615234375, -0.01507568359375, 0.0634765625, -0.1826171875] 0 1 2
 [0.1748046875, 0.01068115234375, -0.045654296875, 0.07470703125, -0.0390625, 0.169921875, -0.1826171875, 0.09423828125, 0.005615234375, -0.01507568359375, 0.0634765625, -0.1826171875] 0 1 2
 [0.1748046875, 0.01068115234375, -0.045654296875, 0.07470703125, -0.0390625, 0.169921875, -0.1826171875, 0.09423828125, 0.005615234375, -0.01507568359375, 0.0634765625, -0.1826171875] 0 1 2
 [0.1748046875, 0.01068115234375, -0.045654296875, 0.07470703125, -0.0390625, 0.169921875, -0.1826171875, 0.09423828125, 0.005615234375, -0.01507568359375, 0.0634765625, -0.1826171875] 0 1 2
 [0.1748046875, 0.01068115234375, -0.045654296875, 0.07470703125, -0.0390625, 0.169921875, -0.1826171875, 0.09423828125, 0.005615234375, -0.01507568359375, 0.0634765625, -0.1826171875] 0 1 2
 [0.1748046875, 0.01068115234375, -0.045654296875, 0.07470703125, -0.0390625, 0.169921875, -0.1826171875, 0.09423828125, 0.005615234375, -0.01507568359375, 0.0634765625, -0.1826171875] 0 1 2
 [0.1748046875, 0.01068115234375, -0.045654296875, 0.07470703125, -0.0390625, 0.169921875, -0.1826171875, 0.09423828125, 0.005615234375, -0.01507568359375, 0.0634765625, -0.1826171875] 0 1 2
 [0.1748046875, 0.01068115234375, -0.045654296875, 0.07470703125, -0.0390625, 0.169921875, -0.1826171875, 0.09423828125, 0.005615234375, -0.01507568359375, 0.0634765625, -0.1826171875] 0 1 2
 [0.1748046875, 0.01068115234375, -0.045654296875, 0.07470703125, -0.0390625, 0.169921875, -0.1826171875, 0.09423828125, 0.005615234375, -0.01507568359375, 0.0634765625, -0.1826171875] 1 1 2
 [0.1748046875, 0.01068115234375, -0.045654296875, 0.07470703125, -0.0390625, 0.169921875, -0.1826171875, 0.09423828125, 0.005615234375, -0.01507568359375, 0.0634765625, -0.1826171875] 1 1 2
 [0.1748046875, 0.01068115234375, -0.045654296875, 0.07470703125, -0.0390625, 0.169921875, -0.1826171875, 0.09423828125, 0.005615234375, -0.01507568359375, 0.0634765625, -0.1826171875] 1 1 2
 [0.1748046875, 0.01068115234375, -0.045654296875, 0.07470703125, -0.0390625, 0.169921875, -0.1826171875, 0.09423828125, 0.005615234375, -0.01507568359375, 0.0634765625, -0.1826171875] 1 1 2
 [0.1748046875, 0.01068115234375, -0.045654296875, 0.07470703125, -0.0390625, 0.169921875, -0.1826171875, 0.09423828125, 0.005615234375, -0.01507568359375, 0.0634765625, -0.1826171875] 1 1 2
 [0.1748046875, 0.01068115234375, -0.045654296875, 0.07470703125, -0.0390625, 0.169921875, -0.1826171875, 0.09423828125, 0.005615234375, -0.01507568359375, 0.0634765625, -0.1826171875] 1 1 2
 [0.1748046875, 0.01068115234375, -0.045654296875, 0.07470703125, -0.0390625, 0.169921875, -0.1826171875, 0.09423828125, 0.005615234375, -0.01507568359375, 0.0634765625, -0.1826171875] 1 1 2
 [0.1748046875, 0.01068115234375, -0.045654296875, 0.07470703125, -0.0390625, 0.169921875, -0.1826171875, 0.09423828125, 0.005615234375, -0.01507568359375, 0.0634765625, -0.1826171875] 1 1 2
 [0.1748046875, 0.01068115234375, -0.045654296875, 0.07470703125, -0.0390625, 0.169921875, -0.1826171875, 0.09423828125, 0.005615234375, -0.01507568359375, 0.0634765625, -0.1826171875] 1 1 2
 [0.1748046875, 0.01068115234375, -0.045654296875, 0.07470703125, -0.0390625, 0.169921875, -0.1826171875, 0.09423828125, 0.005615234375, -0.01507568359375, 0.0634765625, -0.1826171875] 1 1 2
 [0.1748046875, 0.01068115234375, -0.045654296875, 0.07470703125, -0.0390625, 0.169921875, -0.1826171875, 0.09423828125, 0.005615234375, -0.01507568359375, 0.0634765625, -0.1826171875] 1 1 2
 [0.1748046875, 0.01068115234375, -0.045654296875, 0.07470703125, -0.0390625, 0.169921875, -0.1826171875, 0.09423828125, 0.005615234375, -0.01507568359375, 0.0634765625, -0.1826171875] 1 1 2
 [0.1748046875, 0.01068115234375, -0.045654296875, 0.07470703125, -0.0390625, 0.169921875, -0.1826171875, 0.09423828125, 0.005615234375, -0.01507568359375, 0.0634765625, -0.1826171875] 1 1 2
 [0.1748046875, 0.01068115234375, -0.045654296875, 0.07470703125, -0.0390625, 0.169921875, -0.1826171875, 0.09423828125, 0.005615234375, -0.01507568359375, 0.0634765625, -0.1826171875] 1 1 2
 [0.1748046875, 0.01068115234375, -0.045654296875, 0.07470703125, -0.0390625, 0.169921875, -0.1826171875, 0.09423828125, 0.005615234375, -0.01507568359375, 0.0634765625, -0.1826171875] 1 1 2
 [0.1748046875, 0.01068115234375, -0.045654296875, 0.07470703125, -0.0390625, 0.169921875, -0.1826171875, 0.09423828125, 0.005615234375, -0.01507568359375, 0.0634765625, -0.1826171875] 1 1 2
 [0.1748046875, 0.01068115234375, -0.045654296875, 0.07470703125, -0.0390625, 0.169921875, -0.1826171875, 0.09423828125, 0.005615234375, -0.01507568359375, 0.0634765625, -0.1826171875] 1 1 2
 [0.1748046875, 0.01068115234375, -0.045654296875, 0.07470703125, -0.0390625, 0.169921875, -0.1826171875, 0.09423828125, 0.005615234375, -0.01507568359375, 0.0634765625, -0.1826171875] 1 1 2
 [0.1748046875, 0.01068115234375, -0.045654296875, 0.07470703125, -0.0390625, 0.169921875, -0.1826171875, 0.09423828125, 0.005615234375, -0.01507568359375, 0.0634765625, -0.1826171875] 1 1 2
 [0.1748046875, 0.01068115234375, -0.045654296875, 0.07470703125, -0.0390625, 0.169921875, -0.1826171875, 0.09423828125, 0.005615234375, -0.01507568359375, 0.0634765625, -0.1826171875] 1 1 2
 [0.1748046875, 0.01068115234375, -0.045654296875, 0.07470703125, -0.0390625, 0.169921875, -0.1826171875, 0.09423828125, 0.005615234375, -0.01507568359375, 0.0634765625, -0.1826171875] 1 1 2
 [0.1748046875, 0.01068115234375, -0.045654296875, 0.07470703125, -0.0390625, 0.169921875, -0.1826171875, 0.09423828125, 0.005615234375, -0.01507568359375, 0.0634765625, -0.1826171875] 1 1 2
 [0.1748046875, 0.01068115234375, -0.045654296875, 0.07470703125, -0.0390625, 0.169921875, -0.1826171875, 0.09423828125, 0.005615234375, -0.01507568359375, 0.0634765625, -0.1826171875] 1 1 2
 [0.1748046875, 0.01068115234375, -0.045654296875, 0.07470703125, -0.0390625, 0.169921875, -0.1826171875, 0.09423828125, 0.005615234375, -0.01507568359375, 0.0634765625, -0.1826171875] 1 1 2
 [0.1748046875, 0.01068115234375, -0.045654296875, 0.07470703125, -0.0390625, 0.169921875, -0.1826171875, 0.09423828125, 0.005615234375, -0.01507568359375, 0.0634765625, -0.1826171875] 1 1 2
 [0.1748046875, 0.01068115234375, -0.045654296875, 0.07470703125, -0.0390625, 0.169921875, -0.1826171875, 0.09423828125, 0.005615234375, -0.01507568359375, 0.0634765625, -0.1826171875] 1 1 2
 [0.1748046875, 0.01068115234375, -0.045654296875, 0.07470703125, -0.0390625, 0.169921875, -0.1826171875, 0.09423828125, 0.005615234375, -0.01507568359375, 0.0634765625, -0.1826171875] 1 1 2
 [0.1748046875, 0.01068115234375, -0.045654296875, 0.07470703125, -0.0390625, 0.169921875, -0.1826171875, 0.09423828125, 0.005615234375, -0.01507568359375, 0.0634765625, -0.1826171875] 1 1 2
 [0.1748046875, 0.01068115234375, -0.045654296875, 0.07470703125, -0.0390625, 0.169921875, -0.1826171875, 0.09423828125, 0.005615234375, -0.01507568359375, 0.0634765625, -0.1826171875] 1 1 2
 [0.1748046875, 0.01068115234375, -0.045654296875, 0.07470703125, -0.0390625, 0.169921875, -0.1826171875, 0.09423828125, 0.005615234375, -0.01507568359375, 0.0634765625, -0.1826171875] 1 1 2
 [0.1748046875, 0.01068115234375, -0.045654296875, 0.07470703125, -0.0390625, 0.169921875, -0.1826171875, 0.09423828125, 0.005615234375, -0.01507568359375, 0.0634765625, -0.1826171875] 1 1 2
 [0.1748046875, 0.01068115234375, -0.045654296875, 0.07470703125, -0.0390625, 0.169921875, -0.1826171875, 0.09423828125, 0.005615234375, -0.01507568359375, 0.0634765625, -0.1826171875] 1 1 2
 [0.1748046875, 0.01068115234375, -0.045654296875, 0.07470703125, -0.0390625, 0.169921875, -0.1826171875, 0.09423828125, 0.005615234375, -0.01507568359375, 0.0634765625, -0.1826171875] 1 1 2
 [0.1748046875, 0.01068115234375, -0.045654296875, 0.07470703125, -0.0390625, 0.169921875, -0.1826171875, 0.09423828125, 0.005615234375, -0.01507568359375, 0.0634765625, -0.1826171875] 1 1 2
 [0.1748046875, 0.01068115234375, -0.045654296875, 0.07470703125, -0.0390625, 0.169921875, -0.1826171875, 0.09423828125, 0.005615234375, -0.01507568359375, 0.0634765625, -0.1826171875] 2 1 2
 [0.1748046875, 0.01068115234375, -0.045654296875, 0.07470703125, -0.0390625, 0.169921875, -0.1826171875, 0.09423828125, 0.005615234375, -0.01507568359375, 0.0634765625, -0.1826171875] 2 1 2
 [0.1748046875, 0.01068115234375, -0.045654296875, 0.07470703125, -0.0390625, 0.169921875, -0.1826171875, 0.09423828125, 0.005615234375, -0.01507568359375, 0.0634765625, -0.1826171875] 2 1 2
 [0.1748046875, 0.01068115234375, -0.045654296875, 0.07470703125, -0.0390625, 0.169921875, -0.1826171875, 0.09423828125, 0.005615234375, -0.01507568359375, 0.0634765625, -0.1826171875] 2 1 2
 [0.1748046875, 0.01068115234375, -0.045654296875, 0.07470703125, -0.0390625, 0.169921875, -0.1826171875, 0.09423828125, 0.005615234375, -0.01507568359375, 0.0634765625, -0.1826171875] 2 1 2
 [0.1748046875, 0.01068115234375, -0.045654296875, 0.07470703125, -0.0390625, 0.169921875, -0.1826171875, 0.09423828125, 0.005615234375, -0.01507568359375, 0.0634765625, -0.1826171875] 2 1 2
 [0.1748046875, 0.01068115234375, -0.045654296875, 0.07470703125, -0.0390625, 0.169921875, -0.1826171875, 0.09423828125, 0.005615234375, -0.01507568359375, 0.0634765625, -0.1826171875] 2 1 2
 [0.1748046875, 0.01068115234375, -0.045654296875, 0.07470703125, -0.0390625, 0.169921875, -0.1826171875, 0.09423828125, 0.005615234375, -0.01507568359375, 0.0634765625, -0.1826171875] 2 1 2
 [0.1748046875, 0.01068115234375, -0.045654296875, 0.07470703125, -0.0390625, 0.169921875, -0.1826171875, 0.09423828125, 0.005615234375, -0.01507568359375, 0.0634765625, -0.1826171875] 2 1 2
 [0.1748046875, 0.01068115234375, -0.045654296875, 0.07470703125, -0.0390625, 0.169921875, -0.1826171875, 0.09423828125, 0.005615234375, -0.01507568359375, 0.0634765625, -0.1826171875] 2 1 2
 [0.1748046875, 0.01068115234375, -0.045654296875, 0.07470703125, -0.0390625, 0.169921875, -0.1826171875, 0.09423828125, 0.005615234375, -0.01507568359375, 0.0634765625, -0.1826171875] 2 1 2
 [0.1748046875, 0.01068115234375, -0.045654296875, 0.07470703125, -0.0390625, 0.169921875, -0.1826171875, 0.09423828125, 0.005615234375, -0.01507568359375, 0.0634765625, -0.1826171875] 2 1 2
 [0.1748046875, 0.01068115234375, -0.045654296875, 0.07470703125, -0.0390625, 0.169921875, -0.1826171875, 0.09423828125, 0.005615234375, -0.01507568359375, 0.0634765625, -0.1826171875] 2 1 2
 [0.1748046875, 0.01068115234375, -0.045654296875, 0.07470703125, -0.0390625, 0.169921875, -0.1826171875, 0.09423828125, 0.005615234375, -0.01507568359375, 0.0634765625, -0.1826171875] 2 1 2
 [0.1748046875, 0.01068115234375, -0.045654296875, 0.07470703125, -0.0390625, 0.169921875, -0.1826171875, 0.09423828125, 0.005615234375, -0.01507568359375, 0.0634765625, -0.1826171875] 2 1 2
 [0.1748046875, 0.01068115234375, -0.045654296875, 0.07470703125, -0.0390625, 0.169921875, -0.1826171875, 0.09423828125, 0.005615234375, -0.01507568359375, 0.0634765625, -0.1826171875] 2 1 2
 [0.1748046875, 0.01068115234375, -0.045654296875, 0.07470703125, -0.0390625, 0.169921875, -0.1826171875, 0.09423828125, 0.005615234375, -0.01507568359375, 0.0634765625, -0.1826171875] 2 1 2
 [0.1748046875, 0.01068115234375, -0.045654296875, 0.07470703125, -0.0390625, 0.169921875, -0.1826171875, 0.09423828125, 0.005615234375, -0.01507568359375, 0.0634765625, -0.1826171875] 2 1 2
 [0.1748046875, 0.01068115234375, -0.045654296875, 0.07470703125, -0.0390625, 0.169921875, -0.1826171875, 0.09423828125, 0.005615234375, -0.01507568359375, 0.0634765625, -0.1826171875] 2 1 2
 [0.1748046875, 0.01068115234375, -0.045654296875, 0.07470703125, -0.0390625, 0.169921875, -0.1826171875, 0.09423828125, 0.005615234375, -0.01507568359375, 0.0634765625, -0.1826171875] 2 1 2
 [0.1748046875, 0.01068115234375, -0.045654296875, 0.07470703125, -0.0390625, 0.169921875, -0.1826171875, 0.09423828125, 0.005615234375, -0.01507568359375, 0.0634765625, -0.1826171875] 2 1 2
 [0.1748046875, 0.01068115234375, -0.045654296875, 0.07470703125, -0.0390625, 0.169921875, -0.1826171875, 0.09423828125, 0.005615234375, -0.01507568359375, 0.0634765625, -0.1826171875] 2 1 2
 [0.1748046875, 0.01068115234375, -0.045654296875, 0.07470703125, -0.0390625, 0.169921875, -0.1826171875, 0.09423828125, 0.005615234375, -0.01507568359375, 0.0634765625, -0.1826171875] 2 1 2
 [0.1748046875, 0.01068115234375, -0.045654296875, 0.07470703125, -0.0390625, 0.169921875, -0.1826171875, 0.09423828125, 0.005615234375, -0.01507568359375, 0.0634765625, -0.1826171875] 2 1 2
 [0.1748046875, 0.01068115234375, -0.045654296875, 0.07470703125, -0.0390625, 0.169921875, -0.1826171875, 0.09423828125, 0.005615234375, -0.01507568359375, 0.0634765625, -0.1826171875] 2 1 2
 [0.1748046875, 0.01068115234375, -0.045654296875, 0.07470703125, -0.0390625, 0.169921875, -0.1826171875, 0.09423828125, 0.005615234375, -0.01507568359375, 0.0634765625, -0.1826171875] 2 1 2
 [0.1748046875, 0.01068115234375, -0.045654296875, 0.07470703125, -0.0390625, 0.169921875, -0.1826171875, 0.09423828125, 0.005615234375, -0.01507568359375, 0.0634765625, -0.1826171875] 2 1 2
 [0.1748046875, 0.01068115234375, -0.045654296875, 0.07470703125, -0.0390625, 0.169921875, -0.1826171875, 0.09423828125, 0.005615234375, -0.01507568359375, 0.0634765625, -0.1826171875] 2 1 2
 [0.1748046875, 0.01068115234375, -0.045654296875, 0.07470703125, -0.0390625, 0.169921875, -0.1826171875, 0.09423828125, 0.005615234375, -0.01507568359375, 0.0634765625, -0.1826171875] 2 1 2
 [0.1748046875, 0.01068115234375, -0.045654296875, 0.07470703125, -0.0390625, 0.169921875, -0.1826171875, 0.09423828125, 0.005615234375, -0.01507568359375, 0.0634765625, -0.1826171875] 2 1 2
 [0.1748046875, 0.01068115234375, -0.045654296875, 0.07470703125, -0.0390625, 0.169921875, -0.1826171875, 0.09423828125, 0.005615234375, -0.01507568359375, 0.0634765625, -0.1826171875] 2 1 2
 [0.1748046875, 0.01068115234375, -0.045654296875, 0.07470703125, -0.0390625, 0.169921875, -0.1826171875, 0.09423828125, 0.005615234375, -0.01507568359375, 0.0634765625, -0.1826171875] 3 1 2
 [0.1748046875, 0.01068115234375, -0.045654296875, 0.07470703125, -0.0390625, 0.169921875, -0.1826171875, 0.09423828125, 0.005615234375, -0.01507568359375, 0.0634765625, -0.1826171875] 3 1 2
 [0.1748046875, 0.01068115234375, -0.045654296875, 0.07470703125, -0.0390625, 0.169921875, -0.1826171875, 0.09423828125, 0.005615234375, -0.01507568359375, 0.0634765625, -0.1826171875] 3 1 2
 [0.1748046875, 0.01068115234375, -0.045654296875, 0.07470703125, -0.0390625, 0.169921875, -0.1826171875, 0.09423828125, 0.005615234375, -0.01507568359375, 0.0634765625, -0.1826171875] 3 1 2
 [0.1748046875, 0.01068115234375, -0.045654296875, 0.07470703125, -0.0390625, 0.169921875, -0.1826171875, 0.09423828125, 0.005615234375, -0.01507568359375, 0.0634765625, -0.1826171875] 3 1 2
 [0.1748046875, 0.01068115234375, -0.045654296875, 0.07470703125, -0.0390625, 0.169921875, -0.1826171875, 0.09423828125, 0.005615234375, -0.01507568359375, 0.0634765625, -0.1826171875] 3 1 2
 [0.1748046875, 0.01068115234375, -0.045654296875, 0.07470703125, -0.0390625, 0.169921875, -0.1826171875, 0.09423828125, 0.005615234375, -0.01507568359375, 0.0634765625, -0.1826171875] 3 1 2
 [0.1748046875, 0.01068115234375, -0.045654296875, 0.07470703125, -0.0390625, 0.169921875, -0.1826171875, 0.09423828125, 0.005615234375, -0.01507568359375, 0.0634765625, -0.1826171875] 3 1 2
 [0.1748046875, 0.01068115234375, -0.045654296875, 0.07470703125, -0.0390625, 0.169921875, -0.1826171875, 0.09423828125, 0.005615234375, -0.01507568359375, 0.0634765625, -0.1826171875] 3 1 2
 [0.1748046875, 0.01068115234375, -0.045654296875, 0.07470703125, -0.0390625, 0.169921875, -0.1826171875, 0.09423828125, 0.005615234375, -0.01507568359375, 0.0634765625, -0.1826171875] 3 1 2
 [0.1748046875, 0.01068115234375, -0.045654296875, 0.07470703125, -0.0390625, 0.169921875, -0.1826171875, 0.09423828125, 0.005615234375, -0.01507568359375, 0.0634765625, -0.1826171875] 3 1 2
 [0.1748046875, 0.01068115234375, -0.045654296875, 0.07470703125, -0.0390625, 0.169921875, -0.1826171875, 0.09423828125, 0.005615234375, -0.01507568359375, 0.0634765625, -0.1826171875] 3 1 2
 [0.1748046875, 0.01068115234375, -0.045654296875, 0.07470703125, -0.0390625, 0.169921875, -0.1826171875, 0.09423828125, 0.005615234375, -0.01507568359375, 0.0634765625, -0.1826171875] 3 1 2
 [0.1748046875, 0.01068115234375, -0.045654296875, 0.07470703125, -0.0390625, 0.169921875, -0.1826171875, 0.09423828125, 0.005615234375, -0.01507568359375, 0.0634765625, -0.1826171875] 3 1 2
 [0.1748046875, 0.01068115234375, -0.045654296875, 0.07470703125, -0.0390625, 0.169921875, -0.1826171875, 0.09423828125, 0.005615234375, -0.01507568359375, 0.0634765625, -0.1826171875] 3 1 2
 [0.1748046875, 0.01068115234375, -0.045654296875, 0.07470703125, -0.0390625, 0.169921875, -0.1826171875, 0.09423828125, 0.005615234375, -0.01507568359375, 0.0634765625, -0.1826171875] 3 1 2
 [0.1748046875, 0.01068115234375, -0.045654296875, 0.07470703125, -0.0390625, 0.169921875, -0.1826171875, 0.09423828125, 0.005615234375, -0.01507568359375, 0.0634765625, -0.1826171875] 3 1 2
 [0.1748046875, 0.01068115234375, -0.045654296875, 0.07470703125, -0.0390625, 0.169921875, -0.1826171875, 0.09423828125, 0.005615234375, -0.01507568359375, 0.0634765625, -0.1826171875] 3 1 2
 [0.1748046875, 0.01068115234375, -0.045654296875, 0.07470703125, -0.0390625, 0.169921875, -0.1826171875, 0.09423828125, 0.005615234375, -0.01507568359375, 0.0634765625, -0.1826171875] 3 1 2
 [0.1748046875, 0.01068115234375, -0.045654296875, 0.07470703125, -0.0390625, 0.169921875, -0.1826171875, 0.09423828125, 0.005615234375, -0.01507568359375, 0.0634765625, -0.1826171875] 3 1 2
 [0.1748046875, 0.01068115234375, -0.045654296875, 0.07470703125, -0.0390625, 0.169921875, -0.1826171875, 0.09423828125, 0.005615234375, -0.01507568359375, 0.0634765625, -0.1826171875] 3 1 2
 [0.1748046875, 0.01068115234375, -0.045654296875, 0.07470703125, -0.0390625, 0.169921875, -0.1826171875, 0.09423828125, 0.005615234375, -0.01507568359375, 0.0634765625, -0.1826171875] 3 1 2
 [0.1748046875, 0.01068115234375, -0.045654296875, 0.07470703125, -0.0390625, 0.169921875, -0.1826171875, 0.09423828125, 0.005615234375, -0.01507568359375, 0.0634765625, -0.1826171875] 3 1 2
 [0.1748046875, 0.01068115234375, -0.045654296875, 0.07470703125, -0.0390625, 0.169921875, -0.1826171875, 0.09423828125, 0.005615234375, -0.01507568359375, 0.0634765625, -0.1826171875] 3 1 2
 [0.1748046875, 0.01068115234375, -0.045654296875, 0.07470703125, -0.0390625, 0.169921875, -0.1826171875, 0.09423828125, 0.005615234375, -0.01507568359375, 0.0634765625, -0.1826171875] 3 1 2
 [0.1748046875, 0.01068115234375, -0.045654296875, 0.07470703125, -0.0390625, 0.169921875, -0.1826171875, 0.09423828125, 0.005615234375, -0.01507568359375, 0.0634765625, -0.1826171875] 3 1 2
 [0.1748046875, 0.01068115234375, -0.045654296875, 0.07470703125, -0.0390625, 0.169921875, -0.1826171875, 0.09423828125, 0.005615234375, -0.01507568359375, 0.0634765625, -0.1826171875] 3 1 2
 [0.1748046875, 0.01068115234375, -0.045654296875, 0.07470703125, -0.0390625, 0.169921875, -0.1826171875, 0.09423828125, 0.005615234375, -0.01507568359375, 0.0634765625, -0.1826171875] 3 1 2
 [0.1748046875, 0.01068115234375, -0.045654296875, 0.07470703125, -0.0390625, 0.169921875, -0.1826171875, 0.09423828125, 0.005615234375, -0.01507568359375, 0.0634765625, -0.1826171875] 3 1 2
 [0.1748046875, 0.01068115234375, -0.045654296875, 0.07470703125, -0.0390625, 0.169921875, -0.1826171875, 0.09423828125, 0.005615234375, -0.01507568359375, 0.0634765625, -0.1826171875] 3 1 2
 [0.1748046875, 0.01068115234375, -0.045654296875, 0.07470703125, -0.0390625, 0.169921875, -0.1826171875, 0.09423828125, 0.005615234375, -0.01507568359375, 0.0634765625, -0.1826171875] 3 1 2
 [0.1748046875, 0.01068115234375, -0.045654296875, 0.07470703125, -0.0390625, 0.169921875, -0.1826171875, 0.09423828125, 0.005615234375, -0.01507568359375, 0.0634765625, -0.1826171875] 4 1 2
 [0.1748046875, 0.01068115234375, -0.045654296875, 0.07470703125, -0.0390625, 0.169921875, -0.1826171875, 0.09423828125, 0.005615234375, -0.01507568359375, 0.0634765625, -0.1826171875] 4 1 2
 [0.1748046875, 0.01068115234375, -0.045654296875, 0.07470703125, -0.0390625, 0.169921875, -0.1826171875, 0.09423828125, 0.005615234375, -0.01507568359375, 0.0634765625, -0.1826171875] 4 1 2
 [0.1748046875, 0.01068115234375, -0.045654296875, 0.07470703125, -0.0390625, 0.169921875, -0.1826171875, 0.09423828125, 0.005615234375, -0.01507568359375, 0.0634765625, -0.1826171875] 4 1 2
 [0.1748046875, 0.01068115234375, -0.045654296875, 0.07470703125, -0.0390625, 0.169921875, -0.1826171875, 0.09423828125, 0.005615234375, -0.01507568359375, 0.0634765625, -0.1826171875] 4 1 2
 [0.1748046875, 0.01068115234375, -0.045654296875, 0.07470703125, -0.0390625, 0.169921875, -0.1826171875, 0.09423828125, 0.005615234375, -0.01507568359375, 0.0634765625, -0.1826171875] 4 1 2
 [0.1748046875, 0.01068115234375, -0.045654296875, 0.07470703125, -0.0390625, 0.169921875, -0.1826171875, 0.09423828125, 0.005615234375, -0.01507568359375, 0.0634765625, -0.1826171875] 4 1 2
 [0.1748046875, 0.01068115234375, -0.045654296875, 0.07470703125, -0.0390625, 0.169921875, -0.1826171875, 0.09423828125, 0.005615234375, -0.01507568359375, 0.0634765625, -0.1826171875] 4 1 2
 [0.1748046875, 0.01068115234375, -0.045654296875, 0.07470703125, -0.0390625, 0.169921875, -0.1826171875, 0.09423828125, 0.005615234375, -0.01507568359375, 0.0634765625, -0.1826171875] 4 1 2
 [0.1748046875, 0.01068115234375, -0.045654296875, 0.07470703125, -0.0390625, 0.169921875, -0.1826171875, 0.09423828125, 0.005615234375, -0.01507568359375, 0.0634765625, -0.1826171875] 4 1 2
 [0.1748046875, 0.01068115234375, -0.045654296875, 0.07470703125, -0.0390625, 0.169921875, -0.1826171875, 0.09423828125, 0.005615234375, -0.01507568359375, 0.0634765625, -0.1826171875] 4 1 2
 [0.1748046875, 0.01068115234375, -0.045654296875, 0.07470703125, -0.0390625, 0.169921875, -0.1826171875, 0.09423828125, 0.005615234375, -0.01507568359375, 0.0634765625, -0.1826171875] 4 1 2
 [0.1748046875, 0.01068115234375, -0.045654296875, 0.07470703125, -0.0390625, 0.169921875, -0.1826171875, 0.09423828125, 0.005615234375, -0.01507568359375, 0.0634765625, -0.1826171875] 4 1 2
 [0.1748046875, 0.01068115234375, -0.045654296875, 0.07470703125, -0.0390625, 0.169921875, -0.1826171875, 0.09423828125, 0.005615234375, -0.01507568359375, 0.0634765625, -0.1826171875] 4 1 2
 [0.1748046875, 0.01068115234375, -0.045654296875, 0.07470703125, -0.0390625, 0.169921875, -0.1826171875, 0.09423828125, 0.005615234375, -0.01507568359375, 0.0634765625, -0.1826171875] 4 1 2
 [0.1748046875, 0.01068115234375, -0.045654296875, 0.07470703125, -0.0390625, 0.169921875, -0.1826171875, 0.09423828125, 0.005615234375, -0.01507568359375, 0.0634765625, -0.1826171875] 4 1 2
 [0.1748046875, 0.01068115234375, -0.045654296875, 0.07470703125, -0.0390625, 0.169921875, -0.1826171875, 0.09423828125, 0.005615234375, -0.01507568359375, 0.0634765625, -0.1826171875] 4 1 2
 [0.1748046875, 0.01068115234375, -0.045654296875, 0.07470703125, -0.0390625, 0.169921875, -0.1826171875, 0.09423828125, 0.005615234375, -0.01507568359375, 0.0634765625, -0.1826171875] 4 1 2
 [0.1748046875, 0.01068115234375, -0.045654296875, 0.07470703125, -0.0390625, 0.169921875, -0.1826171875, 0.09423828125, 0.005615234375, -0.01507568359375, 0.0634765625, -0.1826171875] 4 1 2
 [0.1748046875, 0.01068115234375, -0.045654296875, 0.07470703125, -0.0390625, 0.169921875, -0.1826171875, 0.09423828125, 0.005615234375, -0.01507568359375, 0.0634765625, -0.1826171875] 4 1 2
 [0.1748046875, 0.01068115234375, -0.045654296875, 0.07470703125, -0.0390625, 0.169921875, -0.1826171875, 0.09423828125, 0.005615234375, -0.01507568359375, 0.0634765625, -0.1826171875] 4 1 2
 [0.1748046875, 0.01068115234375, -0.045654296875, 0.07470703125, -0.0390625, 0.169921875, -0.1826171875, 0.09423828125, 0.005615234375, -0.01507568359375, 0.0634765625, -0.1826171875] 4 1 2
 [0.1748046875, 0.01068115234375, -0.045654296875, 0.07470703125, -0.0390625, 0.169921875, -0.1826171875, 0.09423828125, 0.005615234375, -0.01507568359375, 0.0634765625, -0.1826171875] 4 1 2
 [0.1748046875, 0.01068115234375, -0.045654296875, 0.07470703125, -0.0390625, 0.169921875, -0.1826171875, 0.09423828125, 0.005615234375, -0.01507568359375, 0.0634765625, -0.1826171875] 4 1 2
 [0.1748046875, 0.01068115234375, -0.045654296875, 0.07470703125, -0.0390625, 0.169921875, -0.1826171875, 0.09423828125, 0.005615234375, -0.01507568359375, 0.0634765625, -0.1826171875] 4 1 2
 [0.1748046875, 0.01068115234375, -0.045654296875, 0.07470703125, -0.0390625, 0.169921875, -0.1826171875, 0.09423828125, 0.005615234375, -0.01507568359375, 0.0634765625, -0.1826171875] 4 1 2
 [0.1748046875, 0.01068115234375, -0.045654296875, 0.07470703125, -0.0390625, 0.169921875, -0.1826171875, 0.09423828125, 0.005615234375, -0.01507568359375, 0.0634765625, -0.1826171875] 4 1 2
 [0.1748046875, 0.01068115234375, -0.045654296875, 0.07470703125, -0.0390625, 0.169921875, -0.1826171875, 0.09423828125, 0.005615234375, -0.01507568359375, 0.0634765625, -0.1826171875] 4 1 2
 [0.1748046875, 0.01068115234375, -0.045654296875, 0.07470703125, -0.0390625, 0.169921875, -0.1826171875, 0.09423828125, 0.005615234375, -0.01507568359375, 0.0634765625, -0.1826171875] 4 1 2
 [0.1748046875, 0.01068115234375, -0.045654296875, 0.07470703125, -0.0390625, 0.169921875, -0.1826171875, 0.09423828125, 0.005615234375, -0.01507568359375, 0.0634765625, -0.1826171875] 4 1 2
 [0.1748046875, 0.01068115234375, -0.045654296875, 0.07470703125, -0.0390625, 0.169921875, -0.1826171875, 0.09423828125, 0.005615234375, -0.01507568359375, 0.0634765625, -0.1826171875] 4 1 2
 [0.1748046875, 0.01068115234375, -0.045654296875, 0.07470703125, -0.0390625, 0.169921875, -0.1826171875, 0.09423828125, 0.005615234375, -0.01507568359375, 0.0634765625, -0.1826171875] 4 1 2
 [0.1748046875, 0.01068115234375, -0.045654296875, 0.07470703125, -0.0390625, 0.169921875, -0.1826171875, 0.09423828125, 0.005615234375, -0.01507568359375, 0.0634765625, -0.1826171875] 4 1 2
 [0.1748046875, 0.01068115234375, -0.045654296875, 0.07470703125, -0.0390625, 0.169921875, -0.1826171875, 0.09423828125, 0.005615234375, -0.01507568359375, 0.0634765625, -0.1826171875] 4 1 2
 [0.1748046875, 0.01068115234375, -0.045654296875, 0.07470703125, -0.0390625, 0.169921875, -0.1826171875, 0.09423828125, 0.005615234375, -0.01507568359375, 0.0634765625, -0.1826171875] 5 1 2
 [0.1748046875, 0.01068115234375, -0.045654296875, 0.07470703125, -0.0390625, 0.169921875, -0.1826171875, 0.09423828125, 0.005615234375, -0.01507568359375, 0.0634765625, -0.1826171875] 5 1 2
 [0.1748046875, 0.01068115234375, -0.045654296875, 0.07470703125, -0.0390625, 0.169921875, -0.1826171875, 0.09423828125, 0.005615234375, -0.01507568359375, 0.0634765625, -0.1826171875] 5 1 2
 [0.1748046875, 0.01068115234375, -0.045654296875, 0.07470703125, -0.0390625, 0.169921875, -0.1826171875, 0.09423828125, 0.005615234375, -0.01507568359375, 0.0634765625, -0.1826171875] 5 1 2
 [0.1748046875, 0.01068115234375, -0.045654296875, 0.07470703125, -0.0390625, 0.169921875, -0.1826171875, 0.09423828125, 0.005615234375, -0.01507568359375, 0.0634765625, -0.1826171875] 5 1 2
 [0.1748046875, 0.01068115234375, -0.045654296875, 0.07470703125, -0.0390625, 0.169921875, -0.1826171875, 0.09423828125, 0.005615234375, -0.01507568359375, 0.0634765625, -0.1826171875] 5 1 2
 [0.1748046875, 0.01068115234375, -0.045654296875, 0.07470703125, -0.0390625, 0.169921875, -0.1826171875, 0.09423828125, 0.005615234375, -0.01507568359375, 0.0634765625, -0.1826171875] 5 1 2
 [0.1748046875, 0.01068115234375, -0.045654296875, 0.07470703125, -0.0390625, 0.169921875, -0.1826171875, 0.09423828125, 0.005615234375, -0.01507568359375, 0.0634765625, -0.1826171875] 5 1 2
 [0.1748046875, 0.01068115234375, -0.045654296875, 0.07470703125, -0.0390625, 0.169921875, -0.1826171875, 0.09423828125, 0.005615234375, -0.01507568359375, 0.0634765625, -0.1826171875] 5 1 2
 [0.1748046875, 0.01068115234375, -0.045654296875, 0.07470703125, -0.0390625, 0.169921875, -0.1826171875, 0.09423828125, 0.005615234375, -0.01507568359375, 0.0634765625, -0.1826171875] 5 1 2
 [0.1748046875, 0.01068115234375, -0.045654296875, 0.07470703125, -0.0390625, 0.169921875, -0.1826171875, 0.09423828125, 0.005615234375, -0.01507568359375, 0.0634765625, -0.1826171875] 5 1 2
 [0.1748046875, 0.01068115234375, -0.045654296875, 0.07470703125, -0.0390625, 0.169921875, -0.1826171875, 0.09423828125, 0.005615234375, -0.01507568359375, 0.0634765625, -0.1826171875] 5 1 2
 [0.1748046875, 0.01068115234375, -0.045654296875, 0.07470703125, -0.0390625, 0.169921875, -0.1826171875, 0.09423828125, 0.005615234375, -0.01507568359375, 0.0634765625, -0.1826171875] 5 1 2
 [0.1748046875, 0.01068115234375, -0.045654296875, 0.07470703125, -0.0390625, 0.169921875, -0.1826171875, 0.09423828125, 0.005615234375, -0.01507568359375, 0.0634765625, -0.1826171875] 5 1 2
 [0.1748046875, 0.01068115234375, -0.045654296875, 0.07470703125, -0.0390625, 0.169921875, -0.1826171875, 0.09423828125, 0.005615234375, -0.01507568359375, 0.0634765625, -0.1826171875] 5 1 2
 [0.1748046875, 0.01068115234375, -0.045654296875, 0.07470703125, -0.0390625, 0.169921875, -0.1826171875, 0.09423828125, 0.005615234375, -0.01507568359375, 0.0634765625, -0.1826171875] 5 1 2
 [0.1748046875, 0.01068115234375, -0.045654296875, 0.07470703125, -0.0390625, 0.169921875, -0.1826171875, 0.09423828125, 0.005615234375, -0.01507568359375, 0.0634765625, -0.1826171875] 5 1 2
 [0.1748046875, 0.01068115234375, -0.045654296875, 0.07470703125, -0.0390625, 0.169921875, -0.1826171875, 0.09423828125, 0.005615234375, -0.01507568359375, 0.0634765625, -0.1826171875] 5 1 2
 [0.1748046875, 0.01068115234375, -0.045654296875, 0.07470703125, -0.0390625, 0.169921875, -0.1826171875, 0.09423828125, 0.005615234375, -0.01507568359375, 0.0634765625, -0.1826171875] 5 1 2
 [0.1748046875, 0.01068115234375, -0.045654296875, 0.07470703125, -0.0390625, 0.169921875, -0.1826171875, 0.09423828125, 0.005615234375, -0.01507568359375, 0.0634765625, -0.1826171875] 5 1 2
 [0.1748046875, 0.01068115234375, -0.045654296875, 0.07470703125, -0.0390625, 0.169921875, -0.1826171875, 0.09423828125, 0.005615234375, -0.01507568359375, 0.0634765625, -0.1826171875] 5 1 2
 [0.1748046875, 0.01068115234375, -0.045654296875, 0.07470703125, -0.0390625, 0.169921875, -0.1826171875, 0.09423828125, 0.005615234375, -0.01507568359375, 0.0634765625, -0.1826171875] 5 1 2
 [0.1748046875, 0.01068115234375, -0.045654296875, 0.07470703125, -0.0390625, 0.169921875, -0.1826171875, 0.09423828125, 0.005615234375, -0.01507568359375, 0.0634765625, -0.1826171875] 5 1 2
 [0.1748046875, 0.01068115234375, -0.045654296875, 0.07470703125, -0.0390625, 0.169921875, -0.1826171875, 0.09423828125, 0.005615234375, -0.01507568359375, 0.0634765625, -0.1826171875] 5 1 2
 [0.1748046875, 0.01068115234375, -0.045654296875, 0.07470703125, -0.0390625, 0.169921875, -0.1826171875, 0.09423828125, 0.005615234375, -0.01507568359375, 0.0634765625, -0.1826171875] 5 1 2
 [0.1748046875, 0.01068115234375, -0.045654296875, 0.07470703125, -0.0390625, 0.169921875, -0.1826171875, 0.09423828125, 0.005615234375, -0.01507568359375, 0.0634765625, -0.1826171875] 5 1 2
 [0.1748046875, 0.01068115234375, -0.045654296875, 0.07470703125, -0.0390625, 0.169921875, -0.1826171875, 0.09423828125, 0.005615234375, -0.01507568359375, 0.0634765625, -0.1826171875] 5 1 2
 [0.1748046875, 0.01068115234375, -0.045654296875, 0.07470703125, -0.0390625, 0.169921875, -0.1826171875, 0.09423828125, 0.005615234375, -0.01507568359375, 0.0634765625, -0.1826171875] 5 1 2
 [0.1748046875, 0.01068115234375, -0.045654296875, 0.07470703125, -0.0390625, 0.169921875, -0.1826171875, 0.09423828125, 0.005615234375, -0.01507568359375, 0.0634765625, -0.1826171875] 5 1 2
 [0.1748046875, 0.01068115234375, -0.045654296875, 0.07470703125, -0.0390625, 0.169921875, -0.1826171875, 0.09423828125, 0.005615234375, -0.01507568359375, 0.0634765625, -0.1826171875] 5 1 2
 [0.1748046875, 0.01068115234375, -0.045654296875, 0.07470703125, -0.0390625, 0.169921875, -0.1826171875, 0.09423828125, 0.005615234375, -0.01507568359375, 0.0634765625, -0.1826171875] 5 1 2
 [0.1748046875, 0.01068115234375, -0.045654296875, 0.07470703125, -0.0390625, 0.169921875, -0.1826171875, 0.09423828125, 0.005615234375, -0.01507568359375, 0.0634765625, -0.1826171875] 5 1 2
 [0.1748046875, 0.01068115234375, -0.045654296875, 0.07470703125, -0.0390625, 0.169921875, -0.1826171875, 0.09423828125, 0.005615234375, -0.01507568359375, 0.0634765625, -0.1826171875] 5 1 2
 [0.1748046875, 0.01068115234375, -0.045654296875, 0.07470703125, -0.0390625, 0.169921875, -0.1826171875, 0.09423828125, 0.005615234375, -0.01507568359375, 0.0634765625, -0.1826171875] 7 1 2
 [0.1748046875, 0.01068115234375, -0.045654296875, 0.07470703125, -0.0390625, 0.169921875, -0.1826171875, 0.09423828125, 0.005615234375, -0.01507568359375, 0.0634765625, -0.1826171875] 7 1 2
 [0.1748046875, 0.01068115234375, -0.045654296875, 0.07470703125, -0.0390625, 0.169921875, -0.1826171875, 0.09423828125, 0.005615234375, -0.01507568359375, 0.0634765625, -0.1826171875] 7 1 2
 [0.1748046875, 0.01068115234375, -0.045654296875, 0.07470703125, -0.0390625, 0.169921875, -0.1826171875, 0.09423828125, 0.005615234375, -0.01507568359375, 0.0634765625, -0.1826171875] 7 1 2
 [0.1748046875, 0.01068115234375, -0.045654296875, 0.07470703125, -0.0390625, 0.169921875, -0.1826171875, 0.09423828125, 0.005615234375, -0.01507568359375, 0.0634765625, -0.1826171875] 7 1 2
 [0.1748046875, 0.01068115234375, -0.045654296875, 0.07470703125, -0.0390625, 0.169921875, -0.1826171875, 0.09423828125, 0.005615234375, -0.01507568359375, 0.0634765625, -0.1826171875] 7 1 2
 [0.1748046875, 0.01068115234375, -0.045654296875, 0.07470703125, -0.0390625, 0.169921875, -0.1826171875, 0.09423828125, 0.005615234375, -0.01507568359375, 0.0634765625, -0.1826171875] 7 1 2
 [0.1748046875, 0.01068115234375, -0.045654296875, 0.07470703125, -0.0390625, 0.169921875, -0.1826171875, 0.09423828125, 0.005615234375, -0.01507568359375, 0.0634765625, -0.1826171875] 7 1 2
 [0.1748046875, 0.01068115234375, -0.045654296875, 0.07470703125, -0.0390625, 0.169921875, -0.1826171875, 0.09423828125, 0.005615234375, -0.01507568359375, 0.0634765625, -0.1826171875] 7 1 2
 [0.1748046875, 0.01068115234375, -0.045654296875, 0.07470703125, -0.0390625, 0.169921875, -0.1826171875, 0.09423828125, 0.005615234375, -0.01507568359375, 0.0634765625, -0.1826171875] 7 1 2
 [0.1748046875, 0.01068115234375, -0.045654296875, 0.07470703125, -0.0390625, 0.169921875, -0.1826171875, 0.09423828125, 0.005615234375, -0.01507568359375, 0.0634765625, -0.1826171875] 7 1 2
 [0.1748046875, 0.01068115234375, -0.045654296875, 0.07470703125, -0.0390625, 0.169921875, -0.1826171875, 0.09423828125, 0.005615234375, -0.01507568359375, 0.0634765625, -0.1826171875] 7 1 2
 [0.1748046875, 0.01068115234375, -0.045654296875, 0.07470703125, -0.0390625, 0.169921875, -0.1826171875, 0.09423828125, 0.005615234375, -0.01507568359375, 0.0634765625, -0.1826171875] 7 1 2
 [0.1748046875, 0.01068115234375, -0.045654296875, 0.07470703125, -0.0390625, 0.169921875, -0.1826171875, 0.09423828125, 0.005615234375, -0.01507568359375, 0.0634765625, -0.1826171875] 7 1 2
 [0.1748046875, 0.01068115234375, -0.045654296875, 0.07470703125, -0.0390625, 0.169921875, -0.1826171875, 0.09423828125, 0.005615234375, -0.01507568359375, 0.0634765625, -0.1826171875] 7 1 2
 [0.1748046875, 0.01068115234375, -0.045654296875, 0.07470703125, -0.0390625, 0.169921875, -0.1826171875, 0.09423828125, 0.005615234375, -0.01507568359375, 0.0634765625, -0.1826171875] 7 1 2
 [0.1748046875, 0.01068115234375, -0.045654296875, 0.07470703125, -0.0390625, 0.169921875, -0.1826171875, 0.09423828125, 0.005615234375, -0.01507568359375, 0.0634765625, -0.1826171875] 7 1 2
 [0.1748046875, 0.01068115234375, -0.045654296875, 0.07470703125, -0.0390625, 0.169921875, -0.1826171875, 0.09423828125, 0.005615234375, -0.01507568359375, 0.0634765625, -0.1826171875] 7 1 2
 [0.1748046875, 0.01068115234375, -0.045654296875, 0.07470703125, -0.0390625, 0.169921875, -0.1826171875, 0.09423828125, 0.005615234375, -0.01507568359375, 0.0634765625, -0.1826171875] 7 1 2
 [0.1748046875, 0.01068115234375, -0.045654296875, 0.07470703125, -0.0390625, 0.169921875, -0.1826171875, 0.09423828125, 0.005615234375, -0.01507568359375, 0.0634765625, -0.1826171875] 7 1 2
 [0.1748046875, 0.01068115234375, -0.045654296875, 0.07470703125, -0.0390625, 0.169921875, -0.1826171875, 0.09423828125, 0.005615234375, -0.01507568359375, 0.0634765625, -0.1826171875] 7 1 2
 [0.1748046875, 0.01068115234375, -0.045654296875, 0.07470703125, -0.0390625, 0.169921875, -0.1826171875, 0.09423828125, 0.005615234375, -0.01507568359375, 0.0634765625, -0.1826171875] 7 1 2
 [0.1748046875, 0.01068115234375, -0.045654296875, 0.07470703125, -0.0390625, 0.169921875, -0.1826171875, 0.09423828125, 0.005615234375, -0.01507568359375, 0.0634765625, -0.1826171875] 7 1 2
 [0.1748046875, 0.01068115234375, -0.045654296875, 0.07470703125, -0.0390625, 0.169921875, -0.1826171875, 0.09423828125, 0.005615234375, -0.01507568359375, 0.0634765625, -0.1826171875] 7 1 2
 [0.1748046875, 0.01068115234375, -0.045654296875, 0.07470703125, -0.0390625, 0.169921875, -0.1826171875, 0.09423828125, 0.005615234375, -0.01507568359375, 0.0634765625, -0.1826171875] 7 1 2
 [0.1748046875, 0.01068115234375, -0.045654296875, 0.07470703125, -0.0390625, 0.169921875, -0.1826171875, 0.09423828125, 0.005615234375, -0.01507568359375, 0.0634765625, -0.1826171875] 7 1 2
 [0.1748046875, 0.01068115234375, -0.045654296875, 0.07470703125, -0.0390625, 0.169921875, -0.1826171875, 0.09423828125, 0.005615234375, -0.01507568359375, 0.0634765625, -0.1826171875] 7 1 2
 [0.1748046875, 0.01068115234375, -0.045654296875, 0.07470703125, -0.0390625, 0.169921875, -0.1826171875, 0.09423828125, 0.005615234375, -0.01507568359375, 0.0634765625, -0.1826171875] 7 1 2
 [0.1748046875, 0.01068115234375, -0.045654296875, 0.07470703125, -0.0390625, 0.169921875, -0.1826171875, 0.09423828125, 0.005615234375, -0.01507568359375, 0.0634765625, -0.1826171875] 7 1 2
 [0.1748046875, 0.01068115234375, -0.045654296875, 0.07470703125, -0.0390625, 0.169921875, -0.1826171875, 0.09423828125, 0.005615234375, -0.01507568359375, 0.0634765625, -0.1826171875] 7 1 2
 [0.1748046875, 0.01068115234375, -0.045654296875, 0.07470703125, -0.0390625, 0.169921875, -0.1826171875, 0.09423828125, 0.005615234375, -0.01507568359375, 0.0634765625, -0.1826171875] 8 1 2
 [0.1748046875, 0.01068115234375, -0.045654296875, 0.07470703125, -0.0390625, 0.169921875, -0.1826171875, 0.09423828125, 0.005615234375, -0.01507568359375, 0.0634765625, -0.1826171875] 8 1 2
 [0.1748046875, 0.01068115234375, -0.045654296875, 0.07470703125, -0.0390625, 0.169921875, -0.1826171875, 0.09423828125, 0.005615234375, -0.01507568359375, 0.0634765625, -0.1826171875] 8 1 2
 [0.1748046875, 0.01068115234375, -0.045654296875, 0.07470703125, -0.0390625, 0.169921875, -0.1826171875, 0.09423828125, 0.005615234375, -0.01507568359375, 0.0634765625, -0.1826171875] 8 1 2
 [0.1748046875, 0.01068115234375, -0.045654296875, 0.07470703125, -0.0390625, 0.169921875, -0.1826171875, 0.09423828125, 0.005615234375, -0.01507568359375, 0.0634765625, -0.1826171875] 8 1 2
 [0.1748046875, 0.01068115234375, -0.045654296875, 0.07470703125, -0.0390625, 0.169921875, -0.1826171875, 0.09423828125, 0.005615234375, -0.01507568359375, 0.0634765625, -0.1826171875] 8 1 2
 [0.1748046875, 0.01068115234375, -0.045654296875, 0.07470703125, -0.0390625, 0.169921875, -0.1826171875, 0.09423828125, 0.005615234375, -0.01507568359375, 0.0634765625, -0.1826171875] 8 1 2
 [0.1748046875, 0.01068115234375, -0.045654296875, 0.07470703125, -0.0390625, 0.169921875, -0.1826171875, 0.09423828125, 0.005615234375, -0.01507568359375, 0.0634765625, -0.1826171875] 8 1 2
 [0.1748046875, 0.01068115234375, -0.045654296875, 0.07470703125, -0.0390625, 0.169921875, -0.1826171875, 0.09423828125, 0.005615234375, -0.01507568359375, 0.0634765625, -0.1826171875] 8 1 2
 [0.1748046875, 0.01068115234375, -0.045654296875, 0.07470703125, -0.0390625, 0.169921875, -0.1826171875, 0.09423828125, 0.005615234375, -0.01507568359375, 0.0634765625, -0.1826171875] 8 1 2
 [0.1748046875, 0.01068115234375, -0.045654296875, 0.07470703125, -0.0390625, 0.169921875, -0.1826171875, 0.09423828125, 0.005615234375, -0.01507568359375, 0.0634765625, -0.1826171875] 8 1 2
 [0.1748046875, 0.01068115234375, -0.045654296875, 0.07470703125, -0.0390625, 0.169921875, -0.1826171875, 0.09423828125, 0.005615234375, -0.01507568359375, 0.0634765625, -0.1826171875] 8 1 2
 [0.1748046875, 0.01068115234375, -0.045654296875, 0.07470703125, -0.0390625, 0.169921875, -0.1826171875, 0.09423828125, 0.005615234375, -0.01507568359375, 0.0634765625, -0.1826171875] 8 1 2
 [0.1748046875, 0.01068115234375, -0.045654296875, 0.07470703125, -0.0390625, 0.169921875, -0.1826171875, 0.09423828125, 0.005615234375, -0.01507568359375, 0.0634765625, -0.1826171875] 8 1 2
 [0.1748046875, 0.01068115234375, -0.045654296875, 0.07470703125, -0.0390625, 0.169921875, -0.1826171875, 0.09423828125, 0.005615234375, -0.01507568359375, 0.0634765625, -0.1826171875] 8 1 2
 [0.1748046875, 0.01068115234375, -0.045654296875, 0.07470703125, -0.0390625, 0.169921875, -0.1826171875, 0.09423828125, 0.005615234375, -0.01507568359375, 0.0634765625, -0.1826171875] 8 1 2
 [0.1748046875, 0.01068115234375, -0.045654296875, 0.07470703125, -0.0390625, 0.169921875, -0.1826171875, 0.09423828125, 0.005615234375, -0.01507568359375, 0.0634765625, -0.1826171875] 8 1 2
 [0.1748046875, 0.01068115234375, -0.045654296875, 0.07470703125, -0.0390625, 0.169921875, -0.1826171875, 0.09423828125, 0.005615234375, -0.01507568359375, 0.0634765625, -0.1826171875] 8 1 2
 [0.1748046875, 0.01068115234375, -0.045654296875, 0.07470703125, -0.0390625, 0.169921875, -0.1826171875, 0.09423828125, 0.005615234375, -0.01507568359375, 0.0634765625, -0.1826171875] 8 1 2
 [0.1748046875, 0.01068115234375, -0.045654296875, 0.07470703125, -0.0390625, 0.169921875, -0.1826171875, 0.09423828125, 0.005615234375, -0.01507568359375, 0.0634765625, -0.1826171875] 8 1 2
 [0.1748046875, 0.01068115234375, -0.045654296875, 0.07470703125, -0.0390625, 0.169921875, -0.1826171875, 0.09423828125, 0.005615234375, -0.01507568359375, 0.0634765625, -0.1826171875] 8 1 2
 [0.1748046875, 0.01068115234375, -0.045654296875, 0.07470703125, -0.0390625, 0.169921875, -0.1826171875, 0.09423828125, 0.005615234375, -0.01507568359375, 0.0634765625, -0.1826171875] 8 1 2
 [0.1748046875, 0.01068115234375, -0.045654296875, 0.07470703125, -0.0390625, 0.169921875, -0.1826171875, 0.09423828125, 0.005615234375, -0.01507568359375, 0.0634765625, -0.1826171875] 8 1 2
 [0.1748046875, 0.01068115234375, -0.045654296875, 0.07470703125, -0.0390625, 0.169921875, -0.1826171875, 0.09423828125, 0.005615234375, -0.01507568359375, 0.0634765625, -0.1826171875] 8 1 2
 [0.1748046875, 0.01068115234375, -0.045654296875, 0.07470703125, -0.0390625, 0.169921875, -0.1826171875, 0.09423828125, 0.005615234375, -0.01507568359375, 0.0634765625, -0.1826171875] 8 1 2
 [0.1748046875, 0.01068115234375, -0.045654296875, 0.07470703125, -0.0390625, 0.169921875, -0.1826171875, 0.09423828125, 0.005615234375, -0.01507568359375, 0.0634765625, -0.1826171875] 8 1 2
 [0.1748046875, 0.01068115234375, -0.045654296875, 0.07470703125, -0.0390625, 0.169921875, -0.1826171875, 0.09423828125, 0.005615234375, -0.01507568359375, 0.0634765625, -0.1826171875] 8 1 2
 [0.1748046875, 0.01068115234375, -0.045654296875, 0.07470703125, -0.0390625, 0.169921875, -0.1826171875, 0.09423828125, 0.005615234375, -0.01507568359375, 0.0634765625, -0.1826171875] 8 1 2
 [0.1748046875, 0.01068115234375, -0.045654296875, 0.07470703125, -0.0390625, 0.169921875, -0.1826171875, 0.09423828125, 0.005615234375, -0.01507568359375, 0.0634765625, -0.1826171875] 8 1 2
 [0.1748046875, 0.01068115234375, -0.045654296875, 0.07470703125, -0.0390625, 0.169921875, -0.1826171875, 0.09423828125, 0.005615234375, -0.01507568359375, 0.0634765625, -0.1826171875] 10 1 2
 [0.1748046875, 0.01068115234375, -0.045654296875, 0.07470703125, -0.0390625, 0.169921875, -0.1826171875, 0.09423828125, 0.005615234375, -0.01507568359375, 0.0634765625, -0.1826171875] 10 1 2
 [0.1748046875, 0.01068115234375, -0.045654296875, 0.07470703125, -0.0390625, 0.169921875, -0.1826171875, 0.09423828125, 0.005615234375, -0.01507568359375, 0.0634765625, -0.1826171875] 10 1 2
 [0.1748046875, 0.01068115234375, -0.045654296875, 0.07470703125, -0.0390625, 0.169921875, -0.1826171875, 0.09423828125, 0.005615234375, -0.01507568359375, 0.0634765625, -0.1826171875] 10 1 2
 [0.1748046875, 0.01068115234375, -0.045654296875, 0.07470703125, -0.0390625, 0.169921875, -0.1826171875, 0.09423828125, 0.005615234375, -0.01507568359375, 0.0634765625, -0.1826171875] 10 1 2
 [0.1748046875, 0.01068115234375, -0.045654296875, 0.07470703125, -0.0390625, 0.169921875, -0.1826171875, 0.09423828125, 0.005615234375, -0.01507568359375, 0.0634765625, -0.1826171875] 10 1 2
 [0.1748046875, 0.01068115234375, -0.045654296875, 0.07470703125, -0.0390625, 0.169921875, -0.1826171875, 0.09423828125, 0.005615234375, -0.01507568359375, 0.0634765625, -0.1826171875] 10 1 2
 [0.1748046875, 0.01068115234375, -0.045654296875, 0.07470703125, -0.0390625, 0.169921875, -0.1826171875, 0.09423828125, 0.005615234375, -0.01507568359375, 0.0634765625, -0.1826171875] 10 1 2
 [0.1748046875, 0.01068115234375, -0.045654296875, 0.07470703125, -0.0390625, 0.169921875, -0.1826171875, 0.09423828125, 0.005615234375, -0.01507568359375, 0.0634765625, -0.1826171875] 10 1 2
 [0.1748046875, 0.01068115234375, -0.045654296875, 0.07470703125, -0.0390625, 0.169921875, -0.1826171875, 0.09423828125, 0.005615234375, -0.01507568359375, 0.0634765625, -0.1826171875] 10 1 2
 [0.1748046875, 0.01068115234375, -0.045654296875, 0.07470703125, -0.0390625, 0.169921875, -0.1826171875, 0.09423828125, 0.005615234375, -0.01507568359375, 0.0634765625, -0.1826171875] 10 1 2
 [0.1748046875, 0.01068115234375, -0.045654296875, 0.07470703125, -0.0390625, 0.169921875, -0.1826171875, 0.09423828125, 0.005615234375, -0.01507568359375, 0.0634765625, -0.1826171875] 10 1 2
 [0.1748046875, 0.01068115234375, -0.045654296875, 0.07470703125, -0.0390625, 0.169921875, -0.1826171875, 0.09423828125, 0.005615234375, -0.01507568359375, 0.0634765625, -0.1826171875] 10 1 2
 [0.1748046875, 0.01068115234375, -0.045654296875, 0.07470703125, -0.0390625, 0.169921875, -0.1826171875, 0.09423828125, 0.005615234375, -0.01507568359375, 0.0634765625, -0.1826171875] 10 1 2
 [0.1748046875, 0.01068115234375, -0.045654296875, 0.07470703125, -0.0390625, 0.169921875, -0.1826171875, 0.09423828125, 0.005615234375, -0.01507568359375, 0.0634765625, -0.1826171875] 10 1 2
 [0.1748046875, 0.01068115234375, -0.045654296875, 0.07470703125, -0.0390625, 0.169921875, -0.1826171875, 0.09423828125, 0.005615234375, -0.01507568359375, 0.0634765625, -0.1826171875] 10 1 2
 [0.1748046875, 0.01068115234375, -0.045654296875, 0.07470703125, -0.0390625, 0.169921875, -0.1826171875, 0.09423828125, 0.005615234375, -0.01507568359375, 0.0634765625, -0.1826171875] 10 1 2
 [0.1748046875, 0.01068115234375, -0.045654296875, 0.07470703125, -0.0390625, 0.169921875, -0.1826171875, 0.09423828125, 0.005615234375, -0.01507568359375, 0.0634765625, -0.1826171875] 10 1 2
 [0.1748046875, 0.01068115234375, -0.045654296875, 0.07470703125, -0.0390625, 0.169921875, -0.1826171875, 0.09423828125, 0.005615234375, -0.01507568359375, 0.0634765625, -0.1826171875] 10 1 2
 [0.1748046875, 0.01068115234375, -0.045654296875, 0.07470703125, -0.0390625, 0.169921875, -0.1826171875, 0.09423828125, 0.005615234375, -0.01507568359375, 0.0634765625, -0.1826171875] 10 1 2
 [0.1748046875, 0.01068115234375, -0.045654296875, 0.07470703125, -0.0390625, 0.169921875, -0.1826171875, 0.09423828125, 0.005615234375, -0.01507568359375, 0.0634765625, -0.1826171875] 10 1 2
 [0.1748046875, 0.01068115234375, -0.045654296875, 0.07470703125, -0.0390625, 0.169921875, -0.1826171875, 0.09423828125, 0.005615234375, -0.01507568359375, 0.0634765625, -0.1826171875] 10 1 2
 [0.1748046875, 0.01068115234375, -0.045654296875, 0.07470703125, -0.0390625, 0.169921875, -0.1826171875, 0.09423828125, 0.005615234375, -0.01507568359375, 0.0634765625, -0.1826171875] 10 1 2
 [0.1748046875, 0.01068115234375, -0.045654296875, 0.07470703125, -0.0390625, 0.169921875, -0.1826171875, 0.09423828125, 0.005615234375, -0.01507568359375, 0.0634765625, -0.1826171875] 10 1 2
 [0.1748046875, 0.01068115234375, -0.045654296875, 0.07470703125, -0.0390625, 0.169921875, -0.1826171875, 0.09423828125, 0.005615234375, -0.01507568359375, 0.0634765625, -0.1826171875] 10 1 2
 [0.1748046875, 0.01068115234375, -0.045654296875, 0.07470703125, -0.0390625, 0.169921875, -0.1826171875, 0.09423828125, 0.005615234375, -0.01507568359375, 0.0634765625, -0.1826171875] 10 1 2
 [0.1748046875, 0.01068115234375, -0.045654296875, 0.07470703125, -0.0390625, 0.169921875, -0.1826171875, 0.09423828125, 0.005615234375, -0.01507568359375, 0.0634765625, -0.1826171875] 10 1 2
 [0.1748046875, 0.01068115234375, -0.045654296875, 0.07470703125, -0.0390625, 0.169921875, -0.1826171875, 0.09423828125, 0.005615234375, -0.01507568359375, 0.0634765625, -0.1826171875] 10 1 2
 [0.1748046875, 0.01068115234375, -0.045654296875, 0.07470703125, -0.0390625, 0.169921875, -0.1826171875, 0.09423828125, 0.005615234375, -0.01507568359375, 0.0634765625, -0.1826171875] 10 1 2
 [0.1748046875, 0.01068115234375, -0.045654296875, 0.07470703125, -0.0390625, 0.169921875, -0.1826171875, 0.09423828125, 0.005615234375, -0.01507568359375, 0.0634765625, -0.1826171875] 10 1 2
 [0.1748046875, 0.01068115234375, -0.045654296875, 0.07470703125, -0.0390625, 0.169921875, -0.1826171875, 0.09423828125, 0.005615234375, -0.01507568359375, 0.0634765625, -0.1826171875] 10 1 2
 [0.1748046875, 0.01068115234375, -0.045654296875, 0.07470703125, -0.0390625, 0.169921875, -0.1826171875, 0.09423828125, 0.005615234375, -0.01507568359375, 0.0634765625, -0.1826171875] 10 1 2
 [0.1748046875, 0.01068115234375, -0.045654296875, 0.07470703125, -0.0390625, 0.169921875, -0.1826171875, 0.09423828125, 0.005615234375, -0.01507568359375, 0.0634765625, -0.1826171875] 10 1 2
 [0.1748046875, 0.01068115234375, -0.045654296875, 0.07470703125, -0.0390625, 0.169921875, -0.1826171875, 0.09423828125, 0.005615234375, -0.01507568359375, 0.0634765625, -0.1826171875] 10 1 2
 [0.1748046875, 0.01068115234375, -0.045654296875, 0.07470703125, -0.0390625, 0.169921875, -0.1826171875, 0.09423828125, 0.005615234375, -0.01507568359375, 0.0634765625, -0.1826171875] 11 1 2
 [0.1748046875, 0.01068115234375, -0.045654296875, 0.07470703125, -0.0390625, 0.169921875, -0.1826171875, 0.09423828125, 0.005615234375, -0.01507568359375, 0.0634765625, -0.1826171875] 11 1 2
 [0.1748046875, 0.01068115234375, -0.045654296875, 0.07470703125, -0.0390625, 0.169921875, -0.1826171875, 0.09423828125, 0.005615234375, -0.01507568359375, 0.0634765625, -0.1826171875] 11 1 2
 [0.1748046875, 0.01068115234375, -0.045654296875, 0.07470703125, -0.0390625, 0.169921875, -0.1826171875, 0.09423828125, 0.005615234375, -0.01507568359375, 0.0634765625, -0.1826171875] 11 1 2
 [0.1748046875, 0.01068115234375, -0.045654296875, 0.07470703125, -0.0390625, 0.169921875, -0.1826171875, 0.09423828125, 0.005615234375, -0.01507568359375, 0.0634765625, -0.1826171875] 11 1 2
 [0.1748046875, 0.01068115234375, -0.045654296875, 0.07470703125, -0.0390625, 0.169921875, -0.1826171875, 0.09423828125, 0.005615234375, -0.01507568359375, 0.0634765625, -0.1826171875] 11 1 2
 [0.1748046875, 0.01068115234375, -0.045654296875, 0.07470703125, -0.0390625, 0.169921875, -0.1826171875, 0.09423828125, 0.005615234375, -0.01507568359375, 0.0634765625, -0.1826171875] 11 1 2
 [0.1748046875, 0.01068115234375, -0.045654296875, 0.07470703125, -0.0390625, 0.169921875, -0.1826171875, 0.09423828125, 0.005615234375, -0.01507568359375, 0.0634765625, -0.1826171875] 11 1 2
 [0.1748046875, 0.01068115234375, -0.045654296875, 0.07470703125, -0.0390625, 0.169921875, -0.1826171875, 0.09423828125, 0.005615234375, -0.01507568359375, 0.0634765625, -0.1826171875] 11 1 2
 [0.1748046875, 0.01068115234375, -0.045654296875, 0.07470703125, -0.0390625, 0.169921875, -0.1826171875, 0.09423828125, 0.005615234375, -0.01507568359375, 0.0634765625, -0.1826171875] 11 1 2
 [0.1748046875, 0.01068115234375, -0.045654296875, 0.07470703125, -0.0390625, 0.169921875, -0.1826171875, 0.09423828125, 0.005615234375, -0.01507568359375, 0.0634765625, -0.1826171875] 11 1 2
 [0.1748046875, 0.01068115234375, -0.045654296875, 0.07470703125, -0.0390625, 0.169921875, -0.1826171875, 0.09423828125, 0.005615234375, -0.01507568359375, 0.0634765625, -0.1826171875] 11 1 2
 [0.1748046875, 0.01068115234375, -0.045654296875, 0.07470703125, -0.0390625, 0.169921875, -0.1826171875, 0.09423828125, 0.005615234375, -0.01507568359375, 0.0634765625, -0.1826171875] 11 1 2
 [0.1748046875, 0.01068115234375, -0.045654296875, 0.07470703125, -0.0390625, 0.169921875, -0.1826171875, 0.09423828125, 0.005615234375, -0.01507568359375, 0.0634765625, -0.1826171875] 11 1 2
 [0.1748046875, 0.01068115234375, -0.045654296875, 0.07470703125, -0.0390625, 0.169921875, -0.1826171875, 0.09423828125, 0.005615234375, -0.01507568359375, 0.0634765625, -0.1826171875] 11 1 2
 [0.1748046875, 0.01068115234375, -0.045654296875, 0.07470703125, -0.0390625, 0.169921875, -0.1826171875, 0.09423828125, 0.005615234375, -0.01507568359375, 0.0634765625, -0.1826171875] 11 1 2
 [0.1748046875, 0.01068115234375, -0.045654296875, 0.07470703125, -0.0390625, 0.169921875, -0.1826171875, 0.09423828125, 0.005615234375, -0.01507568359375, 0.0634765625, -0.1826171875] 11 1 2
 [0.1748046875, 0.01068115234375, -0.045654296875, 0.07470703125, -0.0390625, 0.169921875, -0.1826171875, 0.09423828125, 0.005615234375, -0.01507568359375, 0.0634765625, -0.1826171875] 11 1 2
 [0.1748046875, 0.01068115234375, -0.045654296875, 0.07470703125, -0.0390625, 0.169921875, -0.1826171875, 0.09423828125, 0.005615234375, -0.01507568359375, 0.0634765625, -0.1826171875] 11 1 2
 [0.1748046875, 0.01068115234375, -0.045654296875, 0.07470703125, -0.0390625, 0.169921875, -0.1826171875, 0.09423828125, 0.005615234375, -0.01507568359375, 0.0634765625, -0.1826171875] 11 1 2
 [0.1748046875, 0.01068115234375, -0.045654296875, 0.07470703125, -0.0390625, 0.169921875, -0.1826171875, 0.09423828125, 0.005615234375, -0.01507568359375, 0.0634765625, -0.1826171875] 11 1 2
 [0.1748046875, 0.01068115234375, -0.045654296875, 0.07470703125, -0.0390625, 0.169921875, -0.1826171875, 0.09423828125, 0.005615234375, -0.01507568359375, 0.0634765625, -0.1826171875] 11 1 2
 [0.1748046875, 0.01068115234375, -0.045654296875, 0.07470703125, -0.0390625, 0.169921875, -0.1826171875, 0.09423828125, 0.005615234375, -0.01507568359375, 0.0634765625, -0.1826171875] 11 1 2
 [0.1748046875, 0.01068115234375, -0.045654296875, 0.07470703125, -0.0390625, 0.169921875, -0.1826171875, 0.09423828125, 0.005615234375, -0.01507568359375, 0.0634765625, -0.1826171875] 11 1 2
 [0.1748046875, 0.01068115234375, -0.045654296875, 0.07470703125, -0.0390625, 0.169921875, -0.1826171875, 0.09423828125, 0.005615234375, -0.01507568359375, 0.0634765625, -0.1826171875] 11 1 2
 [0.1748046875, 0.01068115234375, -0.045654296875, 0.07470703125, -0.0390625, 0.169921875, -0.1826171875, 0.09423828125, 0.005615234375, -0.01507568359375, 0.0634765625, -0.1826171875] 11 1 2
 [0.1748046875, 0.01068115234375, -0.045654296875, 0.07470703125, -0.0390625, 0.169921875, -0.1826171875, 0.09423828125, 0.005615234375, -0.01507568359375, 0.0634765625, -0.1826171875] 11 1 2
 [0.1748046875, 0.01068115234375, -0.045654296875, 0.07470703125, -0.0390625, 0.169921875, -0.1826171875, 0.09423828125, 0.005615234375, -0.01507568359375, 0.0634765625, -0.1826171875] 11 1 2
 [0.1748046875, 0.01068115234375, -0.045654296875, 0.07470703125, -0.0390625, 0.169921875, -0.1826171875, 0.09423828125, 0.005615234375, -0.01507568359375, 0.0634765625, -0.1826171875] 11 1 2
 [0.1748046875, 0.01068115234375, -0.045654296875, 0.07470703125, -0.0390625, 0.169921875, -0.1826171875, 0.09423828125, 0.005615234375, -0.01507568359375, 0.0634765625, -0.1826171875] 11 1 2
 [0.1748046875, 0.01068115234375, -0.045654296875, 0.07470703125, -0.0390625, 0.169921875, -0.1826171875, 0.09423828125, 0.005615234375, -0.01507568359375, 0.0634765625, -0.1826171875] 11 1 2
 [0.1748046875, 0.01068115234375, -0.045654296875, 0.07470703125, -0.0390625, 0.169921875, -0.1826171875, 0.09423828125, 0.005615234375, -0.01507568359375, 0.0634765625, -0.1826171875] 11 1 2
 [0.1748046875, 0.01068115234375, -0.045654296875, 0.07470703125, -0.0390625, 0.169921875, -0.1826171875, 0.09423828125, 0.005615234375, -0.01507568359375, 0.0634765625, -0.1826171875] 10 1 2
 [0.1748046875, 0.01068115234375, -0.045654296875, 0.07470703125, -0.0390625, 0.169921875, -0.1826171875, 0.09423828125, 0.005615234375, -0.01507568359375, 0.0634765625, -0.1826171875] 0 2 0
 [0.1748046875, 0.01068115234375, -0.045654296875, 0.07470703125, -0.0390625, 0.169921875, -0.1826171875, 0.09423828125, 0.005615234375, -0.01507568359375, 0.0634765625, -0.1826171875] 0 2 0
 [0.1748046875, 0.01068115234375, -0.045654296875, 0.07470703125, -0.0390625, 0.169921875, -0.1826171875, 0.09423828125, 0.005615234375, -0.01507568359375, 0.0634765625, -0.1826171875] 0 2 0
 [0.1748046875, 0.01068115234375, -0.045654296875, 0.07470703125, -0.0390625, 0.169921875, -0.1826171875, 0.09423828125, 0.005615234375, -0.01507568359375, 0.0634765625, -0.1826171875] 0 2 0
 [0.1748046875, 0.01068115234375, -0.045654296875, 0.07470703125, -0.0390625, 0.169921875, -0.1826171875, 0.09423828125, 0.005615234375, -0.01507568359375, 0.0634765625, -0.1826171875] 0 2 0
 [0.1748046875, 0.01068115234375, -0.045654296875, 0.07470703125, -0.0390625, 0.169921875, -0.1826171875, 0.09423828125, 0.005615234375, -0.01507568359375, 0.0634765625, -0.1826171875] 0 2 0
 [0.1748046875, 0.01068115234375, -0.045654296875, 0.07470703125, -0.0390625, 0.169921875, -0.1826171875, 0.09423828125, 0.005615234375, -0.01507568359375, 0.0634765625, -0.1826171875] 0 2 0
 [0.1748046875, 0.01068115234375, -0.045654296875, 0.07470703125, -0.0390625, 0.169921875, -0.1826171875, 0.09423828125, 0.005615234375, -0.01507568359375, 0.0634765625, -0.1826171875] 0 2 0
 [0.1748046875, 0.01068115234375, -0.045654296875, 0.07470703125, -0.0390625, 0.169921875, -0.1826171875, 0.09423828125, 0.005615234375, -0.01507568359375, 0.0634765625, -0.1826171875] 0 2 0
 [0.1748046875, 0.01068115234375, -0.045654296875, 0.07470703125, -0.0390625, 0.169921875, -0.1826171875, 0.09423828125, 0.005615234375, -0.01507568359375, 0.0634765625, -0.1826171875] 0 2 0
 [0.1748046875, 0.01068115234375, -0.045654296875, 0.07470703125, -0.0390625, 0.169921875, -0.1826171875, 0.09423828125, 0.005615234375, -0.01507568359375, 0.0634765625, -0.1826171875] 0 2 0
 [0.1748046875, 0.01068115234375, -0.045654296875, 0.07470703125, -0.0390625, 0.169921875, -0.1826171875, 0.09423828125, 0.005615234375, -0.01507568359375, 0.0634765625, -0.1826171875] 0 2 0
 [0.1748046875, 0.01068115234375, -0.045654296875, 0.07470703125, -0.0390625, 0.169921875, -0.1826171875, 0.09423828125, 0.005615234375, -0.01507568359375, 0.0634765625, -0.1826171875] 0 2 0
 [0.1748046875, 0.01068115234375, -0.045654296875, 0.07470703125, -0.0390625, 0.169921875, -0.1826171875, 0.09423828125, 0.005615234375, -0.01507568359375, 0.0634765625, -0.1826171875] 0 2 0
 [0.1748046875, 0.01068115234375, -0.045654296875, 0.07470703125, -0.0390625, 0.169921875, -0.1826171875, 0.09423828125, 0.005615234375, -0.01507568359375, 0.0634765625, -0.1826171875] 0 2 0
 [0.1748046875, 0.01068115234375, -0.045654296875, 0.07470703125, -0.0390625, 0.169921875, -0.1826171875, 0.09423828125, 0.005615234375, -0.01507568359375, 0.0634765625, -0.1826171875] 0 2 0
 [0.1748046875, 0.01068115234375, -0.045654296875, 0.07470703125, -0.0390625, 0.169921875, -0.1826171875, 0.09423828125, 0.005615234375, -0.01507568359375, 0.0634765625, -0.1826171875] 0 2 0
 [0.1748046875, 0.01068115234375, -0.045654296875, 0.07470703125, -0.0390625, 0.169921875, -0.1826171875, 0.09423828125, 0.005615234375, -0.01507568359375, 0.0634765625, -0.1826171875] 0 2 0
 [0.1748046875, 0.01068115234375, -0.045654296875, 0.07470703125, -0.0390625, 0.169921875, -0.1826171875, 0.09423828125, 0.005615234375, -0.01507568359375, 0.0634765625, -0.1826171875] 0 2 0
 [0.1748046875, 0.01068115234375, -0.045654296875, 0.07470703125, -0.0390625, 0.169921875, -0.1826171875, 0.09423828125, 0.005615234375, -0.01507568359375, 0.0634765625, -0.1826171875] 0 2 0
 [0.1748046875, 0.01068115234375, -0.045654296875, 0.07470703125, -0.0390625, 0.169921875, -0.1826171875, 0.09423828125, 0.005615234375, -0.01507568359375, 0.0634765625, -0.1826171875] 0 2 0
 [0.1748046875, 0.01068115234375, -0.045654296875, 0.07470703125, -0.0390625, 0.169921875, -0.1826171875, 0.09423828125, 0.005615234375, -0.01507568359375, 0.0634765625, -0.1826171875] 0 2 0
 [0.1748046875, 0.01068115234375, -0.045654296875, 0.07470703125, -0.0390625, 0.169921875, -0.1826171875, 0.09423828125, 0.005615234375, -0.01507568359375, 0.0634765625, -0.1826171875] 0 2 0
 [0.1748046875, 0.01068115234375, -0.045654296875, 0.07470703125, -0.0390625, 0.169921875, -0.1826171875, 0.09423828125, 0.005615234375, -0.01507568359375, 0.0634765625, -0.1826171875] 0 2 0
 [0.1748046875, 0.01068115234375, -0.045654296875, 0.07470703125, -0.0390625, 0.169921875, -0.1826171875, 0.09423828125, 0.005615234375, -0.01507568359375, 0.0634765625, -0.1826171875] 0 2 0
 [0.1748046875, 0.01068115234375, -0.045654296875, 0.07470703125, -0.0390625, 0.169921875, -0.1826171875, 0.09423828125, 0.005615234375, -0.01507568359375, 0.0634765625, -0.1826171875] 0 2 0
 [0.1748046875, 0.01068115234375, -0.045654296875, 0.07470703125, -0.0390625, 0.169921875, -0.1826171875, 0.09423828125, 0.005615234375, -0.01507568359375, 0.0634765625, -0.1826171875] 0 2 0
 [0.1748046875, 0.01068115234375, -0.045654296875, 0.07470703125, -0.0390625, 0.169921875, -0.1826171875, 0.09423828125, 0.005615234375, -0.01507568359375, 0.0634765625, -0.1826171875] 0 2 0
 [0.1748046875, 0.01068115234375, -0.045654296875, 0.07470703125, -0.0390625, 0.169921875, -0.1826171875, 0.09423828125, 0.005615234375, -0.01507568359375, 0.0634765625, -0.1826171875] 0 2 0
 [0.1748046875, 0.01068115234375, -0.045654296875, 0.07470703125, -0.0390625, 0.169921875, -0.1826171875, 0.09423828125, 0.005615234375, -0.01507568359375, 0.0634765625, -0.1826171875] 0 2 0
 [0.1748046875, 0.01068115234375, -0.045654296875, 0.07470703125, -0.0390625, 0.169921875, -0.1826171875, 0.09423828125, 0.005615234375, -0.01507568359375, 0.0634765625, -0.1826171875] 0 2 0
 [0.1748046875, 0.01068115234375, -0.045654296875, 0.07470703125, -0.0390625, 0.169921875, -0.1826171875, 0.09423828125, 0.005615234375, -0.01507568359375, 0.0634765625, -0.1826171875] 0 2 0
 [0.1748046875, 0.01068115234375, -0.045654296875, 0.07470703125, -0.0390625, 0.169921875, -0.1826171875, 0.09423828125, 0.005615234375, -0.01507568359375, 0.0634765625, -0.1826171875] 0 2 0
 [0.1748046875, 0.01068115234375, -0.045654296875, 0.07470703125, -0.0390625, 0.169921875, -0.1826171875, 0.09423828125, 0.005615234375, -0.01507568359375, 0.0634765625, -0.1826171875] 1 2 0
 [0.1748046875, 0.01068115234375, -0.045654296875, 0.07470703125, -0.0390625, 0.169921875, -0.1826171875, 0.09423828125, 0.005615234375, -0.01507568359375, 0.0634765625, -0.1826171875] 1 2 0
 [0.1748046875, 0.01068115234375, -0.045654296875, 0.07470703125, -0.0390625, 0.169921875, -0.1826171875, 0.09423828125, 0.005615234375, -0.01507568359375, 0.0634765625, -0.1826171875] 1 2 0
 [0.1748046875, 0.01068115234375, -0.045654296875, 0.07470703125, -0.0390625, 0.169921875, -0.1826171875, 0.09423828125, 0.005615234375, -0.01507568359375, 0.0634765625, -0.1826171875] 1 2 0
 [0.1748046875, 0.01068115234375, -0.045654296875, 0.07470703125, -0.0390625, 0.169921875, -0.1826171875, 0.09423828125, 0.005615234375, -0.01507568359375, 0.0634765625, -0.1826171875] 1 2 0
 [0.1748046875, 0.01068115234375, -0.045654296875, 0.07470703125, -0.0390625, 0.169921875, -0.1826171875, 0.09423828125, 0.005615234375, -0.01507568359375, 0.0634765625, -0.1826171875] 1 2 0
 [0.1748046875, 0.01068115234375, -0.045654296875, 0.07470703125, -0.0390625, 0.169921875, -0.1826171875, 0.09423828125, 0.005615234375, -0.01507568359375, 0.0634765625, -0.1826171875] 1 2 0
 [0.1748046875, 0.01068115234375, -0.045654296875, 0.07470703125, -0.0390625, 0.169921875, -0.1826171875, 0.09423828125, 0.005615234375, -0.01507568359375, 0.0634765625, -0.1826171875] 1 2 0
 [0.1748046875, 0.01068115234375, -0.045654296875, 0.07470703125, -0.0390625, 0.169921875, -0.1826171875, 0.09423828125, 0.005615234375, -0.01507568359375, 0.0634765625, -0.1826171875] 1 2 0
 [0.1748046875, 0.01068115234375, -0.045654296875, 0.07470703125, -0.0390625, 0.169921875, -0.1826171875, 0.09423828125, 0.005615234375, -0.01507568359375, 0.0634765625, -0.1826171875] 1 2 0
 [0.1748046875, 0.01068115234375, -0.045654296875, 0.07470703125, -0.0390625, 0.169921875, -0.1826171875, 0.09423828125, 0.005615234375, -0.01507568359375, 0.0634765625, -0.1826171875] 1 2 0
 [0.1748046875, 0.01068115234375, -0.045654296875, 0.07470703125, -0.0390625, 0.169921875, -0.1826171875, 0.09423828125, 0.005615234375, -0.01507568359375, 0.0634765625, -0.1826171875] 1 2 0
 [0.1748046875, 0.01068115234375, -0.045654296875, 0.07470703125, -0.0390625, 0.169921875, -0.1826171875, 0.09423828125, 0.005615234375, -0.01507568359375, 0.0634765625, -0.1826171875] 1 2 0
 [0.1748046875, 0.01068115234375, -0.045654296875, 0.07470703125, -0.0390625, 0.169921875, -0.1826171875, 0.09423828125, 0.005615234375, -0.01507568359375, 0.0634765625, -0.1826171875] 1 2 0
 [0.1748046875, 0.01068115234375, -0.045654296875, 0.07470703125, -0.0390625, 0.169921875, -0.1826171875, 0.09423828125, 0.005615234375, -0.01507568359375, 0.0634765625, -0.1826171875] 1 2 0
 [0.1748046875, 0.01068115234375, -0.045654296875, 0.07470703125, -0.0390625, 0.169921875, -0.1826171875, 0.09423828125, 0.005615234375, -0.01507568359375, 0.0634765625, -0.1826171875] 1 2 0
 [0.1748046875, 0.01068115234375, -0.045654296875, 0.07470703125, -0.0390625, 0.169921875, -0.1826171875, 0.09423828125, 0.005615234375, -0.01507568359375, 0.0634765625, -0.1826171875] 1 2 0
 [0.1748046875, 0.01068115234375, -0.045654296875, 0.07470703125, -0.0390625, 0.169921875, -0.1826171875, 0.09423828125, 0.005615234375, -0.01507568359375, 0.0634765625, -0.1826171875] 1 2 0
 [0.1748046875, 0.01068115234375, -0.045654296875, 0.07470703125, -0.0390625, 0.169921875, -0.1826171875, 0.09423828125, 0.005615234375, -0.01507568359375, 0.0634765625, -0.1826171875] 1 2 0
 [0.1748046875, 0.01068115234375, -0.045654296875, 0.07470703125, -0.0390625, 0.169921875, -0.1826171875, 0.09423828125, 0.005615234375, -0.01507568359375, 0.0634765625, -0.1826171875] 1 2 0
 [0.1748046875, 0.01068115234375, -0.045654296875, 0.07470703125, -0.0390625, 0.169921875, -0.1826171875, 0.09423828125, 0.005615234375, -0.01507568359375, 0.0634765625, -0.1826171875] 1 2 0
 [0.1748046875, 0.01068115234375, -0.045654296875, 0.07470703125, -0.0390625, 0.169921875, -0.1826171875, 0.09423828125, 0.005615234375, -0.01507568359375, 0.0634765625, -0.1826171875] 1 2 0
 [0.1748046875, 0.01068115234375, -0.045654296875, 0.07470703125, -0.0390625, 0.169921875, -0.1826171875, 0.09423828125, 0.005615234375, -0.01507568359375, 0.0634765625, -0.1826171875] 1 2 0
 [0.1748046875, 0.01068115234375, -0.045654296875, 0.07470703125, -0.0390625, 0.169921875, -0.1826171875, 0.09423828125, 0.005615234375, -0.01507568359375, 0.0634765625, -0.1826171875] 1 2 0
 [0.1748046875, 0.01068115234375, -0.045654296875, 0.07470703125, -0.0390625, 0.169921875, -0.1826171875, 0.09423828125, 0.005615234375, -0.01507568359375, 0.0634765625, -0.1826171875] 1 2 0
 [0.1748046875, 0.01068115234375, -0.045654296875, 0.07470703125, -0.0390625, 0.169921875, -0.1826171875, 0.09423828125, 0.005615234375, -0.01507568359375, 0.0634765625, -0.1826171875] 1 2 0
 [0.1748046875, 0.01068115234375, -0.045654296875, 0.07470703125, -0.0390625, 0.169921875, -0.1826171875, 0.09423828125, 0.005615234375, -0.01507568359375, 0.0634765625, -0.1826171875] 1 2 0
 [0.1748046875, 0.01068115234375, -0.045654296875, 0.07470703125, -0.0390625, 0.169921875, -0.1826171875, 0.09423828125, 0.005615234375, -0.01507568359375, 0.0634765625, -0.1826171875] 1 2 0
 [0.1748046875, 0.01068115234375, -0.045654296875, 0.07470703125, -0.0390625, 0.169921875, -0.1826171875, 0.09423828125, 0.005615234375, -0.01507568359375, 0.0634765625, -0.1826171875] 1 2 0
 [0.1748046875, 0.01068115234375, -0.045654296875, 0.07470703125, -0.0390625, 0.169921875, -0.1826171875, 0.09423828125, 0.005615234375, -0.01507568359375, 0.0634765625, -0.1826171875] 1 2 0
 [0.1748046875, 0.01068115234375, -0.045654296875, 0.07470703125, -0.0390625, 0.169921875, -0.1826171875, 0.09423828125, 0.005615234375, -0.01507568359375, 0.0634765625, -0.1826171875] 1 2 0
 [0.1748046875, 0.01068115234375, -0.045654296875, 0.07470703125, -0.0390625, 0.169921875, -0.1826171875, 0.09423828125, 0.005615234375, -0.01507568359375, 0.0634765625, -0.1826171875] 1 2 0
 [0.1748046875, 0.01068115234375, -0.045654296875, 0.07470703125, -0.0390625, 0.169921875, -0.1826171875, 0.09423828125, 0.005615234375, -0.01507568359375, 0.0634765625, -0.1826171875] 1 2 0
 [0.1748046875, 0.01068115234375, -0.045654296875, 0.07470703125, -0.0390625, 0.169921875, -0.1826171875, 0.09423828125, 0.005615234375, -0.01507568359375, 0.0634765625, -0.1826171875] 1 2 0
 [0.1748046875, 0.01068115234375, -0.045654296875, 0.07470703125, -0.0390625, 0.169921875, -0.1826171875, 0.09423828125, 0.005615234375, -0.01507568359375, 0.0634765625, -0.1826171875] 2 2 0
 [0.1748046875, 0.01068115234375, -0.045654296875, 0.07470703125, -0.0390625, 0.169921875, -0.1826171875, 0.09423828125, 0.005615234375, -0.01507568359375, 0.0634765625, -0.1826171875] 2 2 0
 [0.1748046875, 0.01068115234375, -0.045654296875, 0.07470703125, -0.0390625, 0.169921875, -0.1826171875, 0.09423828125, 0.005615234375, -0.01507568359375, 0.0634765625, -0.1826171875] 2 2 0
 [0.1748046875, 0.01068115234375, -0.045654296875, 0.07470703125, -0.0390625, 0.169921875, -0.1826171875, 0.09423828125, 0.005615234375, -0.01507568359375, 0.0634765625, -0.1826171875] 2 2 0
 [0.1748046875, 0.01068115234375, -0.045654296875, 0.07470703125, -0.0390625, 0.169921875, -0.1826171875, 0.09423828125, 0.005615234375, -0.01507568359375, 0.0634765625, -0.1826171875] 2 2 0
 [0.1748046875, 0.01068115234375, -0.045654296875, 0.07470703125, -0.0390625, 0.169921875, -0.1826171875, 0.09423828125, 0.005615234375, -0.01507568359375, 0.0634765625, -0.1826171875] 2 2 0
 [0.1748046875, 0.01068115234375, -0.045654296875, 0.07470703125, -0.0390625, 0.169921875, -0.1826171875, 0.09423828125, 0.005615234375, -0.01507568359375, 0.0634765625, -0.1826171875] 2 2 0
 [0.1748046875, 0.01068115234375, -0.045654296875, 0.07470703125, -0.0390625, 0.169921875, -0.1826171875, 0.09423828125, 0.005615234375, -0.01507568359375, 0.0634765625, -0.1826171875] 2 2 0
 [0.1748046875, 0.01068115234375, -0.045654296875, 0.07470703125, -0.0390625, 0.169921875, -0.1826171875, 0.09423828125, 0.005615234375, -0.01507568359375, 0.0634765625, -0.1826171875] 2 2 0
 [0.1748046875, 0.01068115234375, -0.045654296875, 0.07470703125, -0.0390625, 0.169921875, -0.1826171875, 0.09423828125, 0.005615234375, -0.01507568359375, 0.0634765625, -0.1826171875] 2 2 0
 [0.1748046875, 0.01068115234375, -0.045654296875, 0.07470703125, -0.0390625, 0.169921875, -0.1826171875, 0.09423828125, 0.005615234375, -0.01507568359375, 0.0634765625, -0.1826171875] 2 2 0
 [0.1748046875, 0.01068115234375, -0.045654296875, 0.07470703125, -0.0390625, 0.169921875, -0.1826171875, 0.09423828125, 0.005615234375, -0.01507568359375, 0.0634765625, -0.1826171875] 2 2 0
 [0.1748046875, 0.01068115234375, -0.045654296875, 0.07470703125, -0.0390625, 0.169921875, -0.1826171875, 0.09423828125, 0.005615234375, -0.01507568359375, 0.0634765625, -0.1826171875] 2 2 0
 [0.1748046875, 0.01068115234375, -0.045654296875, 0.07470703125, -0.0390625, 0.169921875, -0.1826171875, 0.09423828125, 0.005615234375, -0.01507568359375, 0.0634765625, -0.1826171875] 2 2 0
 [0.1748046875, 0.01068115234375, -0.045654296875, 0.07470703125, -0.0390625, 0.169921875, -0.1826171875, 0.09423828125, 0.005615234375, -0.01507568359375, 0.0634765625, -0.1826171875] 2 2 0
 [0.1748046875, 0.01068115234375, -0.045654296875, 0.07470703125, -0.0390625, 0.169921875, -0.1826171875, 0.09423828125, 0.005615234375, -0.01507568359375, 0.0634765625, -0.1826171875] 2 2 0
 [0.1748046875, 0.01068115234375, -0.045654296875, 0.07470703125, -0.0390625, 0.169921875, -0.1826171875, 0.09423828125, 0.005615234375, -0.01507568359375, 0.0634765625, -0.1826171875] 2 2 0
 [0.1748046875, 0.01068115234375, -0.045654296875, 0.07470703125, -0.0390625, 0.169921875, -0.1826171875, 0.09423828125, 0.005615234375, -0.01507568359375, 0.0634765625, -0.1826171875] 2 2 0
 [0.1748046875, 0.01068115234375, -0.045654296875, 0.07470703125, -0.0390625, 0.169921875, -0.1826171875, 0.09423828125, 0.005615234375, -0.01507568359375, 0.0634765625, -0.1826171875] 2 2 0
 [0.1748046875, 0.01068115234375, -0.045654296875, 0.07470703125, -0.0390625, 0.169921875, -0.1826171875, 0.09423828125, 0.005615234375, -0.01507568359375, 0.0634765625, -0.1826171875] 2 2 0
 [0.1748046875, 0.01068115234375, -0.045654296875, 0.07470703125, -0.0390625, 0.169921875, -0.1826171875, 0.09423828125, 0.005615234375, -0.01507568359375, 0.0634765625, -0.1826171875] 2 2 0
 [0.1748046875, 0.01068115234375, -0.045654296875, 0.07470703125, -0.0390625, 0.169921875, -0.1826171875, 0.09423828125, 0.005615234375, -0.01507568359375, 0.0634765625, -0.1826171875] 2 2 0
 [0.1748046875, 0.01068115234375, -0.045654296875, 0.07470703125, -0.0390625, 0.169921875, -0.1826171875, 0.09423828125, 0.005615234375, -0.01507568359375, 0.0634765625, -0.1826171875] 2 2 0
 [0.1748046875, 0.01068115234375, -0.045654296875, 0.07470703125, -0.0390625, 0.169921875, -0.1826171875, 0.09423828125, 0.005615234375, -0.01507568359375, 0.0634765625, -0.1826171875] 2 2 0
 [0.1748046875, 0.01068115234375, -0.045654296875, 0.07470703125, -0.0390625, 0.169921875, -0.1826171875, 0.09423828125, 0.005615234375, -0.01507568359375, 0.0634765625, -0.1826171875] 2 2 0
 [0.1748046875, 0.01068115234375, -0.045654296875, 0.07470703125, -0.0390625, 0.169921875, -0.1826171875, 0.09423828125, 0.005615234375, -0.01507568359375, 0.0634765625, -0.1826171875] 2 2 0
 [0.1748046875, 0.01068115234375, -0.045654296875, 0.07470703125, -0.0390625, 0.169921875, -0.1826171875, 0.09423828125, 0.005615234375, -0.01507568359375, 0.0634765625, -0.1826171875] 2 2 0
 [0.1748046875, 0.01068115234375, -0.045654296875, 0.07470703125, -0.0390625, 0.169921875, -0.1826171875, 0.09423828125, 0.005615234375, -0.01507568359375, 0.0634765625, -0.1826171875] 2 2 0
 [0.1748046875, 0.01068115234375, -0.045654296875, 0.07470703125, -0.0390625, 0.169921875, -0.1826171875, 0.09423828125, 0.005615234375, -0.01507568359375, 0.0634765625, -0.1826171875] 2 2 0
 [0.1748046875, 0.01068115234375, -0.045654296875, 0.07470703125, -0.0390625, 0.169921875, -0.1826171875, 0.09423828125, 0.005615234375, -0.01507568359375, 0.0634765625, -0.1826171875] 2 2 0
 [0.1748046875, 0.01068115234375, -0.045654296875, 0.07470703125, -0.0390625, 0.169921875, -0.1826171875, 0.09423828125, 0.005615234375, -0.01507568359375, 0.0634765625, -0.1826171875] 2 2 0
 [0.1748046875, 0.01068115234375, -0.045654296875, 0.07470703125, -0.0390625, 0.169921875, -0.1826171875, 0.09423828125, 0.005615234375, -0.01507568359375, 0.0634765625, -0.1826171875] 3 2 0
 [0.1748046875, 0.01068115234375, -0.045654296875, 0.07470703125, -0.0390625, 0.169921875, -0.1826171875, 0.09423828125, 0.005615234375, -0.01507568359375, 0.0634765625, -0.1826171875] 3 2 0
 [0.1748046875, 0.01068115234375, -0.045654296875, 0.07470703125, -0.0390625, 0.169921875, -0.1826171875, 0.09423828125, 0.005615234375, -0.01507568359375, 0.0634765625, -0.1826171875] 3 2 0
 [0.1748046875, 0.01068115234375, -0.045654296875, 0.07470703125, -0.0390625, 0.169921875, -0.1826171875, 0.09423828125, 0.005615234375, -0.01507568359375, 0.0634765625, -0.1826171875] 3 2 0
 [0.1748046875, 0.01068115234375, -0.045654296875, 0.07470703125, -0.0390625, 0.169921875, -0.1826171875, 0.09423828125, 0.005615234375, -0.01507568359375, 0.0634765625, -0.1826171875] 3 2 0
 [0.1748046875, 0.01068115234375, -0.045654296875, 0.07470703125, -0.0390625, 0.169921875, -0.1826171875, 0.09423828125, 0.005615234375, -0.01507568359375, 0.0634765625, -0.1826171875] 3 2 0
 [0.1748046875, 0.01068115234375, -0.045654296875, 0.07470703125, -0.0390625, 0.169921875, -0.1826171875, 0.09423828125, 0.005615234375, -0.01507568359375, 0.0634765625, -0.1826171875] 3 2 0
 [0.1748046875, 0.01068115234375, -0.045654296875, 0.07470703125, -0.0390625, 0.169921875, -0.1826171875, 0.09423828125, 0.005615234375, -0.01507568359375, 0.0634765625, -0.1826171875] 3 2 0
 [0.1748046875, 0.01068115234375, -0.045654296875, 0.07470703125, -0.0390625, 0.169921875, -0.1826171875, 0.09423828125, 0.005615234375, -0.01507568359375, 0.0634765625, -0.1826171875] 3 2 0
 [0.1748046875, 0.01068115234375, -0.045654296875, 0.07470703125, -0.0390625, 0.169921875, -0.1826171875, 0.09423828125, 0.005615234375, -0.01507568359375, 0.0634765625, -0.1826171875] 3 2 0
 [0.1748046875, 0.01068115234375, -0.045654296875, 0.07470703125, -0.0390625, 0.169921875, -0.1826171875, 0.09423828125, 0.005615234375, -0.01507568359375, 0.0634765625, -0.1826171875] 3 2 0
 [0.1748046875, 0.01068115234375, -0.045654296875, 0.07470703125, -0.0390625, 0.169921875, -0.1826171875, 0.09423828125, 0.005615234375, -0.01507568359375, 0.0634765625, -0.1826171875] 3 2 0
 [0.1748046875, 0.01068115234375, -0.045654296875, 0.07470703125, -0.0390625, 0.169921875, -0.1826171875, 0.09423828125, 0.005615234375, -0.01507568359375, 0.0634765625, -0.1826171875] 3 2 0
 [0.1748046875, 0.01068115234375, -0.045654296875, 0.07470703125, -0.0390625, 0.169921875, -0.1826171875, 0.09423828125, 0.005615234375, -0.01507568359375, 0.0634765625, -0.1826171875] 3 2 0
 [0.1748046875, 0.01068115234375, -0.045654296875, 0.07470703125, -0.0390625, 0.169921875, -0.1826171875, 0.09423828125, 0.005615234375, -0.01507568359375, 0.0634765625, -0.1826171875] 3 2 0
 [0.1748046875, 0.01068115234375, -0.045654296875, 0.07470703125, -0.0390625, 0.169921875, -0.1826171875, 0.09423828125, 0.005615234375, -0.01507568359375, 0.0634765625, -0.1826171875] 3 2 0
 [0.1748046875, 0.01068115234375, -0.045654296875, 0.07470703125, -0.0390625, 0.169921875, -0.1826171875, 0.09423828125, 0.005615234375, -0.01507568359375, 0.0634765625, -0.1826171875] 3 2 0
 [0.1748046875, 0.01068115234375, -0.045654296875, 0.07470703125, -0.0390625, 0.169921875, -0.1826171875, 0.09423828125, 0.005615234375, -0.01507568359375, 0.0634765625, -0.1826171875] 3 2 0
 [0.1748046875, 0.01068115234375, -0.045654296875, 0.07470703125, -0.0390625, 0.169921875, -0.1826171875, 0.09423828125, 0.005615234375, -0.01507568359375, 0.0634765625, -0.1826171875] 3 2 0
 [0.1748046875, 0.01068115234375, -0.045654296875, 0.07470703125, -0.0390625, 0.169921875, -0.1826171875, 0.09423828125, 0.005615234375, -0.01507568359375, 0.0634765625, -0.1826171875] 3 2 0
 [0.1748046875, 0.01068115234375, -0.045654296875, 0.07470703125, -0.0390625, 0.169921875, -0.1826171875, 0.09423828125, 0.005615234375, -0.01507568359375, 0.0634765625, -0.1826171875] 3 2 0
 [0.1748046875, 0.01068115234375, -0.045654296875, 0.07470703125, -0.0390625, 0.169921875, -0.1826171875, 0.09423828125, 0.005615234375, -0.01507568359375, 0.0634765625, -0.1826171875] 3 2 0
 [0.1748046875, 0.01068115234375, -0.045654296875, 0.07470703125, -0.0390625, 0.169921875, -0.1826171875, 0.09423828125, 0.005615234375, -0.01507568359375, 0.0634765625, -0.1826171875] 3 2 0
 [0.1748046875, 0.01068115234375, -0.045654296875, 0.07470703125, -0.0390625, 0.169921875, -0.1826171875, 0.09423828125, 0.005615234375, -0.01507568359375, 0.0634765625, -0.1826171875] 3 2 0
 [0.1748046875, 0.01068115234375, -0.045654296875, 0.07470703125, -0.0390625, 0.169921875, -0.1826171875, 0.09423828125, 0.005615234375, -0.01507568359375, 0.0634765625, -0.1826171875] 3 2 0
 [0.1748046875, 0.01068115234375, -0.045654296875, 0.07470703125, -0.0390625, 0.169921875, -0.1826171875, 0.09423828125, 0.005615234375, -0.01507568359375, 0.0634765625, -0.1826171875] 3 2 0
 [0.1748046875, 0.01068115234375, -0.045654296875, 0.07470703125, -0.0390625, 0.169921875, -0.1826171875, 0.09423828125, 0.005615234375, -0.01507568359375, 0.0634765625, -0.1826171875] 3 2 0
 [0.1748046875, 0.01068115234375, -0.045654296875, 0.07470703125, -0.0390625, 0.169921875, -0.1826171875, 0.09423828125, 0.005615234375, -0.01507568359375, 0.0634765625, -0.1826171875] 3 2 0
 [0.1748046875, 0.01068115234375, -0.045654296875, 0.07470703125, -0.0390625, 0.169921875, -0.1826171875, 0.09423828125, 0.005615234375, -0.01507568359375, 0.0634765625, -0.1826171875] 3 2 0
 [0.1748046875, 0.01068115234375, -0.045654296875, 0.07470703125, -0.0390625, 0.169921875, -0.1826171875, 0.09423828125, 0.005615234375, -0.01507568359375, 0.0634765625, -0.1826171875] 3 2 0
 [0.1748046875, 0.01068115234375, -0.045654296875, 0.07470703125, -0.0390625, 0.169921875, -0.1826171875, 0.09423828125, 0.005615234375, -0.01507568359375, 0.0634765625, -0.1826171875] 3 2 0
 [0.1748046875, 0.01068115234375, -0.045654296875, 0.07470703125, -0.0390625, 0.169921875, -0.1826171875, 0.09423828125, 0.005615234375, -0.01507568359375, 0.0634765625, -0.1826171875] 4 2 0
 [0.1748046875, 0.01068115234375, -0.045654296875, 0.07470703125, -0.0390625, 0.169921875, -0.1826171875, 0.09423828125, 0.005615234375, -0.01507568359375, 0.0634765625, -0.1826171875] 4 2 0
 [0.1748046875, 0.01068115234375, -0.045654296875, 0.07470703125, -0.0390625, 0.169921875, -0.1826171875, 0.09423828125, 0.005615234375, -0.01507568359375, 0.0634765625, -0.1826171875] 4 2 0
 [0.1748046875, 0.01068115234375, -0.045654296875, 0.07470703125, -0.0390625, 0.169921875, -0.1826171875, 0.09423828125, 0.005615234375, -0.01507568359375, 0.0634765625, -0.1826171875] 4 2 0
 [0.1748046875, 0.01068115234375, -0.045654296875, 0.07470703125, -0.0390625, 0.169921875, -0.1826171875, 0.09423828125, 0.005615234375, -0.01507568359375, 0.0634765625, -0.1826171875] 4 2 0
 [0.1748046875, 0.01068115234375, -0.045654296875, 0.07470703125, -0.0390625, 0.169921875, -0.1826171875, 0.09423828125, 0.005615234375, -0.01507568359375, 0.0634765625, -0.1826171875] 4 2 0
 [0.1748046875, 0.01068115234375, -0.045654296875, 0.07470703125, -0.0390625, 0.169921875, -0.1826171875, 0.09423828125, 0.005615234375, -0.01507568359375, 0.0634765625, -0.1826171875] 4 2 0
 [0.1748046875, 0.01068115234375, -0.045654296875, 0.07470703125, -0.0390625, 0.169921875, -0.1826171875, 0.09423828125, 0.005615234375, -0.01507568359375, 0.0634765625, -0.1826171875] 4 2 0
 [0.1748046875, 0.01068115234375, -0.045654296875, 0.07470703125, -0.0390625, 0.169921875, -0.1826171875, 0.09423828125, 0.005615234375, -0.01507568359375, 0.0634765625, -0.1826171875] 4 2 0
 [0.1748046875, 0.01068115234375, -0.045654296875, 0.07470703125, -0.0390625, 0.169921875, -0.1826171875, 0.09423828125, 0.005615234375, -0.01507568359375, 0.0634765625, -0.1826171875] 4 2 0
 [0.1748046875, 0.01068115234375, -0.045654296875, 0.07470703125, -0.0390625, 0.169921875, -0.1826171875, 0.09423828125, 0.005615234375, -0.01507568359375, 0.0634765625, -0.1826171875] 4 2 0
 [0.1748046875, 0.01068115234375, -0.045654296875, 0.07470703125, -0.0390625, 0.169921875, -0.1826171875, 0.09423828125, 0.005615234375, -0.01507568359375, 0.0634765625, -0.1826171875] 4 2 0
 [0.1748046875, 0.01068115234375, -0.045654296875, 0.07470703125, -0.0390625, 0.169921875, -0.1826171875, 0.09423828125, 0.005615234375, -0.01507568359375, 0.0634765625, -0.1826171875] 4 2 0
 [0.1748046875, 0.01068115234375, -0.045654296875, 0.07470703125, -0.0390625, 0.169921875, -0.1826171875, 0.09423828125, 0.005615234375, -0.01507568359375, 0.0634765625, -0.1826171875] 4 2 0
 [0.1748046875, 0.01068115234375, -0.045654296875, 0.07470703125, -0.0390625, 0.169921875, -0.1826171875, 0.09423828125, 0.005615234375, -0.01507568359375, 0.0634765625, -0.1826171875] 4 2 0
 [0.1748046875, 0.01068115234375, -0.045654296875, 0.07470703125, -0.0390625, 0.169921875, -0.1826171875, 0.09423828125, 0.005615234375, -0.01507568359375, 0.0634765625, -0.1826171875] 4 2 0
 [0.1748046875, 0.01068115234375, -0.045654296875, 0.07470703125, -0.0390625, 0.169921875, -0.1826171875, 0.09423828125, 0.005615234375, -0.01507568359375, 0.0634765625, -0.1826171875] 4 2 0
 [0.1748046875, 0.01068115234375, -0.045654296875, 0.07470703125, -0.0390625, 0.169921875, -0.1826171875, 0.09423828125, 0.005615234375, -0.01507568359375, 0.0634765625, -0.1826171875] 4 2 0
 [0.1748046875, 0.01068115234375, -0.045654296875, 0.07470703125, -0.0390625, 0.169921875, -0.1826171875, 0.09423828125, 0.005615234375, -0.01507568359375, 0.0634765625, -0.1826171875] 4 2 0
 [0.1748046875, 0.01068115234375, -0.045654296875, 0.07470703125, -0.0390625, 0.169921875, -0.1826171875, 0.09423828125, 0.005615234375, -0.01507568359375, 0.0634765625, -0.1826171875] 4 2 0
 [0.1748046875, 0.01068115234375, -0.045654296875, 0.07470703125, -0.0390625, 0.169921875, -0.1826171875, 0.09423828125, 0.005615234375, -0.01507568359375, 0.0634765625, -0.1826171875] 4 2 0
 [0.1748046875, 0.01068115234375, -0.045654296875, 0.07470703125, -0.0390625, 0.169921875, -0.1826171875, 0.09423828125, 0.005615234375, -0.01507568359375, 0.0634765625, -0.1826171875] 4 2 0
 [0.1748046875, 0.01068115234375, -0.045654296875, 0.07470703125, -0.0390625, 0.169921875, -0.1826171875, 0.09423828125, 0.005615234375, -0.01507568359375, 0.0634765625, -0.1826171875] 4 2 0
 [0.1748046875, 0.01068115234375, -0.045654296875, 0.07470703125, -0.0390625, 0.169921875, -0.1826171875, 0.09423828125, 0.005615234375, -0.01507568359375, 0.0634765625, -0.1826171875] 4 2 0
 [0.1748046875, 0.01068115234375, -0.045654296875, 0.07470703125, -0.0390625, 0.169921875, -0.1826171875, 0.09423828125, 0.005615234375, -0.01507568359375, 0.0634765625, -0.1826171875] 4 2 0
 [0.1748046875, 0.01068115234375, -0.045654296875, 0.07470703125, -0.0390625, 0.169921875, -0.1826171875, 0.09423828125, 0.005615234375, -0.01507568359375, 0.0634765625, -0.1826171875] 4 2 0
 [0.1748046875, 0.01068115234375, -0.045654296875, 0.07470703125, -0.0390625, 0.169921875, -0.1826171875, 0.09423828125, 0.005615234375, -0.01507568359375, 0.0634765625, -0.1826171875] 4 2 0
 [0.1748046875, 0.01068115234375, -0.045654296875, 0.07470703125, -0.0390625, 0.169921875, -0.1826171875, 0.09423828125, 0.005615234375, -0.01507568359375, 0.0634765625, -0.1826171875] 4 2 0
 [0.1748046875, 0.01068115234375, -0.045654296875, 0.07470703125, -0.0390625, 0.169921875, -0.1826171875, 0.09423828125, 0.005615234375, -0.01507568359375, 0.0634765625, -0.1826171875] 4 2 0
 [0.1748046875, 0.01068115234375, -0.045654296875, 0.07470703125, -0.0390625, 0.169921875, -0.1826171875, 0.09423828125, 0.005615234375, -0.01507568359375, 0.0634765625, -0.1826171875] 4 2 0
 [0.1748046875, 0.01068115234375, -0.045654296875, 0.07470703125, -0.0390625, 0.169921875, -0.1826171875, 0.09423828125, 0.005615234375, -0.01507568359375, 0.0634765625, -0.1826171875] 4 2 0
 [0.1748046875, 0.01068115234375, -0.045654296875, 0.07470703125, -0.0390625, 0.169921875, -0.1826171875, 0.09423828125, 0.005615234375, -0.01507568359375, 0.0634765625, -0.1826171875] 4 2 0
 [0.1748046875, 0.01068115234375, -0.045654296875, 0.07470703125, -0.0390625, 0.169921875, -0.1826171875, 0.09423828125, 0.005615234375, -0.01507568359375, 0.0634765625, -0.1826171875] 4 2 0
 [0.1748046875, 0.01068115234375, -0.045654296875, 0.07470703125, -0.0390625, 0.169921875, -0.1826171875, 0.09423828125, 0.005615234375, -0.01507568359375, 0.0634765625, -0.1826171875] 4 2 0
 [0.1748046875, 0.01068115234375, -0.045654296875, 0.07470703125, -0.0390625, 0.169921875, -0.1826171875, 0.09423828125, 0.005615234375, -0.01507568359375, 0.0634765625, -0.1826171875] 5 2 0
 [0.1748046875, 0.01068115234375, -0.045654296875, 0.07470703125, -0.0390625, 0.169921875, -0.1826171875, 0.09423828125, 0.005615234375, -0.01507568359375, 0.0634765625, -0.1826171875] 5 2 0
 [0.1748046875, 0.01068115234375, -0.045654296875, 0.07470703125, -0.0390625, 0.169921875, -0.1826171875, 0.09423828125, 0.005615234375, -0.01507568359375, 0.0634765625, -0.1826171875] 5 2 0
 [0.1748046875, 0.01068115234375, -0.045654296875, 0.07470703125, -0.0390625, 0.169921875, -0.1826171875, 0.09423828125, 0.005615234375, -0.01507568359375, 0.0634765625, -0.1826171875] 5 2 0
 [0.1748046875, 0.01068115234375, -0.045654296875, 0.07470703125, -0.0390625, 0.169921875, -0.1826171875, 0.09423828125, 0.005615234375, -0.01507568359375, 0.0634765625, -0.1826171875] 5 2 0
 [0.1748046875, 0.01068115234375, -0.045654296875, 0.07470703125, -0.0390625, 0.169921875, -0.1826171875, 0.09423828125, 0.005615234375, -0.01507568359375, 0.0634765625, -0.1826171875] 5 2 0
 [0.1748046875, 0.01068115234375, -0.045654296875, 0.07470703125, -0.0390625, 0.169921875, -0.1826171875, 0.09423828125, 0.005615234375, -0.01507568359375, 0.0634765625, -0.1826171875] 5 2 0
 [0.1748046875, 0.01068115234375, -0.045654296875, 0.07470703125, -0.0390625, 0.169921875, -0.1826171875, 0.09423828125, 0.005615234375, -0.01507568359375, 0.0634765625, -0.1826171875] 5 2 0
 [0.1748046875, 0.01068115234375, -0.045654296875, 0.07470703125, -0.0390625, 0.169921875, -0.1826171875, 0.09423828125, 0.005615234375, -0.01507568359375, 0.0634765625, -0.1826171875] 5 2 0
 [0.1748046875, 0.01068115234375, -0.045654296875, 0.07470703125, -0.0390625, 0.169921875, -0.1826171875, 0.09423828125, 0.005615234375, -0.01507568359375, 0.0634765625, -0.1826171875] 5 2 0
 [0.1748046875, 0.01068115234375, -0.045654296875, 0.07470703125, -0.0390625, 0.169921875, -0.1826171875, 0.09423828125, 0.005615234375, -0.01507568359375, 0.0634765625, -0.1826171875] 5 2 0
 [0.1748046875, 0.01068115234375, -0.045654296875, 0.07470703125, -0.0390625, 0.169921875, -0.1826171875, 0.09423828125, 0.005615234375, -0.01507568359375, 0.0634765625, -0.1826171875] 5 2 0
 [0.1748046875, 0.01068115234375, -0.045654296875, 0.07470703125, -0.0390625, 0.169921875, -0.1826171875, 0.09423828125, 0.005615234375, -0.01507568359375, 0.0634765625, -0.1826171875] 5 2 0
 [0.1748046875, 0.01068115234375, -0.045654296875, 0.07470703125, -0.0390625, 0.169921875, -0.1826171875, 0.09423828125, 0.005615234375, -0.01507568359375, 0.0634765625, -0.1826171875] 5 2 0
 [0.1748046875, 0.01068115234375, -0.045654296875, 0.07470703125, -0.0390625, 0.169921875, -0.1826171875, 0.09423828125, 0.005615234375, -0.01507568359375, 0.0634765625, -0.1826171875] 5 2 0
 [0.1748046875, 0.01068115234375, -0.045654296875, 0.07470703125, -0.0390625, 0.169921875, -0.1826171875, 0.09423828125, 0.005615234375, -0.01507568359375, 0.0634765625, -0.1826171875] 5 2 0
 [0.1748046875, 0.01068115234375, -0.045654296875, 0.07470703125, -0.0390625, 0.169921875, -0.1826171875, 0.09423828125, 0.005615234375, -0.01507568359375, 0.0634765625, -0.1826171875] 5 2 0
 [0.1748046875, 0.01068115234375, -0.045654296875, 0.07470703125, -0.0390625, 0.169921875, -0.1826171875, 0.09423828125, 0.005615234375, -0.01507568359375, 0.0634765625, -0.1826171875] 5 2 0
 [0.1748046875, 0.01068115234375, -0.045654296875, 0.07470703125, -0.0390625, 0.169921875, -0.1826171875, 0.09423828125, 0.005615234375, -0.01507568359375, 0.0634765625, -0.1826171875] 5 2 0
 [0.1748046875, 0.01068115234375, -0.045654296875, 0.07470703125, -0.0390625, 0.169921875, -0.1826171875, 0.09423828125, 0.005615234375, -0.01507568359375, 0.0634765625, -0.1826171875] 5 2 0
 [0.1748046875, 0.01068115234375, -0.045654296875, 0.07470703125, -0.0390625, 0.169921875, -0.1826171875, 0.09423828125, 0.005615234375, -0.01507568359375, 0.0634765625, -0.1826171875] 5 2 0
 [0.1748046875, 0.01068115234375, -0.045654296875, 0.07470703125, -0.0390625, 0.169921875, -0.1826171875, 0.09423828125, 0.005615234375, -0.01507568359375, 0.0634765625, -0.1826171875] 5 2 0
 [0.1748046875, 0.01068115234375, -0.045654296875, 0.07470703125, -0.0390625, 0.169921875, -0.1826171875, 0.09423828125, 0.005615234375, -0.01507568359375, 0.0634765625, -0.1826171875] 5 2 0
 [0.1748046875, 0.01068115234375, -0.045654296875, 0.07470703125, -0.0390625, 0.169921875, -0.1826171875, 0.09423828125, 0.005615234375, -0.01507568359375, 0.0634765625, -0.1826171875] 5 2 0
 [0.1748046875, 0.01068115234375, -0.045654296875, 0.07470703125, -0.0390625, 0.169921875, -0.1826171875, 0.09423828125, 0.005615234375, -0.01507568359375, 0.0634765625, -0.1826171875] 5 2 0
 [0.1748046875, 0.01068115234375, -0.045654296875, 0.07470703125, -0.0390625, 0.169921875, -0.1826171875, 0.09423828125, 0.005615234375, -0.01507568359375, 0.0634765625, -0.1826171875] 5 2 0
 [0.1748046875, 0.01068115234375, -0.045654296875, 0.07470703125, -0.0390625, 0.169921875, -0.1826171875, 0.09423828125, 0.005615234375, -0.01507568359375, 0.0634765625, -0.1826171875] 5 2 0
 [0.1748046875, 0.01068115234375, -0.045654296875, 0.07470703125, -0.0390625, 0.169921875, -0.1826171875, 0.09423828125, 0.005615234375, -0.01507568359375, 0.0634765625, -0.1826171875] 5 2 0
 [0.1748046875, 0.01068115234375, -0.045654296875, 0.07470703125, -0.0390625, 0.169921875, -0.1826171875, 0.09423828125, 0.005615234375, -0.01507568359375, 0.0634765625, -0.1826171875] 5 2 0
 [0.1748046875, 0.01068115234375, -0.045654296875, 0.07470703125, -0.0390625, 0.169921875, -0.1826171875, 0.09423828125, 0.005615234375, -0.01507568359375, 0.0634765625, -0.1826171875] 5 2 0
 [0.1748046875, 0.01068115234375, -0.045654296875, 0.07470703125, -0.0390625, 0.169921875, -0.1826171875, 0.09423828125, 0.005615234375, -0.01507568359375, 0.0634765625, -0.1826171875] 5 2 0
 [0.1748046875, 0.01068115234375, -0.045654296875, 0.07470703125, -0.0390625, 0.169921875, -0.1826171875, 0.09423828125, 0.005615234375, -0.01507568359375, 0.0634765625, -0.1826171875] 5 2 0
 [0.1748046875, 0.01068115234375, -0.045654296875, 0.07470703125, -0.0390625, 0.169921875, -0.1826171875, 0.09423828125, 0.005615234375, -0.01507568359375, 0.0634765625, -0.1826171875] 5 2 0
 [0.1748046875, 0.01068115234375, -0.045654296875, 0.07470703125, -0.0390625, 0.169921875, -0.1826171875, 0.09423828125, 0.005615234375, -0.01507568359375, 0.0634765625, -0.1826171875] 7 2 0
 [0.1748046875, 0.01068115234375, -0.045654296875, 0.07470703125, -0.0390625, 0.169921875, -0.1826171875, 0.09423828125, 0.005615234375, -0.01507568359375, 0.0634765625, -0.1826171875] 7 2 0
 [0.1748046875, 0.01068115234375, -0.045654296875, 0.07470703125, -0.0390625, 0.169921875, -0.1826171875, 0.09423828125, 0.005615234375, -0.01507568359375, 0.0634765625, -0.1826171875] 7 2 0
 [0.1748046875, 0.01068115234375, -0.045654296875, 0.07470703125, -0.0390625, 0.169921875, -0.1826171875, 0.09423828125, 0.005615234375, -0.01507568359375, 0.0634765625, -0.1826171875] 7 2 0
 [0.1748046875, 0.01068115234375, -0.045654296875, 0.07470703125, -0.0390625, 0.169921875, -0.1826171875, 0.09423828125, 0.005615234375, -0.01507568359375, 0.0634765625, -0.1826171875] 7 2 0
 [0.1748046875, 0.01068115234375, -0.045654296875, 0.07470703125, -0.0390625, 0.169921875, -0.1826171875, 0.09423828125, 0.005615234375, -0.01507568359375, 0.0634765625, -0.1826171875] 7 2 0
 [0.1748046875, 0.01068115234375, -0.045654296875, 0.07470703125, -0.0390625, 0.169921875, -0.1826171875, 0.09423828125, 0.005615234375, -0.01507568359375, 0.0634765625, -0.1826171875] 7 2 0
 [0.1748046875, 0.01068115234375, -0.045654296875, 0.07470703125, -0.0390625, 0.169921875, -0.1826171875, 0.09423828125, 0.005615234375, -0.01507568359375, 0.0634765625, -0.1826171875] 7 2 0
 [0.1748046875, 0.01068115234375, -0.045654296875, 0.07470703125, -0.0390625, 0.169921875, -0.1826171875, 0.09423828125, 0.005615234375, -0.01507568359375, 0.0634765625, -0.1826171875] 7 2 0
 [0.1748046875, 0.01068115234375, -0.045654296875, 0.07470703125, -0.0390625, 0.169921875, -0.1826171875, 0.09423828125, 0.005615234375, -0.01507568359375, 0.0634765625, -0.1826171875] 7 2 0
 [0.1748046875, 0.01068115234375, -0.045654296875, 0.07470703125, -0.0390625, 0.169921875, -0.1826171875, 0.09423828125, 0.005615234375, -0.01507568359375, 0.0634765625, -0.1826171875] 7 2 0
 [0.1748046875, 0.01068115234375, -0.045654296875, 0.07470703125, -0.0390625, 0.169921875, -0.1826171875, 0.09423828125, 0.005615234375, -0.01507568359375, 0.0634765625, -0.1826171875] 7 2 0
 [0.1748046875, 0.01068115234375, -0.045654296875, 0.07470703125, -0.0390625, 0.169921875, -0.1826171875, 0.09423828125, 0.005615234375, -0.01507568359375, 0.0634765625, -0.1826171875] 7 2 0
 [0.1748046875, 0.01068115234375, -0.045654296875, 0.07470703125, -0.0390625, 0.169921875, -0.1826171875, 0.09423828125, 0.005615234375, -0.01507568359375, 0.0634765625, -0.1826171875] 7 2 0
 [0.1748046875, 0.01068115234375, -0.045654296875, 0.07470703125, -0.0390625, 0.169921875, -0.1826171875, 0.09423828125, 0.005615234375, -0.01507568359375, 0.0634765625, -0.1826171875] 7 2 0
 [0.1748046875, 0.01068115234375, -0.045654296875, 0.07470703125, -0.0390625, 0.169921875, -0.1826171875, 0.09423828125, 0.005615234375, -0.01507568359375, 0.0634765625, -0.1826171875] 7 2 0
 [0.1748046875, 0.01068115234375, -0.045654296875, 0.07470703125, -0.0390625, 0.169921875, -0.1826171875, 0.09423828125, 0.005615234375, -0.01507568359375, 0.0634765625, -0.1826171875] 7 2 0
 [0.1748046875, 0.01068115234375, -0.045654296875, 0.07470703125, -0.0390625, 0.169921875, -0.1826171875, 0.09423828125, 0.005615234375, -0.01507568359375, 0.0634765625, -0.1826171875] 7 2 0
 [0.1748046875, 0.01068115234375, -0.045654296875, 0.07470703125, -0.0390625, 0.169921875, -0.1826171875, 0.09423828125, 0.005615234375, -0.01507568359375, 0.0634765625, -0.1826171875] 7 2 0
 [0.1748046875, 0.01068115234375, -0.045654296875, 0.07470703125, -0.0390625, 0.169921875, -0.1826171875, 0.09423828125, 0.005615234375, -0.01507568359375, 0.0634765625, -0.1826171875] 7 2 0
 [0.1748046875, 0.01068115234375, -0.045654296875, 0.07470703125, -0.0390625, 0.169921875, -0.1826171875, 0.09423828125, 0.005615234375, -0.01507568359375, 0.0634765625, -0.1826171875] 7 2 0
 [0.1748046875, 0.01068115234375, -0.045654296875, 0.07470703125, -0.0390625, 0.169921875, -0.1826171875, 0.09423828125, 0.005615234375, -0.01507568359375, 0.0634765625, -0.1826171875] 7 2 0
 [0.1748046875, 0.01068115234375, -0.045654296875, 0.07470703125, -0.0390625, 0.169921875, -0.1826171875, 0.09423828125, 0.005615234375, -0.01507568359375, 0.0634765625, -0.1826171875] 7 2 0
 [0.1748046875, 0.01068115234375, -0.045654296875, 0.07470703125, -0.0390625, 0.169921875, -0.1826171875, 0.09423828125, 0.005615234375, -0.01507568359375, 0.0634765625, -0.1826171875] 7 2 0
 [0.1748046875, 0.01068115234375, -0.045654296875, 0.07470703125, -0.0390625, 0.169921875, -0.1826171875, 0.09423828125, 0.005615234375, -0.01507568359375, 0.0634765625, -0.1826171875] 7 2 0
 [0.1748046875, 0.01068115234375, -0.045654296875, 0.07470703125, -0.0390625, 0.169921875, -0.1826171875, 0.09423828125, 0.005615234375, -0.01507568359375, 0.0634765625, -0.1826171875] 7 2 0
 [0.1748046875, 0.01068115234375, -0.045654296875, 0.07470703125, -0.0390625, 0.169921875, -0.1826171875, 0.09423828125, 0.005615234375, -0.01507568359375, 0.0634765625, -0.1826171875] 7 2 0
 [0.1748046875, 0.01068115234375, -0.045654296875, 0.07470703125, -0.0390625, 0.169921875, -0.1826171875, 0.09423828125, 0.005615234375, -0.01507568359375, 0.0634765625, -0.1826171875] 7 2 0
 [0.1748046875, 0.01068115234375, -0.045654296875, 0.07470703125, -0.0390625, 0.169921875, -0.1826171875, 0.09423828125, 0.005615234375, -0.01507568359375, 0.0634765625, -0.1826171875] 7 2 0
 [0.1748046875, 0.01068115234375, -0.045654296875, 0.07470703125, -0.0390625, 0.169921875, -0.1826171875, 0.09423828125, 0.005615234375, -0.01507568359375, 0.0634765625, -0.1826171875] 7 2 0
 [0.1748046875, 0.01068115234375, -0.045654296875, 0.07470703125, -0.0390625, 0.169921875, -0.1826171875, 0.09423828125, 0.005615234375, -0.01507568359375, 0.0634765625, -0.1826171875] 8 2 0
 [0.1748046875, 0.01068115234375, -0.045654296875, 0.07470703125, -0.0390625, 0.169921875, -0.1826171875, 0.09423828125, 0.005615234375, -0.01507568359375, 0.0634765625, -0.1826171875] 8 2 0
 [0.1748046875, 0.01068115234375, -0.045654296875, 0.07470703125, -0.0390625, 0.169921875, -0.1826171875, 0.09423828125, 0.005615234375, -0.01507568359375, 0.0634765625, -0.1826171875] 8 2 0
 [0.1748046875, 0.01068115234375, -0.045654296875, 0.07470703125, -0.0390625, 0.169921875, -0.1826171875, 0.09423828125, 0.005615234375, -0.01507568359375, 0.0634765625, -0.1826171875] 8 2 0
 [0.1748046875, 0.01068115234375, -0.045654296875, 0.07470703125, -0.0390625, 0.169921875, -0.1826171875, 0.09423828125, 0.005615234375, -0.01507568359375, 0.0634765625, -0.1826171875] 8 2 0
 [0.1748046875, 0.01068115234375, -0.045654296875, 0.07470703125, -0.0390625, 0.169921875, -0.1826171875, 0.09423828125, 0.005615234375, -0.01507568359375, 0.0634765625, -0.1826171875] 8 2 0
 [0.1748046875, 0.01068115234375, -0.045654296875, 0.07470703125, -0.0390625, 0.169921875, -0.1826171875, 0.09423828125, 0.005615234375, -0.01507568359375, 0.0634765625, -0.1826171875] 8 2 0
 [0.1748046875, 0.01068115234375, -0.045654296875, 0.07470703125, -0.0390625, 0.169921875, -0.1826171875, 0.09423828125, 0.005615234375, -0.01507568359375, 0.0634765625, -0.1826171875] 8 2 0
 [0.1748046875, 0.01068115234375, -0.045654296875, 0.07470703125, -0.0390625, 0.169921875, -0.1826171875, 0.09423828125, 0.005615234375, -0.01507568359375, 0.0634765625, -0.1826171875] 8 2 0
 [0.1748046875, 0.01068115234375, -0.045654296875, 0.07470703125, -0.0390625, 0.169921875, -0.1826171875, 0.09423828125, 0.005615234375, -0.01507568359375, 0.0634765625, -0.1826171875] 8 2 0
 [0.1748046875, 0.01068115234375, -0.045654296875, 0.07470703125, -0.0390625, 0.169921875, -0.1826171875, 0.09423828125, 0.005615234375, -0.01507568359375, 0.0634765625, -0.1826171875] 8 2 0
 [0.1748046875, 0.01068115234375, -0.045654296875, 0.07470703125, -0.0390625, 0.169921875, -0.1826171875, 0.09423828125, 0.005615234375, -0.01507568359375, 0.0634765625, -0.1826171875] 8 2 0
 [0.1748046875, 0.01068115234375, -0.045654296875, 0.07470703125, -0.0390625, 0.169921875, -0.1826171875, 0.09423828125, 0.005615234375, -0.01507568359375, 0.0634765625, -0.1826171875] 8 2 0
 [0.1748046875, 0.01068115234375, -0.045654296875, 0.07470703125, -0.0390625, 0.169921875, -0.1826171875, 0.09423828125, 0.005615234375, -0.01507568359375, 0.0634765625, -0.1826171875] 8 2 0
 [0.1748046875, 0.01068115234375, -0.045654296875, 0.07470703125, -0.0390625, 0.169921875, -0.1826171875, 0.09423828125, 0.005615234375, -0.01507568359375, 0.0634765625, -0.1826171875] 8 2 0
 [0.1748046875, 0.01068115234375, -0.045654296875, 0.07470703125, -0.0390625, 0.169921875, -0.1826171875, 0.09423828125, 0.005615234375, -0.01507568359375, 0.0634765625, -0.1826171875] 8 2 0
 [0.1748046875, 0.01068115234375, -0.045654296875, 0.07470703125, -0.0390625, 0.169921875, -0.1826171875, 0.09423828125, 0.005615234375, -0.01507568359375, 0.0634765625, -0.1826171875] 8 2 0
 [0.1748046875, 0.01068115234375, -0.045654296875, 0.07470703125, -0.0390625, 0.169921875, -0.1826171875, 0.09423828125, 0.005615234375, -0.01507568359375, 0.0634765625, -0.1826171875] 8 2 0
 [0.1748046875, 0.01068115234375, -0.045654296875, 0.07470703125, -0.0390625, 0.169921875, -0.1826171875, 0.09423828125, 0.005615234375, -0.01507568359375, 0.0634765625, -0.1826171875] 8 2 0
 [0.1748046875, 0.01068115234375, -0.045654296875, 0.07470703125, -0.0390625, 0.169921875, -0.1826171875, 0.09423828125, 0.005615234375, -0.01507568359375, 0.0634765625, -0.1826171875] 8 2 0
 [0.1748046875, 0.01068115234375, -0.045654296875, 0.07470703125, -0.0390625, 0.169921875, -0.1826171875, 0.09423828125, 0.005615234375, -0.01507568359375, 0.0634765625, -0.1826171875] 8 2 0
 [0.1748046875, 0.01068115234375, -0.045654296875, 0.07470703125, -0.0390625, 0.169921875, -0.1826171875, 0.09423828125, 0.005615234375, -0.01507568359375, 0.0634765625, -0.1826171875] 8 2 0
 [0.1748046875, 0.01068115234375, -0.045654296875, 0.07470703125, -0.0390625, 0.169921875, -0.1826171875, 0.09423828125, 0.005615234375, -0.01507568359375, 0.0634765625, -0.1826171875] 8 2 0
 [0.1748046875, 0.01068115234375, -0.045654296875, 0.07470703125, -0.0390625, 0.169921875, -0.1826171875, 0.09423828125, 0.005615234375, -0.01507568359375, 0.0634765625, -0.1826171875] 8 2 0
 [0.1748046875, 0.01068115234375, -0.045654296875, 0.07470703125, -0.0390625, 0.169921875, -0.1826171875, 0.09423828125, 0.005615234375, -0.01507568359375, 0.0634765625, -0.1826171875] 8 2 0
 [0.1748046875, 0.01068115234375, -0.045654296875, 0.07470703125, -0.0390625, 0.169921875, -0.1826171875, 0.09423828125, 0.005615234375, -0.01507568359375, 0.0634765625, -0.1826171875] 8 2 0
 [0.1748046875, 0.01068115234375, -0.045654296875, 0.07470703125, -0.0390625, 0.169921875, -0.1826171875, 0.09423828125, 0.005615234375, -0.01507568359375, 0.0634765625, -0.1826171875] 8 2 0
 [0.1748046875, 0.01068115234375, -0.045654296875, 0.07470703125, -0.0390625, 0.169921875, -0.1826171875, 0.09423828125, 0.005615234375, -0.01507568359375, 0.0634765625, -0.1826171875] 8 2 0
 [0.1748046875, 0.01068115234375, -0.045654296875, 0.07470703125, -0.0390625, 0.169921875, -0.1826171875, 0.09423828125, 0.005615234375, -0.01507568359375, 0.0634765625, -0.1826171875] 8 2 0
 [0.1748046875, 0.01068115234375, -0.045654296875, 0.07470703125, -0.0390625, 0.169921875, -0.1826171875, 0.09423828125, 0.005615234375, -0.01507568359375, 0.0634765625, -0.1826171875] 10 2 0
 [0.1748046875, 0.01068115234375, -0.045654296875, 0.07470703125, -0.0390625, 0.169921875, -0.1826171875, 0.09423828125, 0.005615234375, -0.01507568359375, 0.0634765625, -0.1826171875] 10 2 0
 [0.1748046875, 0.01068115234375, -0.045654296875, 0.07470703125, -0.0390625, 0.169921875, -0.1826171875, 0.09423828125, 0.005615234375, -0.01507568359375, 0.0634765625, -0.1826171875] 10 2 0
 [0.1748046875, 0.01068115234375, -0.045654296875, 0.07470703125, -0.0390625, 0.169921875, -0.1826171875, 0.09423828125, 0.005615234375, -0.01507568359375, 0.0634765625, -0.1826171875] 10 2 0
 [0.1748046875, 0.01068115234375, -0.045654296875, 0.07470703125, -0.0390625, 0.169921875, -0.1826171875, 0.09423828125, 0.005615234375, -0.01507568359375, 0.0634765625, -0.1826171875] 10 2 0
 [0.1748046875, 0.01068115234375, -0.045654296875, 0.07470703125, -0.0390625, 0.169921875, -0.1826171875, 0.09423828125, 0.005615234375, -0.01507568359375, 0.0634765625, -0.1826171875] 10 2 0
 [0.1748046875, 0.01068115234375, -0.045654296875, 0.07470703125, -0.0390625, 0.169921875, -0.1826171875, 0.09423828125, 0.005615234375, -0.01507568359375, 0.0634765625, -0.1826171875] 10 2 0
 [0.1748046875, 0.01068115234375, -0.045654296875, 0.07470703125, -0.0390625, 0.169921875, -0.1826171875, 0.09423828125, 0.005615234375, -0.01507568359375, 0.0634765625, -0.1826171875] 10 2 0
 [0.1748046875, 0.01068115234375, -0.045654296875, 0.07470703125, -0.0390625, 0.169921875, -0.1826171875, 0.09423828125, 0.005615234375, -0.01507568359375, 0.0634765625, -0.1826171875] 10 2 0
 [0.1748046875, 0.01068115234375, -0.045654296875, 0.07470703125, -0.0390625, 0.169921875, -0.1826171875, 0.09423828125, 0.005615234375, -0.01507568359375, 0.0634765625, -0.1826171875] 10 2 0
 [0.1748046875, 0.01068115234375, -0.045654296875, 0.07470703125, -0.0390625, 0.169921875, -0.1826171875, 0.09423828125, 0.005615234375, -0.01507568359375, 0.0634765625, -0.1826171875] 10 2 0
 [0.1748046875, 0.01068115234375, -0.045654296875, 0.07470703125, -0.0390625, 0.169921875, -0.1826171875, 0.09423828125, 0.005615234375, -0.01507568359375, 0.0634765625, -0.1826171875] 10 2 0
 [0.1748046875, 0.01068115234375, -0.045654296875, 0.07470703125, -0.0390625, 0.169921875, -0.1826171875, 0.09423828125, 0.005615234375, -0.01507568359375, 0.0634765625, -0.1826171875] 10 2 0
 [0.1748046875, 0.01068115234375, -0.045654296875, 0.07470703125, -0.0390625, 0.169921875, -0.1826171875, 0.09423828125, 0.005615234375, -0.01507568359375, 0.0634765625, -0.1826171875] 10 2 0
 [0.1748046875, 0.01068115234375, -0.045654296875, 0.07470703125, -0.0390625, 0.169921875, -0.1826171875, 0.09423828125, 0.005615234375, -0.01507568359375, 0.0634765625, -0.1826171875] 10 2 0
 [0.1748046875, 0.01068115234375, -0.045654296875, 0.07470703125, -0.0390625, 0.169921875, -0.1826171875, 0.09423828125, 0.005615234375, -0.01507568359375, 0.0634765625, -0.1826171875] 10 2 0
 [0.1748046875, 0.01068115234375, -0.045654296875, 0.07470703125, -0.0390625, 0.169921875, -0.1826171875, 0.09423828125, 0.005615234375, -0.01507568359375, 0.0634765625, -0.1826171875] 10 2 0
 [0.1748046875, 0.01068115234375, -0.045654296875, 0.07470703125, -0.0390625, 0.169921875, -0.1826171875, 0.09423828125, 0.005615234375, -0.01507568359375, 0.0634765625, -0.1826171875] 10 2 0
 [0.1748046875, 0.01068115234375, -0.045654296875, 0.07470703125, -0.0390625, 0.169921875, -0.1826171875, 0.09423828125, 0.005615234375, -0.01507568359375, 0.0634765625, -0.1826171875] 10 2 0
 [0.1748046875, 0.01068115234375, -0.045654296875, 0.07470703125, -0.0390625, 0.169921875, -0.1826171875, 0.09423828125, 0.005615234375, -0.01507568359375, 0.0634765625, -0.1826171875] 10 2 0
 [0.1748046875, 0.01068115234375, -0.045654296875, 0.07470703125, -0.0390625, 0.169921875, -0.1826171875, 0.09423828125, 0.005615234375, -0.01507568359375, 0.0634765625, -0.1826171875] 10 2 0
 [0.1748046875, 0.01068115234375, -0.045654296875, 0.07470703125, -0.0390625, 0.169921875, -0.1826171875, 0.09423828125, 0.005615234375, -0.01507568359375, 0.0634765625, -0.1826171875] 10 2 0
 [0.1748046875, 0.01068115234375, -0.045654296875, 0.07470703125, -0.0390625, 0.169921875, -0.1826171875, 0.09423828125, 0.005615234375, -0.01507568359375, 0.0634765625, -0.1826171875] 10 2 0
 [0.1748046875, 0.01068115234375, -0.045654296875, 0.07470703125, -0.0390625, 0.169921875, -0.1826171875, 0.09423828125, 0.005615234375, -0.01507568359375, 0.0634765625, -0.1826171875] 10 2 0
 [0.1748046875, 0.01068115234375, -0.045654296875, 0.07470703125, -0.0390625, 0.169921875, -0.1826171875, 0.09423828125, 0.005615234375, -0.01507568359375, 0.0634765625, -0.1826171875] 10 2 0
 [0.1748046875, 0.01068115234375, -0.045654296875, 0.07470703125, -0.0390625, 0.169921875, -0.1826171875, 0.09423828125, 0.005615234375, -0.01507568359375, 0.0634765625, -0.1826171875] 10 2 0
 [0.1748046875, 0.01068115234375, -0.045654296875, 0.07470703125, -0.0390625, 0.169921875, -0.1826171875, 0.09423828125, 0.005615234375, -0.01507568359375, 0.0634765625, -0.1826171875] 10 2 0
 [0.1748046875, 0.01068115234375, -0.045654296875, 0.07470703125, -0.0390625, 0.169921875, -0.1826171875, 0.09423828125, 0.005615234375, -0.01507568359375, 0.0634765625, -0.1826171875] 10 2 0
 [0.1748046875, 0.01068115234375, -0.045654296875, 0.07470703125, -0.0390625, 0.169921875, -0.1826171875, 0.09423828125, 0.005615234375, -0.01507568359375, 0.0634765625, -0.1826171875] 10 2 0
 [0.1748046875, 0.01068115234375, -0.045654296875, 0.07470703125, -0.0390625, 0.169921875, -0.1826171875, 0.09423828125, 0.005615234375, -0.01507568359375, 0.0634765625, -0.1826171875] 10 2 0
 [0.1748046875, 0.01068115234375, -0.045654296875, 0.07470703125, -0.0390625, 0.169921875, -0.1826171875, 0.09423828125, 0.005615234375, -0.01507568359375, 0.0634765625, -0.1826171875] 10 2 0
 [0.1748046875, 0.01068115234375, -0.045654296875, 0.07470703125, -0.0390625, 0.169921875, -0.1826171875, 0.09423828125, 0.005615234375, -0.01507568359375, 0.0634765625, -0.1826171875] 10 2 0
 [0.1748046875, 0.01068115234375, -0.045654296875, 0.07470703125, -0.0390625, 0.169921875, -0.1826171875, 0.09423828125, 0.005615234375, -0.01507568359375, 0.0634765625, -0.1826171875] 10 2 0
 [0.1748046875, 0.01068115234375, -0.045654296875, 0.07470703125, -0.0390625, 0.169921875, -0.1826171875, 0.09423828125, 0.005615234375, -0.01507568359375, 0.0634765625, -0.1826171875] 10 2 0
 [0.1748046875, 0.01068115234375, -0.045654296875, 0.07470703125, -0.0390625, 0.169921875, -0.1826171875, 0.09423828125, 0.005615234375, -0.01507568359375, 0.0634765625, -0.1826171875] 11 2 0
 [0.1748046875, 0.01068115234375, -0.045654296875, 0.07470703125, -0.0390625, 0.169921875, -0.1826171875, 0.09423828125, 0.005615234375, -0.01507568359375, 0.0634765625, -0.1826171875] 11 2 0
 [0.1748046875, 0.01068115234375, -0.045654296875, 0.07470703125, -0.0390625, 0.169921875, -0.1826171875, 0.09423828125, 0.005615234375, -0.01507568359375, 0.0634765625, -0.1826171875] 11 2 0
 [0.1748046875, 0.01068115234375, -0.045654296875, 0.07470703125, -0.0390625, 0.169921875, -0.1826171875, 0.09423828125, 0.005615234375, -0.01507568359375, 0.0634765625, -0.1826171875] 11 2 0
 [0.1748046875, 0.01068115234375, -0.045654296875, 0.07470703125, -0.0390625, 0.169921875, -0.1826171875, 0.09423828125, 0.005615234375, -0.01507568359375, 0.0634765625, -0.1826171875] 11 2 0
 [0.1748046875, 0.01068115234375, -0.045654296875, 0.07470703125, -0.0390625, 0.169921875, -0.1826171875, 0.09423828125, 0.005615234375, -0.01507568359375, 0.0634765625, -0.1826171875] 11 2 0
 [0.1748046875, 0.01068115234375, -0.045654296875, 0.07470703125, -0.0390625, 0.169921875, -0.1826171875, 0.09423828125, 0.005615234375, -0.01507568359375, 0.0634765625, -0.1826171875] 11 2 0
 [0.1748046875, 0.01068115234375, -0.045654296875, 0.07470703125, -0.0390625, 0.169921875, -0.1826171875, 0.09423828125, 0.005615234375, -0.01507568359375, 0.0634765625, -0.1826171875] 11 2 0
 [0.1748046875, 0.01068115234375, -0.045654296875, 0.07470703125, -0.0390625, 0.169921875, -0.1826171875, 0.09423828125, 0.005615234375, -0.01507568359375, 0.0634765625, -0.1826171875] 11 2 0
 [0.1748046875, 0.01068115234375, -0.045654296875, 0.07470703125, -0.0390625, 0.169921875, -0.1826171875, 0.09423828125, 0.005615234375, -0.01507568359375, 0.0634765625, -0.1826171875] 11 2 0
 [0.1748046875, 0.01068115234375, -0.045654296875, 0.07470703125, -0.0390625, 0.169921875, -0.1826171875, 0.09423828125, 0.005615234375, -0.01507568359375, 0.0634765625, -0.1826171875] 11 2 0
 [0.1748046875, 0.01068115234375, -0.045654296875, 0.07470703125, -0.0390625, 0.169921875, -0.1826171875, 0.09423828125, 0.005615234375, -0.01507568359375, 0.0634765625, -0.1826171875] 11 2 0
 [0.1748046875, 0.01068115234375, -0.045654296875, 0.07470703125, -0.0390625, 0.169921875, -0.1826171875, 0.09423828125, 0.005615234375, -0.01507568359375, 0.0634765625, -0.1826171875] 11 2 0
 [0.1748046875, 0.01068115234375, -0.045654296875, 0.07470703125, -0.0390625, 0.169921875, -0.1826171875, 0.09423828125, 0.005615234375, -0.01507568359375, 0.0634765625, -0.1826171875] 11 2 0
 [0.1748046875, 0.01068115234375, -0.045654296875, 0.07470703125, -0.0390625, 0.169921875, -0.1826171875, 0.09423828125, 0.005615234375, -0.01507568359375, 0.0634765625, -0.1826171875] 11 2 0
 [0.1748046875, 0.01068115234375, -0.045654296875, 0.07470703125, -0.0390625, 0.169921875, -0.1826171875, 0.09423828125, 0.005615234375, -0.01507568359375, 0.0634765625, -0.1826171875] 11 2 0
 [0.1748046875, 0.01068115234375, -0.045654296875, 0.07470703125, -0.0390625, 0.169921875, -0.1826171875, 0.09423828125, 0.005615234375, -0.01507568359375, 0.0634765625, -0.1826171875] 11 2 0
 [0.1748046875, 0.01068115234375, -0.045654296875, 0.07470703125, -0.0390625, 0.169921875, -0.1826171875, 0.09423828125, 0.005615234375, -0.01507568359375, 0.0634765625, -0.1826171875] 11 2 0
 [0.1748046875, 0.01068115234375, -0.045654296875, 0.07470703125, -0.0390625, 0.169921875, -0.1826171875, 0.09423828125, 0.005615234375, -0.01507568359375, 0.0634765625, -0.1826171875] 11 2 0
 [0.1748046875, 0.01068115234375, -0.045654296875, 0.07470703125, -0.0390625, 0.169921875, -0.1826171875, 0.09423828125, 0.005615234375, -0.01507568359375, 0.0634765625, -0.1826171875] 11 2 0
 [0.1748046875, 0.01068115234375, -0.045654296875, 0.07470703125, -0.0390625, 0.169921875, -0.1826171875, 0.09423828125, 0.005615234375, -0.01507568359375, 0.0634765625, -0.1826171875] 11 2 0
 [0.1748046875, 0.01068115234375, -0.045654296875, 0.07470703125, -0.0390625, 0.169921875, -0.1826171875, 0.09423828125, 0.005615234375, -0.01507568359375, 0.0634765625, -0.1826171875] 11 2 0
 [0.1748046875, 0.01068115234375, -0.045654296875, 0.07470703125, -0.0390625, 0.169921875, -0.1826171875, 0.09423828125, 0.005615234375, -0.01507568359375, 0.0634765625, -0.1826171875] 11 2 0
 [0.1748046875, 0.01068115234375, -0.045654296875, 0.07470703125, -0.0390625, 0.169921875, -0.1826171875, 0.09423828125, 0.005615234375, -0.01507568359375, 0.0634765625, -0.1826171875] 11 2 0
 [0.1748046875, 0.01068115234375, -0.045654296875, 0.07470703125, -0.0390625, 0.169921875, -0.1826171875, 0.09423828125, 0.005615234375, -0.01507568359375, 0.0634765625, -0.1826171875] 11 2 0
 [0.1748046875, 0.01068115234375, -0.045654296875, 0.07470703125, -0.0390625, 0.169921875, -0.1826171875, 0.09423828125, 0.005615234375, -0.01507568359375, 0.0634765625, -0.1826171875] 11 2 0
 [0.1748046875, 0.01068115234375, -0.045654296875, 0.07470703125, -0.0390625, 0.169921875, -0.1826171875, 0.09423828125, 0.005615234375, -0.01507568359375, 0.0634765625, -0.1826171875] 11 2 0
 [0.1748046875, 0.01068115234375, -0.045654296875, 0.07470703125, -0.0390625, 0.169921875, -0.1826171875, 0.09423828125, 0.005615234375, -0.01507568359375, 0.0634765625, -0.1826171875] 11 2 0
 [0.1748046875, 0.01068115234375, -0.045654296875, 0.07470703125, -0.0390625, 0.169921875, -0.1826171875, 0.09423828125, 0.005615234375, -0.01507568359375, 0.0634765625, -0.1826171875] 11 2 0
 [0.1748046875, 0.01068115234375, -0.045654296875, 0.07470703125, -0.0390625, 0.169921875, -0.1826171875, 0.09423828125, 0.005615234375, -0.01507568359375, 0.0634765625, -0.1826171875] 11 2 0
 [0.1748046875, 0.01068115234375, -0.045654296875, 0.07470703125, -0.0390625, 0.169921875, -0.1826171875, 0.09423828125, 0.005615234375, -0.01507568359375, 0.0634765625, -0.1826171875] 11 2 0
 [0.1748046875, 0.01068115234375, -0.045654296875, 0.07470703125, -0.0390625, 0.169921875, -0.1826171875, 0.09423828125, 0.005615234375, -0.01507568359375, 0.0634765625, -0.1826171875] 11 2 0
 [0.1748046875, 0.01068115234375, -0.045654296875, 0.07470703125, -0.0390625, 0.169921875, -0.1826171875, 0.09423828125, 0.005615234375, -0.01507568359375, 0.0634765625, -0.1826171875] 10 2 0
 [0.1748046875, 0.01068115234375, -0.045654296875, 0.07470703125, -0.0390625, 0.169921875, -0.1826171875, 0.09423828125, 0.005615234375, -0.01507568359375, 0.0634765625, -0.1826171875] 0 2 1
 [0.1748046875, 0.01068115234375, -0.045654296875, 0.07470703125, -0.0390625, 0.169921875, -0.1826171875, 0.09423828125, 0.005615234375, -0.01507568359375, 0.0634765625, -0.1826171875] 0 2 1
 [0.1748046875, 0.01068115234375, -0.045654296875, 0.07470703125, -0.0390625, 0.169921875, -0.1826171875, 0.09423828125, 0.005615234375, -0.01507568359375, 0.0634765625, -0.1826171875] 0 2 1
 [0.1748046875, 0.01068115234375, -0.045654296875, 0.07470703125, -0.0390625, 0.169921875, -0.1826171875, 0.09423828125, 0.005615234375, -0.01507568359375, 0.0634765625, -0.1826171875] 0 2 1
 [0.1748046875, 0.01068115234375, -0.045654296875, 0.07470703125, -0.0390625, 0.169921875, -0.1826171875, 0.09423828125, 0.005615234375, -0.01507568359375, 0.0634765625, -0.1826171875] 0 2 1
 [0.1748046875, 0.01068115234375, -0.045654296875, 0.07470703125, -0.0390625, 0.169921875, -0.1826171875, 0.09423828125, 0.005615234375, -0.01507568359375, 0.0634765625, -0.1826171875] 0 2 1
 [0.1748046875, 0.01068115234375, -0.045654296875, 0.07470703125, -0.0390625, 0.169921875, -0.1826171875, 0.09423828125, 0.005615234375, -0.01507568359375, 0.0634765625, -0.1826171875] 0 2 1
 [0.1748046875, 0.01068115234375, -0.045654296875, 0.07470703125, -0.0390625, 0.169921875, -0.1826171875, 0.09423828125, 0.005615234375, -0.01507568359375, 0.0634765625, -0.1826171875] 0 2 1
 [0.1748046875, 0.01068115234375, -0.045654296875, 0.07470703125, -0.0390625, 0.169921875, -0.1826171875, 0.09423828125, 0.005615234375, -0.01507568359375, 0.0634765625, -0.1826171875] 0 2 1
 [0.1748046875, 0.01068115234375, -0.045654296875, 0.07470703125, -0.0390625, 0.169921875, -0.1826171875, 0.09423828125, 0.005615234375, -0.01507568359375, 0.0634765625, -0.1826171875] 0 2 1
 [0.1748046875, 0.01068115234375, -0.045654296875, 0.07470703125, -0.0390625, 0.169921875, -0.1826171875, 0.09423828125, 0.005615234375, -0.01507568359375, 0.0634765625, -0.1826171875] 0 2 1
 [0.1748046875, 0.01068115234375, -0.045654296875, 0.07470703125, -0.0390625, 0.169921875, -0.1826171875, 0.09423828125, 0.005615234375, -0.01507568359375, 0.0634765625, -0.1826171875] 0 2 1
 [0.1748046875, 0.01068115234375, -0.045654296875, 0.07470703125, -0.0390625, 0.169921875, -0.1826171875, 0.09423828125, 0.005615234375, -0.01507568359375, 0.0634765625, -0.1826171875] 0 2 1
 [0.1748046875, 0.01068115234375, -0.045654296875, 0.07470703125, -0.0390625, 0.169921875, -0.1826171875, 0.09423828125, 0.005615234375, -0.01507568359375, 0.0634765625, -0.1826171875] 0 2 1
 [0.1748046875, 0.01068115234375, -0.045654296875, 0.07470703125, -0.0390625, 0.169921875, -0.1826171875, 0.09423828125, 0.005615234375, -0.01507568359375, 0.0634765625, -0.1826171875] 0 2 1
 [0.1748046875, 0.01068115234375, -0.045654296875, 0.07470703125, -0.0390625, 0.169921875, -0.1826171875, 0.09423828125, 0.005615234375, -0.01507568359375, 0.0634765625, -0.1826171875] 0 2 1
 [0.1748046875, 0.01068115234375, -0.045654296875, 0.07470703125, -0.0390625, 0.169921875, -0.1826171875, 0.09423828125, 0.005615234375, -0.01507568359375, 0.0634765625, -0.1826171875] 0 2 1
 [0.1748046875, 0.01068115234375, -0.045654296875, 0.07470703125, -0.0390625, 0.169921875, -0.1826171875, 0.09423828125, 0.005615234375, -0.01507568359375, 0.0634765625, -0.1826171875] 0 2 1
 [0.1748046875, 0.01068115234375, -0.045654296875, 0.07470703125, -0.0390625, 0.169921875, -0.1826171875, 0.09423828125, 0.005615234375, -0.01507568359375, 0.0634765625, -0.1826171875] 0 2 1
 [0.1748046875, 0.01068115234375, -0.045654296875, 0.07470703125, -0.0390625, 0.169921875, -0.1826171875, 0.09423828125, 0.005615234375, -0.01507568359375, 0.0634765625, -0.1826171875] 0 2 1
 [0.1748046875, 0.01068115234375, -0.045654296875, 0.07470703125, -0.0390625, 0.169921875, -0.1826171875, 0.09423828125, 0.005615234375, -0.01507568359375, 0.0634765625, -0.1826171875] 0 2 1
 [0.1748046875, 0.01068115234375, -0.045654296875, 0.07470703125, -0.0390625, 0.169921875, -0.1826171875, 0.09423828125, 0.005615234375, -0.01507568359375, 0.0634765625, -0.1826171875] 0 2 1
 [0.1748046875, 0.01068115234375, -0.045654296875, 0.07470703125, -0.0390625, 0.169921875, -0.1826171875, 0.09423828125, 0.005615234375, -0.01507568359375, 0.0634765625, -0.1826171875] 0 2 1
 [0.1748046875, 0.01068115234375, -0.045654296875, 0.07470703125, -0.0390625, 0.169921875, -0.1826171875, 0.09423828125, 0.005615234375, -0.01507568359375, 0.0634765625, -0.1826171875] 0 2 1
 [0.1748046875, 0.01068115234375, -0.045654296875, 0.07470703125, -0.0390625, 0.169921875, -0.1826171875, 0.09423828125, 0.005615234375, -0.01507568359375, 0.0634765625, -0.1826171875] 0 2 1
 [0.1748046875, 0.01068115234375, -0.045654296875, 0.07470703125, -0.0390625, 0.169921875, -0.1826171875, 0.09423828125, 0.005615234375, -0.01507568359375, 0.0634765625, -0.1826171875] 0 2 1
 [0.1748046875, 0.01068115234375, -0.045654296875, 0.07470703125, -0.0390625, 0.169921875, -0.1826171875, 0.09423828125, 0.005615234375, -0.01507568359375, 0.0634765625, -0.1826171875] 0 2 1
 [0.1748046875, 0.01068115234375, -0.045654296875, 0.07470703125, -0.0390625, 0.169921875, -0.1826171875, 0.09423828125, 0.005615234375, -0.01507568359375, 0.0634765625, -0.1826171875] 0 2 1
 [0.1748046875, 0.01068115234375, -0.045654296875, 0.07470703125, -0.0390625, 0.169921875, -0.1826171875, 0.09423828125, 0.005615234375, -0.01507568359375, 0.0634765625, -0.1826171875] 0 2 1
 [0.1748046875, 0.01068115234375, -0.045654296875, 0.07470703125, -0.0390625, 0.169921875, -0.1826171875, 0.09423828125, 0.005615234375, -0.01507568359375, 0.0634765625, -0.1826171875] 0 2 1
 [0.1748046875, 0.01068115234375, -0.045654296875, 0.07470703125, -0.0390625, 0.169921875, -0.1826171875, 0.09423828125, 0.005615234375, -0.01507568359375, 0.0634765625, -0.1826171875] 0 2 1
 [0.1748046875, 0.01068115234375, -0.045654296875, 0.07470703125, -0.0390625, 0.169921875, -0.1826171875, 0.09423828125, 0.005615234375, -0.01507568359375, 0.0634765625, -0.1826171875] 0 2 1
 [0.1748046875, 0.01068115234375, -0.045654296875, 0.07470703125, -0.0390625, 0.169921875, -0.1826171875, 0.09423828125, 0.005615234375, -0.01507568359375, 0.0634765625, -0.1826171875] 0 2 1
 [0.1748046875, 0.01068115234375, -0.045654296875, 0.07470703125, -0.0390625, 0.169921875, -0.1826171875, 0.09423828125, 0.005615234375, -0.01507568359375, 0.0634765625, -0.1826171875] 1 2 1
 [0.1748046875, 0.01068115234375, -0.045654296875, 0.07470703125, -0.0390625, 0.169921875, -0.1826171875, 0.09423828125, 0.005615234375, -0.01507568359375, 0.0634765625, -0.1826171875] 1 2 1
 [0.1748046875, 0.01068115234375, -0.045654296875, 0.07470703125, -0.0390625, 0.169921875, -0.1826171875, 0.09423828125, 0.005615234375, -0.01507568359375, 0.0634765625, -0.1826171875] 1 2 1
 [0.1748046875, 0.01068115234375, -0.045654296875, 0.07470703125, -0.0390625, 0.169921875, -0.1826171875, 0.09423828125, 0.005615234375, -0.01507568359375, 0.0634765625, -0.1826171875] 1 2 1
 [0.1748046875, 0.01068115234375, -0.045654296875, 0.07470703125, -0.0390625, 0.169921875, -0.1826171875, 0.09423828125, 0.005615234375, -0.01507568359375, 0.0634765625, -0.1826171875] 1 2 1
 [0.1748046875, 0.01068115234375, -0.045654296875, 0.07470703125, -0.0390625, 0.169921875, -0.1826171875, 0.09423828125, 0.005615234375, -0.01507568359375, 0.0634765625, -0.1826171875] 1 2 1
 [0.1748046875, 0.01068115234375, -0.045654296875, 0.07470703125, -0.0390625, 0.169921875, -0.1826171875, 0.09423828125, 0.005615234375, -0.01507568359375, 0.0634765625, -0.1826171875] 1 2 1
 [0.1748046875, 0.01068115234375, -0.045654296875, 0.07470703125, -0.0390625, 0.169921875, -0.1826171875, 0.09423828125, 0.005615234375, -0.01507568359375, 0.0634765625, -0.1826171875] 1 2 1
 [0.1748046875, 0.01068115234375, -0.045654296875, 0.07470703125, -0.0390625, 0.169921875, -0.1826171875, 0.09423828125, 0.005615234375, -0.01507568359375, 0.0634765625, -0.1826171875] 1 2 1
 [0.1748046875, 0.01068115234375, -0.045654296875, 0.07470703125, -0.0390625, 0.169921875, -0.1826171875, 0.09423828125, 0.005615234375, -0.01507568359375, 0.0634765625, -0.1826171875] 1 2 1
 [0.1748046875, 0.01068115234375, -0.045654296875, 0.07470703125, -0.0390625, 0.169921875, -0.1826171875, 0.09423828125, 0.005615234375, -0.01507568359375, 0.0634765625, -0.1826171875] 1 2 1
 [0.1748046875, 0.01068115234375, -0.045654296875, 0.07470703125, -0.0390625, 0.169921875, -0.1826171875, 0.09423828125, 0.005615234375, -0.01507568359375, 0.0634765625, -0.1826171875] 1 2 1
 [0.1748046875, 0.01068115234375, -0.045654296875, 0.07470703125, -0.0390625, 0.169921875, -0.1826171875, 0.09423828125, 0.005615234375, -0.01507568359375, 0.0634765625, -0.1826171875] 1 2 1
 [0.1748046875, 0.01068115234375, -0.045654296875, 0.07470703125, -0.0390625, 0.169921875, -0.1826171875, 0.09423828125, 0.005615234375, -0.01507568359375, 0.0634765625, -0.1826171875] 1 2 1
 [0.1748046875, 0.01068115234375, -0.045654296875, 0.07470703125, -0.0390625, 0.169921875, -0.1826171875, 0.09423828125, 0.005615234375, -0.01507568359375, 0.0634765625, -0.1826171875] 1 2 1
 [0.1748046875, 0.01068115234375, -0.045654296875, 0.07470703125, -0.0390625, 0.169921875, -0.1826171875, 0.09423828125, 0.005615234375, -0.01507568359375, 0.0634765625, -0.1826171875] 1 2 1
 [0.1748046875, 0.01068115234375, -0.045654296875, 0.07470703125, -0.0390625, 0.169921875, -0.1826171875, 0.09423828125, 0.005615234375, -0.01507568359375, 0.0634765625, -0.1826171875] 1 2 1
 [0.1748046875, 0.01068115234375, -0.045654296875, 0.07470703125, -0.0390625, 0.169921875, -0.1826171875, 0.09423828125, 0.005615234375, -0.01507568359375, 0.0634765625, -0.1826171875] 1 2 1
 [0.1748046875, 0.01068115234375, -0.045654296875, 0.07470703125, -0.0390625, 0.169921875, -0.1826171875, 0.09423828125, 0.005615234375, -0.01507568359375, 0.0634765625, -0.1826171875] 1 2 1
 [0.1748046875, 0.01068115234375, -0.045654296875, 0.07470703125, -0.0390625, 0.169921875, -0.1826171875, 0.09423828125, 0.005615234375, -0.01507568359375, 0.0634765625, -0.1826171875] 1 2 1
 [0.1748046875, 0.01068115234375, -0.045654296875, 0.07470703125, -0.0390625, 0.169921875, -0.1826171875, 0.09423828125, 0.005615234375, -0.01507568359375, 0.0634765625, -0.1826171875] 1 2 1
 [0.1748046875, 0.01068115234375, -0.045654296875, 0.07470703125, -0.0390625, 0.169921875, -0.1826171875, 0.09423828125, 0.005615234375, -0.01507568359375, 0.0634765625, -0.1826171875] 1 2 1
 [0.1748046875, 0.01068115234375, -0.045654296875, 0.07470703125, -0.0390625, 0.169921875, -0.1826171875, 0.09423828125, 0.005615234375, -0.01507568359375, 0.0634765625, -0.1826171875] 1 2 1
 [0.1748046875, 0.01068115234375, -0.045654296875, 0.07470703125, -0.0390625, 0.169921875, -0.1826171875, 0.09423828125, 0.005615234375, -0.01507568359375, 0.0634765625, -0.1826171875] 1 2 1
 [0.1748046875, 0.01068115234375, -0.045654296875, 0.07470703125, -0.0390625, 0.169921875, -0.1826171875, 0.09423828125, 0.005615234375, -0.01507568359375, 0.0634765625, -0.1826171875] 1 2 1
 [0.1748046875, 0.01068115234375, -0.045654296875, 0.07470703125, -0.0390625, 0.169921875, -0.1826171875, 0.09423828125, 0.005615234375, -0.01507568359375, 0.0634765625, -0.1826171875] 1 2 1
 [0.1748046875, 0.01068115234375, -0.045654296875, 0.07470703125, -0.0390625, 0.169921875, -0.1826171875, 0.09423828125, 0.005615234375, -0.01507568359375, 0.0634765625, -0.1826171875] 1 2 1
 [0.1748046875, 0.01068115234375, -0.045654296875, 0.07470703125, -0.0390625, 0.169921875, -0.1826171875, 0.09423828125, 0.005615234375, -0.01507568359375, 0.0634765625, -0.1826171875] 1 2 1
 [0.1748046875, 0.01068115234375, -0.045654296875, 0.07470703125, -0.0390625, 0.169921875, -0.1826171875, 0.09423828125, 0.005615234375, -0.01507568359375, 0.0634765625, -0.1826171875] 1 2 1
 [0.1748046875, 0.01068115234375, -0.045654296875, 0.07470703125, -0.0390625, 0.169921875, -0.1826171875, 0.09423828125, 0.005615234375, -0.01507568359375, 0.0634765625, -0.1826171875] 1 2 1
 [0.1748046875, 0.01068115234375, -0.045654296875, 0.07470703125, -0.0390625, 0.169921875, -0.1826171875, 0.09423828125, 0.005615234375, -0.01507568359375, 0.0634765625, -0.1826171875] 1 2 1
 [0.1748046875, 0.01068115234375, -0.045654296875, 0.07470703125, -0.0390625, 0.169921875, -0.1826171875, 0.09423828125, 0.005615234375, -0.01507568359375, 0.0634765625, -0.1826171875] 1 2 1
 [0.1748046875, 0.01068115234375, -0.045654296875, 0.07470703125, -0.0390625, 0.169921875, -0.1826171875, 0.09423828125, 0.005615234375, -0.01507568359375, 0.0634765625, -0.1826171875] 1 2 1
 [0.1748046875, 0.01068115234375, -0.045654296875, 0.07470703125, -0.0390625, 0.169921875, -0.1826171875, 0.09423828125, 0.005615234375, -0.01507568359375, 0.0634765625, -0.1826171875] 1 2 1
 [0.1748046875, 0.01068115234375, -0.045654296875, 0.07470703125, -0.0390625, 0.169921875, -0.1826171875, 0.09423828125, 0.005615234375, -0.01507568359375, 0.0634765625, -0.1826171875] 2 2 1
 [0.1748046875, 0.01068115234375, -0.045654296875, 0.07470703125, -0.0390625, 0.169921875, -0.1826171875, 0.09423828125, 0.005615234375, -0.01507568359375, 0.0634765625, -0.1826171875] 2 2 1
 [0.1748046875, 0.01068115234375, -0.045654296875, 0.07470703125, -0.0390625, 0.169921875, -0.1826171875, 0.09423828125, 0.005615234375, -0.01507568359375, 0.0634765625, -0.1826171875] 2 2 1
 [0.1748046875, 0.01068115234375, -0.045654296875, 0.07470703125, -0.0390625, 0.169921875, -0.1826171875, 0.09423828125, 0.005615234375, -0.01507568359375, 0.0634765625, -0.1826171875] 2 2 1
 [0.1748046875, 0.01068115234375, -0.045654296875, 0.07470703125, -0.0390625, 0.169921875, -0.1826171875, 0.09423828125, 0.005615234375, -0.01507568359375, 0.0634765625, -0.1826171875] 2 2 1
 [0.1748046875, 0.01068115234375, -0.045654296875, 0.07470703125, -0.0390625, 0.169921875, -0.1826171875, 0.09423828125, 0.005615234375, -0.01507568359375, 0.0634765625, -0.1826171875] 2 2 1
 [0.1748046875, 0.01068115234375, -0.045654296875, 0.07470703125, -0.0390625, 0.169921875, -0.1826171875, 0.09423828125, 0.005615234375, -0.01507568359375, 0.0634765625, -0.1826171875] 2 2 1
 [0.1748046875, 0.01068115234375, -0.045654296875, 0.07470703125, -0.0390625, 0.169921875, -0.1826171875, 0.09423828125, 0.005615234375, -0.01507568359375, 0.0634765625, -0.1826171875] 2 2 1
 [0.1748046875, 0.01068115234375, -0.045654296875, 0.07470703125, -0.0390625, 0.169921875, -0.1826171875, 0.09423828125, 0.005615234375, -0.01507568359375, 0.0634765625, -0.1826171875] 2 2 1
 [0.1748046875, 0.01068115234375, -0.045654296875, 0.07470703125, -0.0390625, 0.169921875, -0.1826171875, 0.09423828125, 0.005615234375, -0.01507568359375, 0.0634765625, -0.1826171875] 2 2 1
 [0.1748046875, 0.01068115234375, -0.045654296875, 0.07470703125, -0.0390625, 0.169921875, -0.1826171875, 0.09423828125, 0.005615234375, -0.01507568359375, 0.0634765625, -0.1826171875] 2 2 1
 [0.1748046875, 0.01068115234375, -0.045654296875, 0.07470703125, -0.0390625, 0.169921875, -0.1826171875, 0.09423828125, 0.005615234375, -0.01507568359375, 0.0634765625, -0.1826171875] 2 2 1
 [0.1748046875, 0.01068115234375, -0.045654296875, 0.07470703125, -0.0390625, 0.169921875, -0.1826171875, 0.09423828125, 0.005615234375, -0.01507568359375, 0.0634765625, -0.1826171875] 2 2 1
 [0.1748046875, 0.01068115234375, -0.045654296875, 0.07470703125, -0.0390625, 0.169921875, -0.1826171875, 0.09423828125, 0.005615234375, -0.01507568359375, 0.0634765625, -0.1826171875] 2 2 1
 [0.1748046875, 0.01068115234375, -0.045654296875, 0.07470703125, -0.0390625, 0.169921875, -0.1826171875, 0.09423828125, 0.005615234375, -0.01507568359375, 0.0634765625, -0.1826171875] 2 2 1
 [0.1748046875, 0.01068115234375, -0.045654296875, 0.07470703125, -0.0390625, 0.169921875, -0.1826171875, 0.09423828125, 0.005615234375, -0.01507568359375, 0.0634765625, -0.1826171875] 2 2 1
 [0.1748046875, 0.01068115234375, -0.045654296875, 0.07470703125, -0.0390625, 0.169921875, -0.1826171875, 0.09423828125, 0.005615234375, -0.01507568359375, 0.0634765625, -0.1826171875] 2 2 1
 [0.1748046875, 0.01068115234375, -0.045654296875, 0.07470703125, -0.0390625, 0.169921875, -0.1826171875, 0.09423828125, 0.005615234375, -0.01507568359375, 0.0634765625, -0.1826171875] 2 2 1
 [0.1748046875, 0.01068115234375, -0.045654296875, 0.07470703125, -0.0390625, 0.169921875, -0.1826171875, 0.09423828125, 0.005615234375, -0.01507568359375, 0.0634765625, -0.1826171875] 2 2 1
 [0.1748046875, 0.01068115234375, -0.045654296875, 0.07470703125, -0.0390625, 0.169921875, -0.1826171875, 0.09423828125, 0.005615234375, -0.01507568359375, 0.0634765625, -0.1826171875] 2 2 1
 [0.1748046875, 0.01068115234375, -0.045654296875, 0.07470703125, -0.0390625, 0.169921875, -0.1826171875, 0.09423828125, 0.005615234375, -0.01507568359375, 0.0634765625, -0.1826171875] 2 2 1
 [0.1748046875, 0.01068115234375, -0.045654296875, 0.07470703125, -0.0390625, 0.169921875, -0.1826171875, 0.09423828125, 0.005615234375, -0.01507568359375, 0.0634765625, -0.1826171875] 2 2 1
 [0.1748046875, 0.01068115234375, -0.045654296875, 0.07470703125, -0.0390625, 0.169921875, -0.1826171875, 0.09423828125, 0.005615234375, -0.01507568359375, 0.0634765625, -0.1826171875] 2 2 1
 [0.1748046875, 0.01068115234375, -0.045654296875, 0.07470703125, -0.0390625, 0.169921875, -0.1826171875, 0.09423828125, 0.005615234375, -0.01507568359375, 0.0634765625, -0.1826171875] 2 2 1
 [0.1748046875, 0.01068115234375, -0.045654296875, 0.07470703125, -0.0390625, 0.169921875, -0.1826171875, 0.09423828125, 0.005615234375, -0.01507568359375, 0.0634765625, -0.1826171875] 2 2 1
 [0.1748046875, 0.01068115234375, -0.045654296875, 0.07470703125, -0.0390625, 0.169921875, -0.1826171875, 0.09423828125, 0.005615234375, -0.01507568359375, 0.0634765625, -0.1826171875] 2 2 1
 [0.1748046875, 0.01068115234375, -0.045654296875, 0.07470703125, -0.0390625, 0.169921875, -0.1826171875, 0.09423828125, 0.005615234375, -0.01507568359375, 0.0634765625, -0.1826171875] 2 2 1
 [0.1748046875, 0.01068115234375, -0.045654296875, 0.07470703125, -0.0390625, 0.169921875, -0.1826171875, 0.09423828125, 0.005615234375, -0.01507568359375, 0.0634765625, -0.1826171875] 2 2 1
 [0.1748046875, 0.01068115234375, -0.045654296875, 0.07470703125, -0.0390625, 0.169921875, -0.1826171875, 0.09423828125, 0.005615234375, -0.01507568359375, 0.0634765625, -0.1826171875] 2 2 1
 [0.1748046875, 0.01068115234375, -0.045654296875, 0.07470703125, -0.0390625, 0.169921875, -0.1826171875, 0.09423828125, 0.005615234375, -0.01507568359375, 0.0634765625, -0.1826171875] 2 2 1
 [0.1748046875, 0.01068115234375, -0.045654296875, 0.07470703125, -0.0390625, 0.169921875, -0.1826171875, 0.09423828125, 0.005615234375, -0.01507568359375, 0.0634765625, -0.1826171875] 2 2 1
 [0.1748046875, 0.01068115234375, -0.045654296875, 0.07470703125, -0.0390625, 0.169921875, -0.1826171875, 0.09423828125, 0.005615234375, -0.01507568359375, 0.0634765625, -0.1826171875] 3 2 1
 [0.1748046875, 0.01068115234375, -0.045654296875, 0.07470703125, -0.0390625, 0.169921875, -0.1826171875, 0.09423828125, 0.005615234375, -0.01507568359375, 0.0634765625, -0.1826171875] 3 2 1
 [0.1748046875, 0.01068115234375, -0.045654296875, 0.07470703125, -0.0390625, 0.169921875, -0.1826171875, 0.09423828125, 0.005615234375, -0.01507568359375, 0.0634765625, -0.1826171875] 3 2 1
 [0.1748046875, 0.01068115234375, -0.045654296875, 0.07470703125, -0.0390625, 0.169921875, -0.1826171875, 0.09423828125, 0.005615234375, -0.01507568359375, 0.0634765625, -0.1826171875] 3 2 1
 [0.1748046875, 0.01068115234375, -0.045654296875, 0.07470703125, -0.0390625, 0.169921875, -0.1826171875, 0.09423828125, 0.005615234375, -0.01507568359375, 0.0634765625, -0.1826171875] 3 2 1
 [0.1748046875, 0.01068115234375, -0.045654296875, 0.07470703125, -0.0390625, 0.169921875, -0.1826171875, 0.09423828125, 0.005615234375, -0.01507568359375, 0.0634765625, -0.1826171875] 3 2 1
 [0.1748046875, 0.01068115234375, -0.045654296875, 0.07470703125, -0.0390625, 0.169921875, -0.1826171875, 0.09423828125, 0.005615234375, -0.01507568359375, 0.0634765625, -0.1826171875] 3 2 1
 [0.1748046875, 0.01068115234375, -0.045654296875, 0.07470703125, -0.0390625, 0.169921875, -0.1826171875, 0.09423828125, 0.005615234375, -0.01507568359375, 0.0634765625, -0.1826171875] 3 2 1
 [0.1748046875, 0.01068115234375, -0.045654296875, 0.07470703125, -0.0390625, 0.169921875, -0.1826171875, 0.09423828125, 0.005615234375, -0.01507568359375, 0.0634765625, -0.1826171875] 3 2 1
 [0.1748046875, 0.01068115234375, -0.045654296875, 0.07470703125, -0.0390625, 0.169921875, -0.1826171875, 0.09423828125, 0.005615234375, -0.01507568359375, 0.0634765625, -0.1826171875] 3 2 1
 [0.1748046875, 0.01068115234375, -0.045654296875, 0.07470703125, -0.0390625, 0.169921875, -0.1826171875, 0.09423828125, 0.005615234375, -0.01507568359375, 0.0634765625, -0.1826171875] 3 2 1
 [0.1748046875, 0.01068115234375, -0.045654296875, 0.07470703125, -0.0390625, 0.169921875, -0.1826171875, 0.09423828125, 0.005615234375, -0.01507568359375, 0.0634765625, -0.1826171875] 3 2 1
 [0.1748046875, 0.01068115234375, -0.045654296875, 0.07470703125, -0.0390625, 0.169921875, -0.1826171875, 0.09423828125, 0.005615234375, -0.01507568359375, 0.0634765625, -0.1826171875] 3 2 1
 [0.1748046875, 0.01068115234375, -0.045654296875, 0.07470703125, -0.0390625, 0.169921875, -0.1826171875, 0.09423828125, 0.005615234375, -0.01507568359375, 0.0634765625, -0.1826171875] 3 2 1
 [0.1748046875, 0.01068115234375, -0.045654296875, 0.07470703125, -0.0390625, 0.169921875, -0.1826171875, 0.09423828125, 0.005615234375, -0.01507568359375, 0.0634765625, -0.1826171875] 3 2 1
 [0.1748046875, 0.01068115234375, -0.045654296875, 0.07470703125, -0.0390625, 0.169921875, -0.1826171875, 0.09423828125, 0.005615234375, -0.01507568359375, 0.0634765625, -0.1826171875] 3 2 1
 [0.1748046875, 0.01068115234375, -0.045654296875, 0.07470703125, -0.0390625, 0.169921875, -0.1826171875, 0.09423828125, 0.005615234375, -0.01507568359375, 0.0634765625, -0.1826171875] 3 2 1
 [0.1748046875, 0.01068115234375, -0.045654296875, 0.07470703125, -0.0390625, 0.169921875, -0.1826171875, 0.09423828125, 0.005615234375, -0.01507568359375, 0.0634765625, -0.1826171875] 3 2 1
 [0.1748046875, 0.01068115234375, -0.045654296875, 0.07470703125, -0.0390625, 0.169921875, -0.1826171875, 0.09423828125, 0.005615234375, -0.01507568359375, 0.0634765625, -0.1826171875] 3 2 1
 [0.1748046875, 0.01068115234375, -0.045654296875, 0.07470703125, -0.0390625, 0.169921875, -0.1826171875, 0.09423828125, 0.005615234375, -0.01507568359375, 0.0634765625, -0.1826171875] 3 2 1
 [0.1748046875, 0.01068115234375, -0.045654296875, 0.07470703125, -0.0390625, 0.169921875, -0.1826171875, 0.09423828125, 0.005615234375, -0.01507568359375, 0.0634765625, -0.1826171875] 3 2 1
 [0.1748046875, 0.01068115234375, -0.045654296875, 0.07470703125, -0.0390625, 0.169921875, -0.1826171875, 0.09423828125, 0.005615234375, -0.01507568359375, 0.0634765625, -0.1826171875] 3 2 1
 [0.1748046875, 0.01068115234375, -0.045654296875, 0.07470703125, -0.0390625, 0.169921875, -0.1826171875, 0.09423828125, 0.005615234375, -0.01507568359375, 0.0634765625, -0.1826171875] 3 2 1
 [0.1748046875, 0.01068115234375, -0.045654296875, 0.07470703125, -0.0390625, 0.169921875, -0.1826171875, 0.09423828125, 0.005615234375, -0.01507568359375, 0.0634765625, -0.1826171875] 3 2 1
 [0.1748046875, 0.01068115234375, -0.045654296875, 0.07470703125, -0.0390625, 0.169921875, -0.1826171875, 0.09423828125, 0.005615234375, -0.01507568359375, 0.0634765625, -0.1826171875] 3 2 1
 [0.1748046875, 0.01068115234375, -0.045654296875, 0.07470703125, -0.0390625, 0.169921875, -0.1826171875, 0.09423828125, 0.005615234375, -0.01507568359375, 0.0634765625, -0.1826171875] 3 2 1
 [0.1748046875, 0.01068115234375, -0.045654296875, 0.07470703125, -0.0390625, 0.169921875, -0.1826171875, 0.09423828125, 0.005615234375, -0.01507568359375, 0.0634765625, -0.1826171875] 3 2 1
 [0.1748046875, 0.01068115234375, -0.045654296875, 0.07470703125, -0.0390625, 0.169921875, -0.1826171875, 0.09423828125, 0.005615234375, -0.01507568359375, 0.0634765625, -0.1826171875] 3 2 1
 [0.1748046875, 0.01068115234375, -0.045654296875, 0.07470703125, -0.0390625, 0.169921875, -0.1826171875, 0.09423828125, 0.005615234375, -0.01507568359375, 0.0634765625, -0.1826171875] 3 2 1
 [0.1748046875, 0.01068115234375, -0.045654296875, 0.07470703125, -0.0390625, 0.169921875, -0.1826171875, 0.09423828125, 0.005615234375, -0.01507568359375, 0.0634765625, -0.1826171875] 3 2 1
 [0.1748046875, 0.01068115234375, -0.045654296875, 0.07470703125, -0.0390625, 0.169921875, -0.1826171875, 0.09423828125, 0.005615234375, -0.01507568359375, 0.0634765625, -0.1826171875] 3 2 1
 [0.1748046875, 0.01068115234375, -0.045654296875, 0.07470703125, -0.0390625, 0.169921875, -0.1826171875, 0.09423828125, 0.005615234375, -0.01507568359375, 0.0634765625, -0.1826171875] 4 2 1
 [0.1748046875, 0.01068115234375, -0.045654296875, 0.07470703125, -0.0390625, 0.169921875, -0.1826171875, 0.09423828125, 0.005615234375, -0.01507568359375, 0.0634765625, -0.1826171875] 4 2 1
 [0.1748046875, 0.01068115234375, -0.045654296875, 0.07470703125, -0.0390625, 0.169921875, -0.1826171875, 0.09423828125, 0.005615234375, -0.01507568359375, 0.0634765625, -0.1826171875] 4 2 1
 [0.1748046875, 0.01068115234375, -0.045654296875, 0.07470703125, -0.0390625, 0.169921875, -0.1826171875, 0.09423828125, 0.005615234375, -0.01507568359375, 0.0634765625, -0.1826171875] 4 2 1
 [0.1748046875, 0.01068115234375, -0.045654296875, 0.07470703125, -0.0390625, 0.169921875, -0.1826171875, 0.09423828125, 0.005615234375, -0.01507568359375, 0.0634765625, -0.1826171875] 4 2 1
 [0.1748046875, 0.01068115234375, -0.045654296875, 0.07470703125, -0.0390625, 0.169921875, -0.1826171875, 0.09423828125, 0.005615234375, -0.01507568359375, 0.0634765625, -0.1826171875] 4 2 1
 [0.1748046875, 0.01068115234375, -0.045654296875, 0.07470703125, -0.0390625, 0.169921875, -0.1826171875, 0.09423828125, 0.005615234375, -0.01507568359375, 0.0634765625, -0.1826171875] 4 2 1
 [0.1748046875, 0.01068115234375, -0.045654296875, 0.07470703125, -0.0390625, 0.169921875, -0.1826171875, 0.09423828125, 0.005615234375, -0.01507568359375, 0.0634765625, -0.1826171875] 4 2 1
 [0.1748046875, 0.01068115234375, -0.045654296875, 0.07470703125, -0.0390625, 0.169921875, -0.1826171875, 0.09423828125, 0.005615234375, -0.01507568359375, 0.0634765625, -0.1826171875] 4 2 1
 [0.1748046875, 0.01068115234375, -0.045654296875, 0.07470703125, -0.0390625, 0.169921875, -0.1826171875, 0.09423828125, 0.005615234375, -0.01507568359375, 0.0634765625, -0.1826171875] 4 2 1
 [0.1748046875, 0.01068115234375, -0.045654296875, 0.07470703125, -0.0390625, 0.169921875, -0.1826171875, 0.09423828125, 0.005615234375, -0.01507568359375, 0.0634765625, -0.1826171875] 4 2 1
 [0.1748046875, 0.01068115234375, -0.045654296875, 0.07470703125, -0.0390625, 0.169921875, -0.1826171875, 0.09423828125, 0.005615234375, -0.01507568359375, 0.0634765625, -0.1826171875] 4 2 1
 [0.1748046875, 0.01068115234375, -0.045654296875, 0.07470703125, -0.0390625, 0.169921875, -0.1826171875, 0.09423828125, 0.005615234375, -0.01507568359375, 0.0634765625, -0.1826171875] 4 2 1
 [0.1748046875, 0.01068115234375, -0.045654296875, 0.07470703125, -0.0390625, 0.169921875, -0.1826171875, 0.09423828125, 0.005615234375, -0.01507568359375, 0.0634765625, -0.1826171875] 4 2 1
 [0.1748046875, 0.01068115234375, -0.045654296875, 0.07470703125, -0.0390625, 0.169921875, -0.1826171875, 0.09423828125, 0.005615234375, -0.01507568359375, 0.0634765625, -0.1826171875] 4 2 1
 [0.1748046875, 0.01068115234375, -0.045654296875, 0.07470703125, -0.0390625, 0.169921875, -0.1826171875, 0.09423828125, 0.005615234375, -0.01507568359375, 0.0634765625, -0.1826171875] 4 2 1
 [0.1748046875, 0.01068115234375, -0.045654296875, 0.07470703125, -0.0390625, 0.169921875, -0.1826171875, 0.09423828125, 0.005615234375, -0.01507568359375, 0.0634765625, -0.1826171875] 4 2 1
 [0.1748046875, 0.01068115234375, -0.045654296875, 0.07470703125, -0.0390625, 0.169921875, -0.1826171875, 0.09423828125, 0.005615234375, -0.01507568359375, 0.0634765625, -0.1826171875] 4 2 1
 [0.1748046875, 0.01068115234375, -0.045654296875, 0.07470703125, -0.0390625, 0.169921875, -0.1826171875, 0.09423828125, 0.005615234375, -0.01507568359375, 0.0634765625, -0.1826171875] 4 2 1
 [0.1748046875, 0.01068115234375, -0.045654296875, 0.07470703125, -0.0390625, 0.169921875, -0.1826171875, 0.09423828125, 0.005615234375, -0.01507568359375, 0.0634765625, -0.1826171875] 4 2 1
 [0.1748046875, 0.01068115234375, -0.045654296875, 0.07470703125, -0.0390625, 0.169921875, -0.1826171875, 0.09423828125, 0.005615234375, -0.01507568359375, 0.0634765625, -0.1826171875] 4 2 1
 [0.1748046875, 0.01068115234375, -0.045654296875, 0.07470703125, -0.0390625, 0.169921875, -0.1826171875, 0.09423828125, 0.005615234375, -0.01507568359375, 0.0634765625, -0.1826171875] 4 2 1
 [0.1748046875, 0.01068115234375, -0.045654296875, 0.07470703125, -0.0390625, 0.169921875, -0.1826171875, 0.09423828125, 0.005615234375, -0.01507568359375, 0.0634765625, -0.1826171875] 4 2 1
 [0.1748046875, 0.01068115234375, -0.045654296875, 0.07470703125, -0.0390625, 0.169921875, -0.1826171875, 0.09423828125, 0.005615234375, -0.01507568359375, 0.0634765625, -0.1826171875] 4 2 1
 [0.1748046875, 0.01068115234375, -0.045654296875, 0.07470703125, -0.0390625, 0.169921875, -0.1826171875, 0.09423828125, 0.005615234375, -0.01507568359375, 0.0634765625, -0.1826171875] 4 2 1
 [0.1748046875, 0.01068115234375, -0.045654296875, 0.07470703125, -0.0390625, 0.169921875, -0.1826171875, 0.09423828125, 0.005615234375, -0.01507568359375, 0.0634765625, -0.1826171875] 4 2 1
 [0.1748046875, 0.01068115234375, -0.045654296875, 0.07470703125, -0.0390625, 0.169921875, -0.1826171875, 0.09423828125, 0.005615234375, -0.01507568359375, 0.0634765625, -0.1826171875] 4 2 1
 [0.1748046875, 0.01068115234375, -0.045654296875, 0.07470703125, -0.0390625, 0.169921875, -0.1826171875, 0.09423828125, 0.005615234375, -0.01507568359375, 0.0634765625, -0.1826171875] 4 2 1
 [0.1748046875, 0.01068115234375, -0.045654296875, 0.07470703125, -0.0390625, 0.169921875, -0.1826171875, 0.09423828125, 0.005615234375, -0.01507568359375, 0.0634765625, -0.1826171875] 4 2 1
 [0.1748046875, 0.01068115234375, -0.045654296875, 0.07470703125, -0.0390625, 0.169921875, -0.1826171875, 0.09423828125, 0.005615234375, -0.01507568359375, 0.0634765625, -0.1826171875] 4 2 1
 [0.1748046875, 0.01068115234375, -0.045654296875, 0.07470703125, -0.0390625, 0.169921875, -0.1826171875, 0.09423828125, 0.005615234375, -0.01507568359375, 0.0634765625, -0.1826171875] 4 2 1
 [0.1748046875, 0.01068115234375, -0.045654296875, 0.07470703125, -0.0390625, 0.169921875, -0.1826171875, 0.09423828125, 0.005615234375, -0.01507568359375, 0.0634765625, -0.1826171875] 4 2 1
 [0.1748046875, 0.01068115234375, -0.045654296875, 0.07470703125, -0.0390625, 0.169921875, -0.1826171875, 0.09423828125, 0.005615234375, -0.01507568359375, 0.0634765625, -0.1826171875] 4 2 1
 [0.1748046875, 0.01068115234375, -0.045654296875, 0.07470703125, -0.0390625, 0.169921875, -0.1826171875, 0.09423828125, 0.005615234375, -0.01507568359375, 0.0634765625, -0.1826171875] 4 2 1
 [0.1748046875, 0.01068115234375, -0.045654296875, 0.07470703125, -0.0390625, 0.169921875, -0.1826171875, 0.09423828125, 0.005615234375, -0.01507568359375, 0.0634765625, -0.1826171875] 5 2 1
 [0.1748046875, 0.01068115234375, -0.045654296875, 0.07470703125, -0.0390625, 0.169921875, -0.1826171875, 0.09423828125, 0.005615234375, -0.01507568359375, 0.0634765625, -0.1826171875] 5 2 1
 [0.1748046875, 0.01068115234375, -0.045654296875, 0.07470703125, -0.0390625, 0.169921875, -0.1826171875, 0.09423828125, 0.005615234375, -0.01507568359375, 0.0634765625, -0.1826171875] 5 2 1
 [0.1748046875, 0.01068115234375, -0.045654296875, 0.07470703125, -0.0390625, 0.169921875, -0.1826171875, 0.09423828125, 0.005615234375, -0.01507568359375, 0.0634765625, -0.1826171875] 5 2 1
 [0.1748046875, 0.01068115234375, -0.045654296875, 0.07470703125, -0.0390625, 0.169921875, -0.1826171875, 0.09423828125, 0.005615234375, -0.01507568359375, 0.0634765625, -0.1826171875] 5 2 1
 [0.1748046875, 0.01068115234375, -0.045654296875, 0.07470703125, -0.0390625, 0.169921875, -0.1826171875, 0.09423828125, 0.005615234375, -0.01507568359375, 0.0634765625, -0.1826171875] 5 2 1
 [0.1748046875, 0.01068115234375, -0.045654296875, 0.07470703125, -0.0390625, 0.169921875, -0.1826171875, 0.09423828125, 0.005615234375, -0.01507568359375, 0.0634765625, -0.1826171875] 5 2 1
 [0.1748046875, 0.01068115234375, -0.045654296875, 0.07470703125, -0.0390625, 0.169921875, -0.1826171875, 0.09423828125, 0.005615234375, -0.01507568359375, 0.0634765625, -0.1826171875] 5 2 1
 [0.1748046875, 0.01068115234375, -0.045654296875, 0.07470703125, -0.0390625, 0.169921875, -0.1826171875, 0.09423828125, 0.005615234375, -0.01507568359375, 0.0634765625, -0.1826171875] 5 2 1
 [0.1748046875, 0.01068115234375, -0.045654296875, 0.07470703125, -0.0390625, 0.169921875, -0.1826171875, 0.09423828125, 0.005615234375, -0.01507568359375, 0.0634765625, -0.1826171875] 5 2 1
 [0.1748046875, 0.01068115234375, -0.045654296875, 0.07470703125, -0.0390625, 0.169921875, -0.1826171875, 0.09423828125, 0.005615234375, -0.01507568359375, 0.0634765625, -0.1826171875] 5 2 1
 [0.1748046875, 0.01068115234375, -0.045654296875, 0.07470703125, -0.0390625, 0.169921875, -0.1826171875, 0.09423828125, 0.005615234375, -0.01507568359375, 0.0634765625, -0.1826171875] 5 2 1
 [0.1748046875, 0.01068115234375, -0.045654296875, 0.07470703125, -0.0390625, 0.169921875, -0.1826171875, 0.09423828125, 0.005615234375, -0.01507568359375, 0.0634765625, -0.1826171875] 5 2 1
 [0.1748046875, 0.01068115234375, -0.045654296875, 0.07470703125, -0.0390625, 0.169921875, -0.1826171875, 0.09423828125, 0.005615234375, -0.01507568359375, 0.0634765625, -0.1826171875] 5 2 1
 [0.1748046875, 0.01068115234375, -0.045654296875, 0.07470703125, -0.0390625, 0.169921875, -0.1826171875, 0.09423828125, 0.005615234375, -0.01507568359375, 0.0634765625, -0.1826171875] 5 2 1
 [0.1748046875, 0.01068115234375, -0.045654296875, 0.07470703125, -0.0390625, 0.169921875, -0.1826171875, 0.09423828125, 0.005615234375, -0.01507568359375, 0.0634765625, -0.1826171875] 5 2 1
 [0.1748046875, 0.01068115234375, -0.045654296875, 0.07470703125, -0.0390625, 0.169921875, -0.1826171875, 0.09423828125, 0.005615234375, -0.01507568359375, 0.0634765625, -0.1826171875] 5 2 1
 [0.1748046875, 0.01068115234375, -0.045654296875, 0.07470703125, -0.0390625, 0.169921875, -0.1826171875, 0.09423828125, 0.005615234375, -0.01507568359375, 0.0634765625, -0.1826171875] 5 2 1
 [0.1748046875, 0.01068115234375, -0.045654296875, 0.07470703125, -0.0390625, 0.169921875, -0.1826171875, 0.09423828125, 0.005615234375, -0.01507568359375, 0.0634765625, -0.1826171875] 5 2 1
 [0.1748046875, 0.01068115234375, -0.045654296875, 0.07470703125, -0.0390625, 0.169921875, -0.1826171875, 0.09423828125, 0.005615234375, -0.01507568359375, 0.0634765625, -0.1826171875] 5 2 1
 [0.1748046875, 0.01068115234375, -0.045654296875, 0.07470703125, -0.0390625, 0.169921875, -0.1826171875, 0.09423828125, 0.005615234375, -0.01507568359375, 0.0634765625, -0.1826171875] 5 2 1
 [0.1748046875, 0.01068115234375, -0.045654296875, 0.07470703125, -0.0390625, 0.169921875, -0.1826171875, 0.09423828125, 0.005615234375, -0.01507568359375, 0.0634765625, -0.1826171875] 5 2 1
 [0.1748046875, 0.01068115234375, -0.045654296875, 0.07470703125, -0.0390625, 0.169921875, -0.1826171875, 0.09423828125, 0.005615234375, -0.01507568359375, 0.0634765625, -0.1826171875] 5 2 1
 [0.1748046875, 0.01068115234375, -0.045654296875, 0.07470703125, -0.0390625, 0.169921875, -0.1826171875, 0.09423828125, 0.005615234375, -0.01507568359375, 0.0634765625, -0.1826171875] 5 2 1
 [0.1748046875, 0.01068115234375, -0.045654296875, 0.07470703125, -0.0390625, 0.169921875, -0.1826171875, 0.09423828125, 0.005615234375, -0.01507568359375, 0.0634765625, -0.1826171875] 5 2 1
 [0.1748046875, 0.01068115234375, -0.045654296875, 0.07470703125, -0.0390625, 0.169921875, -0.1826171875, 0.09423828125, 0.005615234375, -0.01507568359375, 0.0634765625, -0.1826171875] 5 2 1
 [0.1748046875, 0.01068115234375, -0.045654296875, 0.07470703125, -0.0390625, 0.169921875, -0.1826171875, 0.09423828125, 0.005615234375, -0.01507568359375, 0.0634765625, -0.1826171875] 5 2 1
 [0.1748046875, 0.01068115234375, -0.045654296875, 0.07470703125, -0.0390625, 0.169921875, -0.1826171875, 0.09423828125, 0.005615234375, -0.01507568359375, 0.0634765625, -0.1826171875] 5 2 1
 [0.1748046875, 0.01068115234375, -0.045654296875, 0.07470703125, -0.0390625, 0.169921875, -0.1826171875, 0.09423828125, 0.005615234375, -0.01507568359375, 0.0634765625, -0.1826171875] 5 2 1
 [0.1748046875, 0.01068115234375, -0.045654296875, 0.07470703125, -0.0390625, 0.169921875, -0.1826171875, 0.09423828125, 0.005615234375, -0.01507568359375, 0.0634765625, -0.1826171875] 5 2 1
 [0.1748046875, 0.01068115234375, -0.045654296875, 0.07470703125, -0.0390625, 0.169921875, -0.1826171875, 0.09423828125, 0.005615234375, -0.01507568359375, 0.0634765625, -0.1826171875] 5 2 1
 [0.1748046875, 0.01068115234375, -0.045654296875, 0.07470703125, -0.0390625, 0.169921875, -0.1826171875, 0.09423828125, 0.005615234375, -0.01507568359375, 0.0634765625, -0.1826171875] 5 2 1
 [0.1748046875, 0.01068115234375, -0.045654296875, 0.07470703125, -0.0390625, 0.169921875, -0.1826171875, 0.09423828125, 0.005615234375, -0.01507568359375, 0.0634765625, -0.1826171875] 5 2 1
 [0.1748046875, 0.01068115234375, -0.045654296875, 0.07470703125, -0.0390625, 0.169921875, -0.1826171875, 0.09423828125, 0.005615234375, -0.01507568359375, 0.0634765625, -0.1826171875] 7 2 1
 [0.1748046875, 0.01068115234375, -0.045654296875, 0.07470703125, -0.0390625, 0.169921875, -0.1826171875, 0.09423828125, 0.005615234375, -0.01507568359375, 0.0634765625, -0.1826171875] 7 2 1
 [0.1748046875, 0.01068115234375, -0.045654296875, 0.07470703125, -0.0390625, 0.169921875, -0.1826171875, 0.09423828125, 0.005615234375, -0.01507568359375, 0.0634765625, -0.1826171875] 7 2 1
 [0.1748046875, 0.01068115234375, -0.045654296875, 0.07470703125, -0.0390625, 0.169921875, -0.1826171875, 0.09423828125, 0.005615234375, -0.01507568359375, 0.0634765625, -0.1826171875] 7 2 1
 [0.1748046875, 0.01068115234375, -0.045654296875, 0.07470703125, -0.0390625, 0.169921875, -0.1826171875, 0.09423828125, 0.005615234375, -0.01507568359375, 0.0634765625, -0.1826171875] 7 2 1
 [0.1748046875, 0.01068115234375, -0.045654296875, 0.07470703125, -0.0390625, 0.169921875, -0.1826171875, 0.09423828125, 0.005615234375, -0.01507568359375, 0.0634765625, -0.1826171875] 7 2 1
 [0.1748046875, 0.01068115234375, -0.045654296875, 0.07470703125, -0.0390625, 0.169921875, -0.1826171875, 0.09423828125, 0.005615234375, -0.01507568359375, 0.0634765625, -0.1826171875] 7 2 1
 [0.1748046875, 0.01068115234375, -0.045654296875, 0.07470703125, -0.0390625, 0.169921875, -0.1826171875, 0.09423828125, 0.005615234375, -0.01507568359375, 0.0634765625, -0.1826171875] 7 2 1
 [0.1748046875, 0.01068115234375, -0.045654296875, 0.07470703125, -0.0390625, 0.169921875, -0.1826171875, 0.09423828125, 0.005615234375, -0.01507568359375, 0.0634765625, -0.1826171875] 7 2 1
 [0.1748046875, 0.01068115234375, -0.045654296875, 0.07470703125, -0.0390625, 0.169921875, -0.1826171875, 0.09423828125, 0.005615234375, -0.01507568359375, 0.0634765625, -0.1826171875] 7 2 1
 [0.1748046875, 0.01068115234375, -0.045654296875, 0.07470703125, -0.0390625, 0.169921875, -0.1826171875, 0.09423828125, 0.005615234375, -0.01507568359375, 0.0634765625, -0.1826171875] 7 2 1
 [0.1748046875, 0.01068115234375, -0.045654296875, 0.07470703125, -0.0390625, 0.169921875, -0.1826171875, 0.09423828125, 0.005615234375, -0.01507568359375, 0.0634765625, -0.1826171875] 7 2 1
 [0.1748046875, 0.01068115234375, -0.045654296875, 0.07470703125, -0.0390625, 0.169921875, -0.1826171875, 0.09423828125, 0.005615234375, -0.01507568359375, 0.0634765625, -0.1826171875] 7 2 1
 [0.1748046875, 0.01068115234375, -0.045654296875, 0.07470703125, -0.0390625, 0.169921875, -0.1826171875, 0.09423828125, 0.005615234375, -0.01507568359375, 0.0634765625, -0.1826171875] 7 2 1
 [0.1748046875, 0.01068115234375, -0.045654296875, 0.07470703125, -0.0390625, 0.169921875, -0.1826171875, 0.09423828125, 0.005615234375, -0.01507568359375, 0.0634765625, -0.1826171875] 7 2 1
 [0.1748046875, 0.01068115234375, -0.045654296875, 0.07470703125, -0.0390625, 0.169921875, -0.1826171875, 0.09423828125, 0.005615234375, -0.01507568359375, 0.0634765625, -0.1826171875] 7 2 1
 [0.1748046875, 0.01068115234375, -0.045654296875, 0.07470703125, -0.0390625, 0.169921875, -0.1826171875, 0.09423828125, 0.005615234375, -0.01507568359375, 0.0634765625, -0.1826171875] 7 2 1
 [0.1748046875, 0.01068115234375, -0.045654296875, 0.07470703125, -0.0390625, 0.169921875, -0.1826171875, 0.09423828125, 0.005615234375, -0.01507568359375, 0.0634765625, -0.1826171875] 7 2 1
 [0.1748046875, 0.01068115234375, -0.045654296875, 0.07470703125, -0.0390625, 0.169921875, -0.1826171875, 0.09423828125, 0.005615234375, -0.01507568359375, 0.0634765625, -0.1826171875] 7 2 1
 [0.1748046875, 0.01068115234375, -0.045654296875, 0.07470703125, -0.0390625, 0.169921875, -0.1826171875, 0.09423828125, 0.005615234375, -0.01507568359375, 0.0634765625, -0.1826171875] 7 2 1
 [0.1748046875, 0.01068115234375, -0.045654296875, 0.07470703125, -0.0390625, 0.169921875, -0.1826171875, 0.09423828125, 0.005615234375, -0.01507568359375, 0.0634765625, -0.1826171875] 7 2 1
 [0.1748046875, 0.01068115234375, -0.045654296875, 0.07470703125, -0.0390625, 0.169921875, -0.1826171875, 0.09423828125, 0.005615234375, -0.01507568359375, 0.0634765625, -0.1826171875] 7 2 1
 [0.1748046875, 0.01068115234375, -0.045654296875, 0.07470703125, -0.0390625, 0.169921875, -0.1826171875, 0.09423828125, 0.005615234375, -0.01507568359375, 0.0634765625, -0.1826171875] 7 2 1
 [0.1748046875, 0.01068115234375, -0.045654296875, 0.07470703125, -0.0390625, 0.169921875, -0.1826171875, 0.09423828125, 0.005615234375, -0.01507568359375, 0.0634765625, -0.1826171875] 7 2 1
 [0.1748046875, 0.01068115234375, -0.045654296875, 0.07470703125, -0.0390625, 0.169921875, -0.1826171875, 0.09423828125, 0.005615234375, -0.01507568359375, 0.0634765625, -0.1826171875] 7 2 1
 [0.1748046875, 0.01068115234375, -0.045654296875, 0.07470703125, -0.0390625, 0.169921875, -0.1826171875, 0.09423828125, 0.005615234375, -0.01507568359375, 0.0634765625, -0.1826171875] 7 2 1
 [0.1748046875, 0.01068115234375, -0.045654296875, 0.07470703125, -0.0390625, 0.169921875, -0.1826171875, 0.09423828125, 0.005615234375, -0.01507568359375, 0.0634765625, -0.1826171875] 7 2 1
 [0.1748046875, 0.01068115234375, -0.045654296875, 0.07470703125, -0.0390625, 0.169921875, -0.1826171875, 0.09423828125, 0.005615234375, -0.01507568359375, 0.0634765625, -0.1826171875] 7 2 1
 [0.1748046875, 0.01068115234375, -0.045654296875, 0.07470703125, -0.0390625, 0.169921875, -0.1826171875, 0.09423828125, 0.005615234375, -0.01507568359375, 0.0634765625, -0.1826171875] 7 2 1
 [0.1748046875, 0.01068115234375, -0.045654296875, 0.07470703125, -0.0390625, 0.169921875, -0.1826171875, 0.09423828125, 0.005615234375, -0.01507568359375, 0.0634765625, -0.1826171875] 7 2 1
 [0.1748046875, 0.01068115234375, -0.045654296875, 0.07470703125, -0.0390625, 0.169921875, -0.1826171875, 0.09423828125, 0.005615234375, -0.01507568359375, 0.0634765625, -0.1826171875] 8 2 1
 [0.1748046875, 0.01068115234375, -0.045654296875, 0.07470703125, -0.0390625, 0.169921875, -0.1826171875, 0.09423828125, 0.005615234375, -0.01507568359375, 0.0634765625, -0.1826171875] 8 2 1
 [0.1748046875, 0.01068115234375, -0.045654296875, 0.07470703125, -0.0390625, 0.169921875, -0.1826171875, 0.09423828125, 0.005615234375, -0.01507568359375, 0.0634765625, -0.1826171875] 8 2 1
 [0.1748046875, 0.01068115234375, -0.045654296875, 0.07470703125, -0.0390625, 0.169921875, -0.1826171875, 0.09423828125, 0.005615234375, -0.01507568359375, 0.0634765625, -0.1826171875] 8 2 1
 [0.1748046875, 0.01068115234375, -0.045654296875, 0.07470703125, -0.0390625, 0.169921875, -0.1826171875, 0.09423828125, 0.005615234375, -0.01507568359375, 0.0634765625, -0.1826171875] 8 2 1
 [0.1748046875, 0.01068115234375, -0.045654296875, 0.07470703125, -0.0390625, 0.169921875, -0.1826171875, 0.09423828125, 0.005615234375, -0.01507568359375, 0.0634765625, -0.1826171875] 8 2 1
 [0.1748046875, 0.01068115234375, -0.045654296875, 0.07470703125, -0.0390625, 0.169921875, -0.1826171875, 0.09423828125, 0.005615234375, -0.01507568359375, 0.0634765625, -0.1826171875] 8 2 1
 [0.1748046875, 0.01068115234375, -0.045654296875, 0.07470703125, -0.0390625, 0.169921875, -0.1826171875, 0.09423828125, 0.005615234375, -0.01507568359375, 0.0634765625, -0.1826171875] 8 2 1
 [0.1748046875, 0.01068115234375, -0.045654296875, 0.07470703125, -0.0390625, 0.169921875, -0.1826171875, 0.09423828125, 0.005615234375, -0.01507568359375, 0.0634765625, -0.1826171875] 8 2 1
 [0.1748046875, 0.01068115234375, -0.045654296875, 0.07470703125, -0.0390625, 0.169921875, -0.1826171875, 0.09423828125, 0.005615234375, -0.01507568359375, 0.0634765625, -0.1826171875] 8 2 1
 [0.1748046875, 0.01068115234375, -0.045654296875, 0.07470703125, -0.0390625, 0.169921875, -0.1826171875, 0.09423828125, 0.005615234375, -0.01507568359375, 0.0634765625, -0.1826171875] 8 2 1
 [0.1748046875, 0.01068115234375, -0.045654296875, 0.07470703125, -0.0390625, 0.169921875, -0.1826171875, 0.09423828125, 0.005615234375, -0.01507568359375, 0.0634765625, -0.1826171875] 8 2 1
 [0.1748046875, 0.01068115234375, -0.045654296875, 0.07470703125, -0.0390625, 0.169921875, -0.1826171875, 0.09423828125, 0.005615234375, -0.01507568359375, 0.0634765625, -0.1826171875] 8 2 1
 [0.1748046875, 0.01068115234375, -0.045654296875, 0.07470703125, -0.0390625, 0.169921875, -0.1826171875, 0.09423828125, 0.005615234375, -0.01507568359375, 0.0634765625, -0.1826171875] 8 2 1
 [0.1748046875, 0.01068115234375, -0.045654296875, 0.07470703125, -0.0390625, 0.169921875, -0.1826171875, 0.09423828125, 0.005615234375, -0.01507568359375, 0.0634765625, -0.1826171875] 8 2 1
 [0.1748046875, 0.01068115234375, -0.045654296875, 0.07470703125, -0.0390625, 0.169921875, -0.1826171875, 0.09423828125, 0.005615234375, -0.01507568359375, 0.0634765625, -0.1826171875] 8 2 1
 [0.1748046875, 0.01068115234375, -0.045654296875, 0.07470703125, -0.0390625, 0.169921875, -0.1826171875, 0.09423828125, 0.005615234375, -0.01507568359375, 0.0634765625, -0.1826171875] 8 2 1
 [0.1748046875, 0.01068115234375, -0.045654296875, 0.07470703125, -0.0390625, 0.169921875, -0.1826171875, 0.09423828125, 0.005615234375, -0.01507568359375, 0.0634765625, -0.1826171875] 8 2 1
 [0.1748046875, 0.01068115234375, -0.045654296875, 0.07470703125, -0.0390625, 0.169921875, -0.1826171875, 0.09423828125, 0.005615234375, -0.01507568359375, 0.0634765625, -0.1826171875] 8 2 1
 [0.1748046875, 0.01068115234375, -0.045654296875, 0.07470703125, -0.0390625, 0.169921875, -0.1826171875, 0.09423828125, 0.005615234375, -0.01507568359375, 0.0634765625, -0.1826171875] 8 2 1
 [0.1748046875, 0.01068115234375, -0.045654296875, 0.07470703125, -0.0390625, 0.169921875, -0.1826171875, 0.09423828125, 0.005615234375, -0.01507568359375, 0.0634765625, -0.1826171875] 8 2 1
 [0.1748046875, 0.01068115234375, -0.045654296875, 0.07470703125, -0.0390625, 0.169921875, -0.1826171875, 0.09423828125, 0.005615234375, -0.01507568359375, 0.0634765625, -0.1826171875] 8 2 1
 [0.1748046875, 0.01068115234375, -0.045654296875, 0.07470703125, -0.0390625, 0.169921875, -0.1826171875, 0.09423828125, 0.005615234375, -0.01507568359375, 0.0634765625, -0.1826171875] 8 2 1
 [0.1748046875, 0.01068115234375, -0.045654296875, 0.07470703125, -0.0390625, 0.169921875, -0.1826171875, 0.09423828125, 0.005615234375, -0.01507568359375, 0.0634765625, -0.1826171875] 8 2 1
 [0.1748046875, 0.01068115234375, -0.045654296875, 0.07470703125, -0.0390625, 0.169921875, -0.1826171875, 0.09423828125, 0.005615234375, -0.01507568359375, 0.0634765625, -0.1826171875] 8 2 1
 [0.1748046875, 0.01068115234375, -0.045654296875, 0.07470703125, -0.0390625, 0.169921875, -0.1826171875, 0.09423828125, 0.005615234375, -0.01507568359375, 0.0634765625, -0.1826171875] 8 2 1
 [0.1748046875, 0.01068115234375, -0.045654296875, 0.07470703125, -0.0390625, 0.169921875, -0.1826171875, 0.09423828125, 0.005615234375, -0.01507568359375, 0.0634765625, -0.1826171875] 8 2 1
 [0.1748046875, 0.01068115234375, -0.045654296875, 0.07470703125, -0.0390625, 0.169921875, -0.1826171875, 0.09423828125, 0.005615234375, -0.01507568359375, 0.0634765625, -0.1826171875] 8 2 1
 [0.1748046875, 0.01068115234375, -0.045654296875, 0.07470703125, -0.0390625, 0.169921875, -0.1826171875, 0.09423828125, 0.005615234375, -0.01507568359375, 0.0634765625, -0.1826171875] 8 2 1
 [0.1748046875, 0.01068115234375, -0.045654296875, 0.07470703125, -0.0390625, 0.169921875, -0.1826171875, 0.09423828125, 0.005615234375, -0.01507568359375, 0.0634765625, -0.1826171875] 10 2 1
 [0.1748046875, 0.01068115234375, -0.045654296875, 0.07470703125, -0.0390625, 0.169921875, -0.1826171875, 0.09423828125, 0.005615234375, -0.01507568359375, 0.0634765625, -0.1826171875] 10 2 1
 [0.1748046875, 0.01068115234375, -0.045654296875, 0.07470703125, -0.0390625, 0.169921875, -0.1826171875, 0.09423828125, 0.005615234375, -0.01507568359375, 0.0634765625, -0.1826171875] 10 2 1
 [0.1748046875, 0.01068115234375, -0.045654296875, 0.07470703125, -0.0390625, 0.169921875, -0.1826171875, 0.09423828125, 0.005615234375, -0.01507568359375, 0.0634765625, -0.1826171875] 10 2 1
 [0.1748046875, 0.01068115234375, -0.045654296875, 0.07470703125, -0.0390625, 0.169921875, -0.1826171875, 0.09423828125, 0.005615234375, -0.01507568359375, 0.0634765625, -0.1826171875] 10 2 1
 [0.1748046875, 0.01068115234375, -0.045654296875, 0.07470703125, -0.0390625, 0.169921875, -0.1826171875, 0.09423828125, 0.005615234375, -0.01507568359375, 0.0634765625, -0.1826171875] 10 2 1
 [0.1748046875, 0.01068115234375, -0.045654296875, 0.07470703125, -0.0390625, 0.169921875, -0.1826171875, 0.09423828125, 0.005615234375, -0.01507568359375, 0.0634765625, -0.1826171875] 10 2 1
 [0.1748046875, 0.01068115234375, -0.045654296875, 0.07470703125, -0.0390625, 0.169921875, -0.1826171875, 0.09423828125, 0.005615234375, -0.01507568359375, 0.0634765625, -0.1826171875] 10 2 1
 [0.1748046875, 0.01068115234375, -0.045654296875, 0.07470703125, -0.0390625, 0.169921875, -0.1826171875, 0.09423828125, 0.005615234375, -0.01507568359375, 0.0634765625, -0.1826171875] 10 2 1
 [0.1748046875, 0.01068115234375, -0.045654296875, 0.07470703125, -0.0390625, 0.169921875, -0.1826171875, 0.09423828125, 0.005615234375, -0.01507568359375, 0.0634765625, -0.1826171875] 10 2 1
 [0.1748046875, 0.01068115234375, -0.045654296875, 0.07470703125, -0.0390625, 0.169921875, -0.1826171875, 0.09423828125, 0.005615234375, -0.01507568359375, 0.0634765625, -0.1826171875] 10 2 1
 [0.1748046875, 0.01068115234375, -0.045654296875, 0.07470703125, -0.0390625, 0.169921875, -0.1826171875, 0.09423828125, 0.005615234375, -0.01507568359375, 0.0634765625, -0.1826171875] 10 2 1
 [0.1748046875, 0.01068115234375, -0.045654296875, 0.07470703125, -0.0390625, 0.169921875, -0.1826171875, 0.09423828125, 0.005615234375, -0.01507568359375, 0.0634765625, -0.1826171875] 10 2 1
 [0.1748046875, 0.01068115234375, -0.045654296875, 0.07470703125, -0.0390625, 0.169921875, -0.1826171875, 0.09423828125, 0.005615234375, -0.01507568359375, 0.0634765625, -0.1826171875] 10 2 1
 [0.1748046875, 0.01068115234375, -0.045654296875, 0.07470703125, -0.0390625, 0.169921875, -0.1826171875, 0.09423828125, 0.005615234375, -0.01507568359375, 0.0634765625, -0.1826171875] 10 2 1
 [0.1748046875, 0.01068115234375, -0.045654296875, 0.07470703125, -0.0390625, 0.169921875, -0.1826171875, 0.09423828125, 0.005615234375, -0.01507568359375, 0.0634765625, -0.1826171875] 10 2 1
 [0.1748046875, 0.01068115234375, -0.045654296875, 0.07470703125, -0.0390625, 0.169921875, -0.1826171875, 0.09423828125, 0.005615234375, -0.01507568359375, 0.0634765625, -0.1826171875] 10 2 1
 [0.1748046875, 0.01068115234375, -0.045654296875, 0.07470703125, -0.0390625, 0.169921875, -0.1826171875, 0.09423828125, 0.005615234375, -0.01507568359375, 0.0634765625, -0.1826171875] 10 2 1
 [0.1748046875, 0.01068115234375, -0.045654296875, 0.07470703125, -0.0390625, 0.169921875, -0.1826171875, 0.09423828125, 0.005615234375, -0.01507568359375, 0.0634765625, -0.1826171875] 10 2 1
 [0.1748046875, 0.01068115234375, -0.045654296875, 0.07470703125, -0.0390625, 0.169921875, -0.1826171875, 0.09423828125, 0.005615234375, -0.01507568359375, 0.0634765625, -0.1826171875] 10 2 1
 [0.1748046875, 0.01068115234375, -0.045654296875, 0.07470703125, -0.0390625, 0.169921875, -0.1826171875, 0.09423828125, 0.005615234375, -0.01507568359375, 0.0634765625, -0.1826171875] 10 2 1
 [0.1748046875, 0.01068115234375, -0.045654296875, 0.07470703125, -0.0390625, 0.169921875, -0.1826171875, 0.09423828125, 0.005615234375, -0.01507568359375, 0.0634765625, -0.1826171875] 10 2 1
 [0.1748046875, 0.01068115234375, -0.045654296875, 0.07470703125, -0.0390625, 0.169921875, -0.1826171875, 0.09423828125, 0.005615234375, -0.01507568359375, 0.0634765625, -0.1826171875] 10 2 1
 [0.1748046875, 0.01068115234375, -0.045654296875, 0.07470703125, -0.0390625, 0.169921875, -0.1826171875, 0.09423828125, 0.005615234375, -0.01507568359375, 0.0634765625, -0.1826171875] 10 2 1
 [0.1748046875, 0.01068115234375, -0.045654296875, 0.07470703125, -0.0390625, 0.169921875, -0.1826171875, 0.09423828125, 0.005615234375, -0.01507568359375, 0.0634765625, -0.1826171875] 10 2 1
 [0.1748046875, 0.01068115234375, -0.045654296875, 0.07470703125, -0.0390625, 0.169921875, -0.1826171875, 0.09423828125, 0.005615234375, -0.01507568359375, 0.0634765625, -0.1826171875] 10 2 1
 [0.1748046875, 0.01068115234375, -0.045654296875, 0.07470703125, -0.0390625, 0.169921875, -0.1826171875, 0.09423828125, 0.005615234375, -0.01507568359375, 0.0634765625, -0.1826171875] 10 2 1
 [0.1748046875, 0.01068115234375, -0.045654296875, 0.07470703125, -0.0390625, 0.169921875, -0.1826171875, 0.09423828125, 0.005615234375, -0.01507568359375, 0.0634765625, -0.1826171875] 10 2 1
 [0.1748046875, 0.01068115234375, -0.045654296875, 0.07470703125, -0.0390625, 0.169921875, -0.1826171875, 0.09423828125, 0.005615234375, -0.01507568359375, 0.0634765625, -0.1826171875] 10 2 1
 [0.1748046875, 0.01068115234375, -0.045654296875, 0.07470703125, -0.0390625, 0.169921875, -0.1826171875, 0.09423828125, 0.005615234375, -0.01507568359375, 0.0634765625, -0.1826171875] 10 2 1
 [0.1748046875, 0.01068115234375, -0.045654296875, 0.07470703125, -0.0390625, 0.169921875, -0.1826171875, 0.09423828125, 0.005615234375, -0.01507568359375, 0.0634765625, -0.1826171875] 10 2 1
 [0.1748046875, 0.01068115234375, -0.045654296875, 0.07470703125, -0.0390625, 0.169921875, -0.1826171875, 0.09423828125, 0.005615234375, -0.01507568359375, 0.0634765625, -0.1826171875] 10 2 1
 [0.1748046875, 0.01068115234375, -0.045654296875, 0.07470703125, -0.0390625, 0.169921875, -0.1826171875, 0.09423828125, 0.005615234375, -0.01507568359375, 0.0634765625, -0.1826171875] 10 2 1
 [0.1748046875, 0.01068115234375, -0.045654296875, 0.07470703125, -0.0390625, 0.169921875, -0.1826171875, 0.09423828125, 0.005615234375, -0.01507568359375, 0.0634765625, -0.1826171875] 10 2 1
 [0.1748046875, 0.01068115234375, -0.045654296875, 0.07470703125, -0.0390625, 0.169921875, -0.1826171875, 0.09423828125, 0.005615234375, -0.01507568359375, 0.0634765625, -0.1826171875] 11 2 1
 [0.1748046875, 0.01068115234375, -0.045654296875, 0.07470703125, -0.0390625, 0.169921875, -0.1826171875, 0.09423828125, 0.005615234375, -0.01507568359375, 0.0634765625, -0.1826171875] 11 2 1
 [0.1748046875, 0.01068115234375, -0.045654296875, 0.07470703125, -0.0390625, 0.169921875, -0.1826171875, 0.09423828125, 0.005615234375, -0.01507568359375, 0.0634765625, -0.1826171875] 11 2 1
 [0.1748046875, 0.01068115234375, -0.045654296875, 0.07470703125, -0.0390625, 0.169921875, -0.1826171875, 0.09423828125, 0.005615234375, -0.01507568359375, 0.0634765625, -0.1826171875] 11 2 1
 [0.1748046875, 0.01068115234375, -0.045654296875, 0.07470703125, -0.0390625, 0.169921875, -0.1826171875, 0.09423828125, 0.005615234375, -0.01507568359375, 0.0634765625, -0.1826171875] 11 2 1
 [0.1748046875, 0.01068115234375, -0.045654296875, 0.07470703125, -0.0390625, 0.169921875, -0.1826171875, 0.09423828125, 0.005615234375, -0.01507568359375, 0.0634765625, -0.1826171875] 11 2 1
 [0.1748046875, 0.01068115234375, -0.045654296875, 0.07470703125, -0.0390625, 0.169921875, -0.1826171875, 0.09423828125, 0.005615234375, -0.01507568359375, 0.0634765625, -0.1826171875] 11 2 1
 [0.1748046875, 0.01068115234375, -0.045654296875, 0.07470703125, -0.0390625, 0.169921875, -0.1826171875, 0.09423828125, 0.005615234375, -0.01507568359375, 0.0634765625, -0.1826171875] 11 2 1
 [0.1748046875, 0.01068115234375, -0.045654296875, 0.07470703125, -0.0390625, 0.169921875, -0.1826171875, 0.09423828125, 0.005615234375, -0.01507568359375, 0.0634765625, -0.1826171875] 11 2 1
 [0.1748046875, 0.01068115234375, -0.045654296875, 0.07470703125, -0.0390625, 0.169921875, -0.1826171875, 0.09423828125, 0.005615234375, -0.01507568359375, 0.0634765625, -0.1826171875] 11 2 1
 [0.1748046875, 0.01068115234375, -0.045654296875, 0.07470703125, -0.0390625, 0.169921875, -0.1826171875, 0.09423828125, 0.005615234375, -0.01507568359375, 0.0634765625, -0.1826171875] 11 2 1
 [0.1748046875, 0.01068115234375, -0.045654296875, 0.07470703125, -0.0390625, 0.169921875, -0.1826171875, 0.09423828125, 0.005615234375, -0.01507568359375, 0.0634765625, -0.1826171875] 11 2 1
 [0.1748046875, 0.01068115234375, -0.045654296875, 0.07470703125, -0.0390625, 0.169921875, -0.1826171875, 0.09423828125, 0.005615234375, -0.01507568359375, 0.0634765625, -0.1826171875] 11 2 1
 [0.1748046875, 0.01068115234375, -0.045654296875, 0.07470703125, -0.0390625, 0.169921875, -0.1826171875, 0.09423828125, 0.005615234375, -0.01507568359375, 0.0634765625, -0.1826171875] 11 2 1
 [0.1748046875, 0.01068115234375, -0.045654296875, 0.07470703125, -0.0390625, 0.169921875, -0.1826171875, 0.09423828125, 0.005615234375, -0.01507568359375, 0.0634765625, -0.1826171875] 11 2 1
 [0.1748046875, 0.01068115234375, -0.045654296875, 0.07470703125, -0.0390625, 0.169921875, -0.1826171875, 0.09423828125, 0.005615234375, -0.01507568359375, 0.0634765625, -0.1826171875] 11 2 1
 [0.1748046875, 0.01068115234375, -0.045654296875, 0.07470703125, -0.0390625, 0.169921875, -0.1826171875, 0.09423828125, 0.005615234375, -0.01507568359375, 0.0634765625, -0.1826171875] 11 2 1
 [0.1748046875, 0.01068115234375, -0.045654296875, 0.07470703125, -0.0390625, 0.169921875, -0.1826171875, 0.09423828125, 0.005615234375, -0.01507568359375, 0.0634765625, -0.1826171875] 11 2 1
 [0.1748046875, 0.01068115234375, -0.045654296875, 0.07470703125, -0.0390625, 0.169921875, -0.1826171875, 0.09423828125, 0.005615234375, -0.01507568359375, 0.0634765625, -0.1826171875] 11 2 1
 [0.1748046875, 0.01068115234375, -0.045654296875, 0.07470703125, -0.0390625, 0.169921875, -0.1826171875, 0.09423828125, 0.005615234375, -0.01507568359375, 0.0634765625, -0.1826171875] 11 2 1
 [0.1748046875, 0.01068115234375, -0.045654296875, 0.07470703125, -0.0390625, 0.169921875, -0.1826171875, 0.09423828125, 0.005615234375, -0.01507568359375, 0.0634765625, -0.1826171875] 11 2 1
 [0.1748046875, 0.01068115234375, -0.045654296875, 0.07470703125, -0.0390625, 0.169921875, -0.1826171875, 0.09423828125, 0.005615234375, -0.01507568359375, 0.0634765625, -0.1826171875] 11 2 1
 [0.1748046875, 0.01068115234375, -0.045654296875, 0.07470703125, -0.0390625, 0.169921875, -0.1826171875, 0.09423828125, 0.005615234375, -0.01507568359375, 0.0634765625, -0.1826171875] 11 2 1
 [0.1748046875, 0.01068115234375, -0.045654296875, 0.07470703125, -0.0390625, 0.169921875, -0.1826171875, 0.09423828125, 0.005615234375, -0.01507568359375, 0.0634765625, -0.1826171875] 11 2 1
 [0.1748046875, 0.01068115234375, -0.045654296875, 0.07470703125, -0.0390625, 0.169921875, -0.1826171875, 0.09423828125, 0.005615234375, -0.01507568359375, 0.0634765625, -0.1826171875] 11 2 1
 [0.1748046875, 0.01068115234375, -0.045654296875, 0.07470703125, -0.0390625, 0.169921875, -0.1826171875, 0.09423828125, 0.005615234375, -0.01507568359375, 0.0634765625, -0.1826171875] 11 2 1
 [0.1748046875, 0.01068115234375, -0.045654296875, 0.07470703125, -0.0390625, 0.169921875, -0.1826171875, 0.09423828125, 0.005615234375, -0.01507568359375, 0.0634765625, -0.1826171875] 11 2 1
 [0.1748046875, 0.01068115234375, -0.045654296875, 0.07470703125, -0.0390625, 0.169921875, -0.1826171875, 0.09423828125, 0.005615234375, -0.01507568359375, 0.0634765625, -0.1826171875] 11 2 1
 [0.1748046875, 0.01068115234375, -0.045654296875, 0.07470703125, -0.0390625, 0.169921875, -0.1826171875, 0.09423828125, 0.005615234375, -0.01507568359375, 0.0634765625, -0.1826171875] 11 2 1
 [0.1748046875, 0.01068115234375, -0.045654296875, 0.07470703125, -0.0390625, 0.169921875, -0.1826171875, 0.09423828125, 0.005615234375, -0.01507568359375, 0.0634765625, -0.1826171875] 11 2 1
 [0.1748046875, 0.01068115234375, -0.045654296875, 0.07470703125, -0.0390625, 0.169921875, -0.1826171875, 0.09423828125, 0.005615234375, -0.01507568359375, 0.0634765625, -0.1826171875] 11 2 1
 [0.1748046875, 0.01068115234375, -0.045654296875, 0.07470703125, -0.0390625, 0.169921875, -0.1826171875, 0.09423828125, 0.005615234375, -0.01507568359375, 0.0634765625, -0.1826171875] 11 2 1
 [0.1748046875, 0.01068115234375, -0.045654296875, 0.07470703125, -0.0390625, 0.169921875, -0.1826171875, 0.09423828125, 0.005615234375, -0.01507568359375, 0.0634765625, -0.1826171875] 10 2 1
 [0.1748046875, 0.01068115234375, -0.045654296875, 0.07470703125, -0.0390625, 0.169921875, -0.1826171875, 0.09423828125, 0.005615234375, -0.01507568359375, 0.0634765625, -0.1826171875] 0 2 2
 [0.1748046875, 0.01068115234375, -0.045654296875, 0.07470703125, -0.0390625, 0.169921875, -0.1826171875, 0.09423828125, 0.005615234375, -0.01507568359375, 0.0634765625, -0.1826171875] 0 2 2
 [0.1748046875, 0.01068115234375, -0.045654296875, 0.07470703125, -0.0390625, 0.169921875, -0.1826171875, 0.09423828125, 0.005615234375, -0.01507568359375, 0.0634765625, -0.1826171875] 0 2 2
 [0.1748046875, 0.01068115234375, -0.045654296875, 0.07470703125, -0.0390625, 0.169921875, -0.1826171875, 0.09423828125, 0.005615234375, -0.01507568359375, 0.0634765625, -0.1826171875] 0 2 2
 [0.1748046875, 0.01068115234375, -0.045654296875, 0.07470703125, -0.0390625, 0.169921875, -0.1826171875, 0.09423828125, 0.005615234375, -0.01507568359375, 0.0634765625, -0.1826171875] 0 2 2
 [0.1748046875, 0.01068115234375, -0.045654296875, 0.07470703125, -0.0390625, 0.169921875, -0.1826171875, 0.09423828125, 0.005615234375, -0.01507568359375, 0.0634765625, -0.1826171875] 0 2 2
 [0.1748046875, 0.01068115234375, -0.045654296875, 0.07470703125, -0.0390625, 0.169921875, -0.1826171875, 0.09423828125, 0.005615234375, -0.01507568359375, 0.0634765625, -0.1826171875] 0 2 2
 [0.1748046875, 0.01068115234375, -0.045654296875, 0.07470703125, -0.0390625, 0.169921875, -0.1826171875, 0.09423828125, 0.005615234375, -0.01507568359375, 0.0634765625, -0.1826171875] 0 2 2
 [0.1748046875, 0.01068115234375, -0.045654296875, 0.07470703125, -0.0390625, 0.169921875, -0.1826171875, 0.09423828125, 0.005615234375, -0.01507568359375, 0.0634765625, -0.1826171875] 0 2 2
 [0.1748046875, 0.01068115234375, -0.045654296875, 0.07470703125, -0.0390625, 0.169921875, -0.1826171875, 0.09423828125, 0.005615234375, -0.01507568359375, 0.0634765625, -0.1826171875] 0 2 2
 [0.1748046875, 0.01068115234375, -0.045654296875, 0.07470703125, -0.0390625, 0.169921875, -0.1826171875, 0.09423828125, 0.005615234375, -0.01507568359375, 0.0634765625, -0.1826171875] 0 2 2
 [0.1748046875, 0.01068115234375, -0.045654296875, 0.07470703125, -0.0390625, 0.169921875, -0.1826171875, 0.09423828125, 0.005615234375, -0.01507568359375, 0.0634765625, -0.1826171875] 0 2 2
 [0.1748046875, 0.01068115234375, -0.045654296875, 0.07470703125, -0.0390625, 0.169921875, -0.1826171875, 0.09423828125, 0.005615234375, -0.01507568359375, 0.0634765625, -0.1826171875] 0 2 2
 [0.1748046875, 0.01068115234375, -0.045654296875, 0.07470703125, -0.0390625, 0.169921875, -0.1826171875, 0.09423828125, 0.005615234375, -0.01507568359375, 0.0634765625, -0.1826171875] 0 2 2
 [0.1748046875, 0.01068115234375, -0.045654296875, 0.07470703125, -0.0390625, 0.169921875, -0.1826171875, 0.09423828125, 0.005615234375, -0.01507568359375, 0.0634765625, -0.1826171875] 0 2 2
 [0.1748046875, 0.01068115234375, -0.045654296875, 0.07470703125, -0.0390625, 0.169921875, -0.1826171875, 0.09423828125, 0.005615234375, -0.01507568359375, 0.0634765625, -0.1826171875] 0 2 2
 [0.1748046875, 0.01068115234375, -0.045654296875, 0.07470703125, -0.0390625, 0.169921875, -0.1826171875, 0.09423828125, 0.005615234375, -0.01507568359375, 0.0634765625, -0.1826171875] 0 2 2
 [0.1748046875, 0.01068115234375, -0.045654296875, 0.07470703125, -0.0390625, 0.169921875, -0.1826171875, 0.09423828125, 0.005615234375, -0.01507568359375, 0.0634765625, -0.1826171875] 0 2 2
 [0.1748046875, 0.01068115234375, -0.045654296875, 0.07470703125, -0.0390625, 0.169921875, -0.1826171875, 0.09423828125, 0.005615234375, -0.01507568359375, 0.0634765625, -0.1826171875] 0 2 2
 [0.1748046875, 0.01068115234375, -0.045654296875, 0.07470703125, -0.0390625, 0.169921875, -0.1826171875, 0.09423828125, 0.005615234375, -0.01507568359375, 0.0634765625, -0.1826171875] 0 2 2
 [0.1748046875, 0.01068115234375, -0.045654296875, 0.07470703125, -0.0390625, 0.169921875, -0.1826171875, 0.09423828125, 0.005615234375, -0.01507568359375, 0.0634765625, -0.1826171875] 0 2 2
 [0.1748046875, 0.01068115234375, -0.045654296875, 0.07470703125, -0.0390625, 0.169921875, -0.1826171875, 0.09423828125, 0.005615234375, -0.01507568359375, 0.0634765625, -0.1826171875] 0 2 2
 [0.1748046875, 0.01068115234375, -0.045654296875, 0.07470703125, -0.0390625, 0.169921875, -0.1826171875, 0.09423828125, 0.005615234375, -0.01507568359375, 0.0634765625, -0.1826171875] 0 2 2
 [0.1748046875, 0.01068115234375, -0.045654296875, 0.07470703125, -0.0390625, 0.169921875, -0.1826171875, 0.09423828125, 0.005615234375, -0.01507568359375, 0.0634765625, -0.1826171875] 0 2 2
 [0.1748046875, 0.01068115234375, -0.045654296875, 0.07470703125, -0.0390625, 0.169921875, -0.1826171875, 0.09423828125, 0.005615234375, -0.01507568359375, 0.0634765625, -0.1826171875] 0 2 2
 [0.1748046875, 0.01068115234375, -0.045654296875, 0.07470703125, -0.0390625, 0.169921875, -0.1826171875, 0.09423828125, 0.005615234375, -0.01507568359375, 0.0634765625, -0.1826171875] 0 2 2
 [0.1748046875, 0.01068115234375, -0.045654296875, 0.07470703125, -0.0390625, 0.169921875, -0.1826171875, 0.09423828125, 0.005615234375, -0.01507568359375, 0.0634765625, -0.1826171875] 0 2 2
 [0.1748046875, 0.01068115234375, -0.045654296875, 0.07470703125, -0.0390625, 0.169921875, -0.1826171875, 0.09423828125, 0.005615234375, -0.01507568359375, 0.0634765625, -0.1826171875] 0 2 2
 [0.1748046875, 0.01068115234375, -0.045654296875, 0.07470703125, -0.0390625, 0.169921875, -0.1826171875, 0.09423828125, 0.005615234375, -0.01507568359375, 0.0634765625, -0.1826171875] 0 2 2
 [0.1748046875, 0.01068115234375, -0.045654296875, 0.07470703125, -0.0390625, 0.169921875, -0.1826171875, 0.09423828125, 0.005615234375, -0.01507568359375, 0.0634765625, -0.1826171875] 0 2 2
 [0.1748046875, 0.01068115234375, -0.045654296875, 0.07470703125, -0.0390625, 0.169921875, -0.1826171875, 0.09423828125, 0.005615234375, -0.01507568359375, 0.0634765625, -0.1826171875] 0 2 2
 [0.1748046875, 0.01068115234375, -0.045654296875, 0.07470703125, -0.0390625, 0.169921875, -0.1826171875, 0.09423828125, 0.005615234375, -0.01507568359375, 0.0634765625, -0.1826171875] 0 2 2
 [0.1748046875, 0.01068115234375, -0.045654296875, 0.07470703125, -0.0390625, 0.169921875, -0.1826171875, 0.09423828125, 0.005615234375, -0.01507568359375, 0.0634765625, -0.1826171875] 0 2 2
 [0.1748046875, 0.01068115234375, -0.045654296875, 0.07470703125, -0.0390625, 0.169921875, -0.1826171875, 0.09423828125, 0.005615234375, -0.01507568359375, 0.0634765625, -0.1826171875] 1 2 2
 [0.1748046875, 0.01068115234375, -0.045654296875, 0.07470703125, -0.0390625, 0.169921875, -0.1826171875, 0.09423828125, 0.005615234375, -0.01507568359375, 0.0634765625, -0.1826171875] 1 2 2
 [0.1748046875, 0.01068115234375, -0.045654296875, 0.07470703125, -0.0390625, 0.169921875, -0.1826171875, 0.09423828125, 0.005615234375, -0.01507568359375, 0.0634765625, -0.1826171875] 1 2 2
 [0.1748046875, 0.01068115234375, -0.045654296875, 0.07470703125, -0.0390625, 0.169921875, -0.1826171875, 0.09423828125, 0.005615234375, -0.01507568359375, 0.0634765625, -0.1826171875] 1 2 2
 [0.1748046875, 0.01068115234375, -0.045654296875, 0.07470703125, -0.0390625, 0.169921875, -0.1826171875, 0.09423828125, 0.005615234375, -0.01507568359375, 0.0634765625, -0.1826171875] 1 2 2
 [0.1748046875, 0.01068115234375, -0.045654296875, 0.07470703125, -0.0390625, 0.169921875, -0.1826171875, 0.09423828125, 0.005615234375, -0.01507568359375, 0.0634765625, -0.1826171875] 1 2 2
 [0.1748046875, 0.01068115234375, -0.045654296875, 0.07470703125, -0.0390625, 0.169921875, -0.1826171875, 0.09423828125, 0.005615234375, -0.01507568359375, 0.0634765625, -0.1826171875] 1 2 2
 [0.1748046875, 0.01068115234375, -0.045654296875, 0.07470703125, -0.0390625, 0.169921875, -0.1826171875, 0.09423828125, 0.005615234375, -0.01507568359375, 0.0634765625, -0.1826171875] 1 2 2
 [0.1748046875, 0.01068115234375, -0.045654296875, 0.07470703125, -0.0390625, 0.169921875, -0.1826171875, 0.09423828125, 0.005615234375, -0.01507568359375, 0.0634765625, -0.1826171875] 1 2 2
 [0.1748046875, 0.01068115234375, -0.045654296875, 0.07470703125, -0.0390625, 0.169921875, -0.1826171875, 0.09423828125, 0.005615234375, -0.01507568359375, 0.0634765625, -0.1826171875] 1 2 2
 [0.1748046875, 0.01068115234375, -0.045654296875, 0.07470703125, -0.0390625, 0.169921875, -0.1826171875, 0.09423828125, 0.005615234375, -0.01507568359375, 0.0634765625, -0.1826171875] 1 2 2
 [0.1748046875, 0.01068115234375, -0.045654296875, 0.07470703125, -0.0390625, 0.169921875, -0.1826171875, 0.09423828125, 0.005615234375, -0.01507568359375, 0.0634765625, -0.1826171875] 1 2 2
 [0.1748046875, 0.01068115234375, -0.045654296875, 0.07470703125, -0.0390625, 0.169921875, -0.1826171875, 0.09423828125, 0.005615234375, -0.01507568359375, 0.0634765625, -0.1826171875] 1 2 2
 [0.1748046875, 0.01068115234375, -0.045654296875, 0.07470703125, -0.0390625, 0.169921875, -0.1826171875, 0.09423828125, 0.005615234375, -0.01507568359375, 0.0634765625, -0.1826171875] 1 2 2
 [0.1748046875, 0.01068115234375, -0.045654296875, 0.07470703125, -0.0390625, 0.169921875, -0.1826171875, 0.09423828125, 0.005615234375, -0.01507568359375, 0.0634765625, -0.1826171875] 1 2 2
 [0.1748046875, 0.01068115234375, -0.045654296875, 0.07470703125, -0.0390625, 0.169921875, -0.1826171875, 0.09423828125, 0.005615234375, -0.01507568359375, 0.0634765625, -0.1826171875] 1 2 2
 [0.1748046875, 0.01068115234375, -0.045654296875, 0.07470703125, -0.0390625, 0.169921875, -0.1826171875, 0.09423828125, 0.005615234375, -0.01507568359375, 0.0634765625, -0.1826171875] 1 2 2
 [0.1748046875, 0.01068115234375, -0.045654296875, 0.07470703125, -0.0390625, 0.169921875, -0.1826171875, 0.09423828125, 0.005615234375, -0.01507568359375, 0.0634765625, -0.1826171875] 1 2 2
 [0.1748046875, 0.01068115234375, -0.045654296875, 0.07470703125, -0.0390625, 0.169921875, -0.1826171875, 0.09423828125, 0.005615234375, -0.01507568359375, 0.0634765625, -0.1826171875] 1 2 2
 [0.1748046875, 0.01068115234375, -0.045654296875, 0.07470703125, -0.0390625, 0.169921875, -0.1826171875, 0.09423828125, 0.005615234375, -0.01507568359375, 0.0634765625, -0.1826171875] 1 2 2
 [0.1748046875, 0.01068115234375, -0.045654296875, 0.07470703125, -0.0390625, 0.169921875, -0.1826171875, 0.09423828125, 0.005615234375, -0.01507568359375, 0.0634765625, -0.1826171875] 1 2 2
 [0.1748046875, 0.01068115234375, -0.045654296875, 0.07470703125, -0.0390625, 0.169921875, -0.1826171875, 0.09423828125, 0.005615234375, -0.01507568359375, 0.0634765625, -0.1826171875] 1 2 2
 [0.1748046875, 0.01068115234375, -0.045654296875, 0.07470703125, -0.0390625, 0.169921875, -0.1826171875, 0.09423828125, 0.005615234375, -0.01507568359375, 0.0634765625, -0.1826171875] 1 2 2
 [0.1748046875, 0.01068115234375, -0.045654296875, 0.07470703125, -0.0390625, 0.169921875, -0.1826171875, 0.09423828125, 0.005615234375, -0.01507568359375, 0.0634765625, -0.1826171875] 1 2 2
 [0.1748046875, 0.01068115234375, -0.045654296875, 0.07470703125, -0.0390625, 0.169921875, -0.1826171875, 0.09423828125, 0.005615234375, -0.01507568359375, 0.0634765625, -0.1826171875] 1 2 2
 [0.1748046875, 0.01068115234375, -0.045654296875, 0.07470703125, -0.0390625, 0.169921875, -0.1826171875, 0.09423828125, 0.005615234375, -0.01507568359375, 0.0634765625, -0.1826171875] 1 2 2
 [0.1748046875, 0.01068115234375, -0.045654296875, 0.07470703125, -0.0390625, 0.169921875, -0.1826171875, 0.09423828125, 0.005615234375, -0.01507568359375, 0.0634765625, -0.1826171875] 1 2 2
 [0.1748046875, 0.01068115234375, -0.045654296875, 0.07470703125, -0.0390625, 0.169921875, -0.1826171875, 0.09423828125, 0.005615234375, -0.01507568359375, 0.0634765625, -0.1826171875] 1 2 2
 [0.1748046875, 0.01068115234375, -0.045654296875, 0.07470703125, -0.0390625, 0.169921875, -0.1826171875, 0.09423828125, 0.005615234375, -0.01507568359375, 0.0634765625, -0.1826171875] 1 2 2
 [0.1748046875, 0.01068115234375, -0.045654296875, 0.07470703125, -0.0390625, 0.169921875, -0.1826171875, 0.09423828125, 0.005615234375, -0.01507568359375, 0.0634765625, -0.1826171875] 1 2 2
 [0.1748046875, 0.01068115234375, -0.045654296875, 0.07470703125, -0.0390625, 0.169921875, -0.1826171875, 0.09423828125, 0.005615234375, -0.01507568359375, 0.0634765625, -0.1826171875] 1 2 2
 [0.1748046875, 0.01068115234375, -0.045654296875, 0.07470703125, -0.0390625, 0.169921875, -0.1826171875, 0.09423828125, 0.005615234375, -0.01507568359375, 0.0634765625, -0.1826171875] 1 2 2
 [0.1748046875, 0.01068115234375, -0.045654296875, 0.07470703125, -0.0390625, 0.169921875, -0.1826171875, 0.09423828125, 0.005615234375, -0.01507568359375, 0.0634765625, -0.1826171875] 1 2 2
 [0.1748046875, 0.01068115234375, -0.045654296875, 0.07470703125, -0.0390625, 0.169921875, -0.1826171875, 0.09423828125, 0.005615234375, -0.01507568359375, 0.0634765625, -0.1826171875] 1 2 2
 [0.1748046875, 0.01068115234375, -0.045654296875, 0.07470703125, -0.0390625, 0.169921875, -0.1826171875, 0.09423828125, 0.005615234375, -0.01507568359375, 0.0634765625, -0.1826171875] 2 2 2
 [0.1748046875, 0.01068115234375, -0.045654296875, 0.07470703125, -0.0390625, 0.169921875, -0.1826171875, 0.09423828125, 0.005615234375, -0.01507568359375, 0.0634765625, -0.1826171875] 2 2 2
 [0.1748046875, 0.01068115234375, -0.045654296875, 0.07470703125, -0.0390625, 0.169921875, -0.1826171875, 0.09423828125, 0.005615234375, -0.01507568359375, 0.0634765625, -0.1826171875] 2 2 2
 [0.1748046875, 0.01068115234375, -0.045654296875, 0.07470703125, -0.0390625, 0.169921875, -0.1826171875, 0.09423828125, 0.005615234375, -0.01507568359375, 0.0634765625, -0.1826171875] 2 2 2
 [0.1748046875, 0.01068115234375, -0.045654296875, 0.07470703125, -0.0390625, 0.169921875, -0.1826171875, 0.09423828125, 0.005615234375, -0.01507568359375, 0.0634765625, -0.1826171875] 2 2 2
 [0.1748046875, 0.01068115234375, -0.045654296875, 0.07470703125, -0.0390625, 0.169921875, -0.1826171875, 0.09423828125, 0.005615234375, -0.01507568359375, 0.0634765625, -0.1826171875] 2 2 2
 [0.1748046875, 0.01068115234375, -0.045654296875, 0.07470703125, -0.0390625, 0.169921875, -0.1826171875, 0.09423828125, 0.005615234375, -0.01507568359375, 0.0634765625, -0.1826171875] 2 2 2
 [0.1748046875, 0.01068115234375, -0.045654296875, 0.07470703125, -0.0390625, 0.169921875, -0.1826171875, 0.09423828125, 0.005615234375, -0.01507568359375, 0.0634765625, -0.1826171875] 2 2 2
 [0.1748046875, 0.01068115234375, -0.045654296875, 0.07470703125, -0.0390625, 0.169921875, -0.1826171875, 0.09423828125, 0.005615234375, -0.01507568359375, 0.0634765625, -0.1826171875] 2 2 2
 [0.1748046875, 0.01068115234375, -0.045654296875, 0.07470703125, -0.0390625, 0.169921875, -0.1826171875, 0.09423828125, 0.005615234375, -0.01507568359375, 0.0634765625, -0.1826171875] 2 2 2
 [0.1748046875, 0.01068115234375, -0.045654296875, 0.07470703125, -0.0390625, 0.169921875, -0.1826171875, 0.09423828125, 0.005615234375, -0.01507568359375, 0.0634765625, -0.1826171875] 2 2 2
 [0.1748046875, 0.01068115234375, -0.045654296875, 0.07470703125, -0.0390625, 0.169921875, -0.1826171875, 0.09423828125, 0.005615234375, -0.01507568359375, 0.0634765625, -0.1826171875] 2 2 2
 [0.1748046875, 0.01068115234375, -0.045654296875, 0.07470703125, -0.0390625, 0.169921875, -0.1826171875, 0.09423828125, 0.005615234375, -0.01507568359375, 0.0634765625, -0.1826171875] 2 2 2
 [0.1748046875, 0.01068115234375, -0.045654296875, 0.07470703125, -0.0390625, 0.169921875, -0.1826171875, 0.09423828125, 0.005615234375, -0.01507568359375, 0.0634765625, -0.1826171875] 2 2 2
 [0.1748046875, 0.01068115234375, -0.045654296875, 0.07470703125, -0.0390625, 0.169921875, -0.1826171875, 0.09423828125, 0.005615234375, -0.01507568359375, 0.0634765625, -0.1826171875] 2 2 2
 [0.1748046875, 0.01068115234375, -0.045654296875, 0.07470703125, -0.0390625, 0.169921875, -0.1826171875, 0.09423828125, 0.005615234375, -0.01507568359375, 0.0634765625, -0.1826171875] 2 2 2
 [0.1748046875, 0.01068115234375, -0.045654296875, 0.07470703125, -0.0390625, 0.169921875, -0.1826171875, 0.09423828125, 0.005615234375, -0.01507568359375, 0.0634765625, -0.1826171875] 2 2 2
 [0.1748046875, 0.01068115234375, -0.045654296875, 0.07470703125, -0.0390625, 0.169921875, -0.1826171875, 0.09423828125, 0.005615234375, -0.01507568359375, 0.0634765625, -0.1826171875] 2 2 2
 [0.1748046875, 0.01068115234375, -0.045654296875, 0.07470703125, -0.0390625, 0.169921875, -0.1826171875, 0.09423828125, 0.005615234375, -0.01507568359375, 0.0634765625, -0.1826171875] 2 2 2
 [0.1748046875, 0.01068115234375, -0.045654296875, 0.07470703125, -0.0390625, 0.169921875, -0.1826171875, 0.09423828125, 0.005615234375, -0.01507568359375, 0.0634765625, -0.1826171875] 2 2 2
 [0.1748046875, 0.01068115234375, -0.045654296875, 0.07470703125, -0.0390625, 0.169921875, -0.1826171875, 0.09423828125, 0.005615234375, -0.01507568359375, 0.0634765625, -0.1826171875] 2 2 2
 [0.1748046875, 0.01068115234375, -0.045654296875, 0.07470703125, -0.0390625, 0.169921875, -0.1826171875, 0.09423828125, 0.005615234375, -0.01507568359375, 0.0634765625, -0.1826171875] 2 2 2
 [0.1748046875, 0.01068115234375, -0.045654296875, 0.07470703125, -0.0390625, 0.169921875, -0.1826171875, 0.09423828125, 0.005615234375, -0.01507568359375, 0.0634765625, -0.1826171875] 2 2 2
 [0.1748046875, 0.01068115234375, -0.045654296875, 0.07470703125, -0.0390625, 0.169921875, -0.1826171875, 0.09423828125, 0.005615234375, -0.01507568359375, 0.0634765625, -0.1826171875] 2 2 2
 [0.1748046875, 0.01068115234375, -0.045654296875, 0.07470703125, -0.0390625, 0.169921875, -0.1826171875, 0.09423828125, 0.005615234375, -0.01507568359375, 0.0634765625, -0.1826171875] 2 2 2
 [0.1748046875, 0.01068115234375, -0.045654296875, 0.07470703125, -0.0390625, 0.169921875, -0.1826171875, 0.09423828125, 0.005615234375, -0.01507568359375, 0.0634765625, -0.1826171875] 2 2 2
 [0.1748046875, 0.01068115234375, -0.045654296875, 0.07470703125, -0.0390625, 0.169921875, -0.1826171875, 0.09423828125, 0.005615234375, -0.01507568359375, 0.0634765625, -0.1826171875] 2 2 2
 [0.1748046875, 0.01068115234375, -0.045654296875, 0.07470703125, -0.0390625, 0.169921875, -0.1826171875, 0.09423828125, 0.005615234375, -0.01507568359375, 0.0634765625, -0.1826171875] 2 2 2
 [0.1748046875, 0.01068115234375, -0.045654296875, 0.07470703125, -0.0390625, 0.169921875, -0.1826171875, 0.09423828125, 0.005615234375, -0.01507568359375, 0.0634765625, -0.1826171875] 2 2 2
 [0.1748046875, 0.01068115234375, -0.045654296875, 0.07470703125, -0.0390625, 0.169921875, -0.1826171875, 0.09423828125, 0.005615234375, -0.01507568359375, 0.0634765625, -0.1826171875] 2 2 2
 [0.1748046875, 0.01068115234375, -0.045654296875, 0.07470703125, -0.0390625, 0.169921875, -0.1826171875, 0.09423828125, 0.005615234375, -0.01507568359375, 0.0634765625, -0.1826171875] 2 2 2
 [0.1748046875, 0.01068115234375, -0.045654296875, 0.07470703125, -0.0390625, 0.169921875, -0.1826171875, 0.09423828125, 0.005615234375, -0.01507568359375, 0.0634765625, -0.1826171875] 3 2 2
 [0.1748046875, 0.01068115234375, -0.045654296875, 0.07470703125, -0.0390625, 0.169921875, -0.1826171875, 0.09423828125, 0.005615234375, -0.01507568359375, 0.0634765625, -0.1826171875] 3 2 2
 [0.1748046875, 0.01068115234375, -0.045654296875, 0.07470703125, -0.0390625, 0.169921875, -0.1826171875, 0.09423828125, 0.005615234375, -0.01507568359375, 0.0634765625, -0.1826171875] 3 2 2
 [0.1748046875, 0.01068115234375, -0.045654296875, 0.07470703125, -0.0390625, 0.169921875, -0.1826171875, 0.09423828125, 0.005615234375, -0.01507568359375, 0.0634765625, -0.1826171875] 3 2 2
 [0.1748046875, 0.01068115234375, -0.045654296875, 0.07470703125, -0.0390625, 0.169921875, -0.1826171875, 0.09423828125, 0.005615234375, -0.01507568359375, 0.0634765625, -0.1826171875] 3 2 2
 [0.1748046875, 0.01068115234375, -0.045654296875, 0.07470703125, -0.0390625, 0.169921875, -0.1826171875, 0.09423828125, 0.005615234375, -0.01507568359375, 0.0634765625, -0.1826171875] 3 2 2
 [0.1748046875, 0.01068115234375, -0.045654296875, 0.07470703125, -0.0390625, 0.169921875, -0.1826171875, 0.09423828125, 0.005615234375, -0.01507568359375, 0.0634765625, -0.1826171875] 3 2 2
 [0.1748046875, 0.01068115234375, -0.045654296875, 0.07470703125, -0.0390625, 0.169921875, -0.1826171875, 0.09423828125, 0.005615234375, -0.01507568359375, 0.0634765625, -0.1826171875] 3 2 2
 [0.1748046875, 0.01068115234375, -0.045654296875, 0.07470703125, -0.0390625, 0.169921875, -0.1826171875, 0.09423828125, 0.005615234375, -0.01507568359375, 0.0634765625, -0.1826171875] 3 2 2
 [0.1748046875, 0.01068115234375, -0.045654296875, 0.07470703125, -0.0390625, 0.169921875, -0.1826171875, 0.09423828125, 0.005615234375, -0.01507568359375, 0.0634765625, -0.1826171875] 3 2 2
 [0.1748046875, 0.01068115234375, -0.045654296875, 0.07470703125, -0.0390625, 0.169921875, -0.1826171875, 0.09423828125, 0.005615234375, -0.01507568359375, 0.0634765625, -0.1826171875] 3 2 2
 [0.1748046875, 0.01068115234375, -0.045654296875, 0.07470703125, -0.0390625, 0.169921875, -0.1826171875, 0.09423828125, 0.005615234375, -0.01507568359375, 0.0634765625, -0.1826171875] 3 2 2
 [0.1748046875, 0.01068115234375, -0.045654296875, 0.07470703125, -0.0390625, 0.169921875, -0.1826171875, 0.09423828125, 0.005615234375, -0.01507568359375, 0.0634765625, -0.1826171875] 3 2 2
 [0.1748046875, 0.01068115234375, -0.045654296875, 0.07470703125, -0.0390625, 0.169921875, -0.1826171875, 0.09423828125, 0.005615234375, -0.01507568359375, 0.0634765625, -0.1826171875] 3 2 2
 [0.1748046875, 0.01068115234375, -0.045654296875, 0.07470703125, -0.0390625, 0.169921875, -0.1826171875, 0.09423828125, 0.005615234375, -0.01507568359375, 0.0634765625, -0.1826171875] 3 2 2
 [0.1748046875, 0.01068115234375, -0.045654296875, 0.07470703125, -0.0390625, 0.169921875, -0.1826171875, 0.09423828125, 0.005615234375, -0.01507568359375, 0.0634765625, -0.1826171875] 3 2 2
 [0.1748046875, 0.01068115234375, -0.045654296875, 0.07470703125, -0.0390625, 0.169921875, -0.1826171875, 0.09423828125, 0.005615234375, -0.01507568359375, 0.0634765625, -0.1826171875] 3 2 2
 [0.1748046875, 0.01068115234375, -0.045654296875, 0.07470703125, -0.0390625, 0.169921875, -0.1826171875, 0.09423828125, 0.005615234375, -0.01507568359375, 0.0634765625, -0.1826171875] 3 2 2
 [0.1748046875, 0.01068115234375, -0.045654296875, 0.07470703125, -0.0390625, 0.169921875, -0.1826171875, 0.09423828125, 0.005615234375, -0.01507568359375, 0.0634765625, -0.1826171875] 3 2 2
 [0.1748046875, 0.01068115234375, -0.045654296875, 0.07470703125, -0.0390625, 0.169921875, -0.1826171875, 0.09423828125, 0.005615234375, -0.01507568359375, 0.0634765625, -0.1826171875] 3 2 2
 [0.1748046875, 0.01068115234375, -0.045654296875, 0.07470703125, -0.0390625, 0.169921875, -0.1826171875, 0.09423828125, 0.005615234375, -0.01507568359375, 0.0634765625, -0.1826171875] 3 2 2
 [0.1748046875, 0.01068115234375, -0.045654296875, 0.07470703125, -0.0390625, 0.169921875, -0.1826171875, 0.09423828125, 0.005615234375, -0.01507568359375, 0.0634765625, -0.1826171875] 3 2 2
 [0.1748046875, 0.01068115234375, -0.045654296875, 0.07470703125, -0.0390625, 0.169921875, -0.1826171875, 0.09423828125, 0.005615234375, -0.01507568359375, 0.0634765625, -0.1826171875] 3 2 2
 [0.1748046875, 0.01068115234375, -0.045654296875, 0.07470703125, -0.0390625, 0.169921875, -0.1826171875, 0.09423828125, 0.005615234375, -0.01507568359375, 0.0634765625, -0.1826171875] 3 2 2
 [0.1748046875, 0.01068115234375, -0.045654296875, 0.07470703125, -0.0390625, 0.169921875, -0.1826171875, 0.09423828125, 0.005615234375, -0.01507568359375, 0.0634765625, -0.1826171875] 3 2 2
 [0.1748046875, 0.01068115234375, -0.045654296875, 0.07470703125, -0.0390625, 0.169921875, -0.1826171875, 0.09423828125, 0.005615234375, -0.01507568359375, 0.0634765625, -0.1826171875] 3 2 2
 [0.1748046875, 0.01068115234375, -0.045654296875, 0.07470703125, -0.0390625, 0.169921875, -0.1826171875, 0.09423828125, 0.005615234375, -0.01507568359375, 0.0634765625, -0.1826171875] 3 2 2
 [0.1748046875, 0.01068115234375, -0.045654296875, 0.07470703125, -0.0390625, 0.169921875, -0.1826171875, 0.09423828125, 0.005615234375, -0.01507568359375, 0.0634765625, -0.1826171875] 3 2 2
 [0.1748046875, 0.01068115234375, -0.045654296875, 0.07470703125, -0.0390625, 0.169921875, -0.1826171875, 0.09423828125, 0.005615234375, -0.01507568359375, 0.0634765625, -0.1826171875] 3 2 2
 [0.1748046875, 0.01068115234375, -0.045654296875, 0.07470703125, -0.0390625, 0.169921875, -0.1826171875, 0.09423828125, 0.005615234375, -0.01507568359375, 0.0634765625, -0.1826171875] 3 2 2
 [0.1748046875, 0.01068115234375, -0.045654296875, 0.07470703125, -0.0390625, 0.169921875, -0.1826171875, 0.09423828125, 0.005615234375, -0.01507568359375, 0.0634765625, -0.1826171875] 3 2 2
 [0.1748046875, 0.01068115234375, -0.045654296875, 0.07470703125, -0.0390625, 0.169921875, -0.1826171875, 0.09423828125, 0.005615234375, -0.01507568359375, 0.0634765625, -0.1826171875] 4 2 2
 [0.1748046875, 0.01068115234375, -0.045654296875, 0.07470703125, -0.0390625, 0.169921875, -0.1826171875, 0.09423828125, 0.005615234375, -0.01507568359375, 0.0634765625, -0.1826171875] 4 2 2
 [0.1748046875, 0.01068115234375, -0.045654296875, 0.07470703125, -0.0390625, 0.169921875, -0.1826171875, 0.09423828125, 0.005615234375, -0.01507568359375, 0.0634765625, -0.1826171875] 4 2 2
 [0.1748046875, 0.01068115234375, -0.045654296875, 0.07470703125, -0.0390625, 0.169921875, -0.1826171875, 0.09423828125, 0.005615234375, -0.01507568359375, 0.0634765625, -0.1826171875] 4 2 2
 [0.1748046875, 0.01068115234375, -0.045654296875, 0.07470703125, -0.0390625, 0.169921875, -0.1826171875, 0.09423828125, 0.005615234375, -0.01507568359375, 0.0634765625, -0.1826171875] 4 2 2
 [0.1748046875, 0.01068115234375, -0.045654296875, 0.07470703125, -0.0390625, 0.169921875, -0.1826171875, 0.09423828125, 0.005615234375, -0.01507568359375, 0.0634765625, -0.1826171875] 4 2 2
 [0.1748046875, 0.01068115234375, -0.045654296875, 0.07470703125, -0.0390625, 0.169921875, -0.1826171875, 0.09423828125, 0.005615234375, -0.01507568359375, 0.0634765625, -0.1826171875] 4 2 2
 [0.1748046875, 0.01068115234375, -0.045654296875, 0.07470703125, -0.0390625, 0.169921875, -0.1826171875, 0.09423828125, 0.005615234375, -0.01507568359375, 0.0634765625, -0.1826171875] 4 2 2
 [0.1748046875, 0.01068115234375, -0.045654296875, 0.07470703125, -0.0390625, 0.169921875, -0.1826171875, 0.09423828125, 0.005615234375, -0.01507568359375, 0.0634765625, -0.1826171875] 4 2 2
 [0.1748046875, 0.01068115234375, -0.045654296875, 0.07470703125, -0.0390625, 0.169921875, -0.1826171875, 0.09423828125, 0.005615234375, -0.01507568359375, 0.0634765625, -0.1826171875] 4 2 2
 [0.1748046875, 0.01068115234375, -0.045654296875, 0.07470703125, -0.0390625, 0.169921875, -0.1826171875, 0.09423828125, 0.005615234375, -0.01507568359375, 0.0634765625, -0.1826171875] 4 2 2
 [0.1748046875, 0.01068115234375, -0.045654296875, 0.07470703125, -0.0390625, 0.169921875, -0.1826171875, 0.09423828125, 0.005615234375, -0.01507568359375, 0.0634765625, -0.1826171875] 4 2 2
 [0.1748046875, 0.01068115234375, -0.045654296875, 0.07470703125, -0.0390625, 0.169921875, -0.1826171875, 0.09423828125, 0.005615234375, -0.01507568359375, 0.0634765625, -0.1826171875] 4 2 2
 [0.1748046875, 0.01068115234375, -0.045654296875, 0.07470703125, -0.0390625, 0.169921875, -0.1826171875, 0.09423828125, 0.005615234375, -0.01507568359375, 0.0634765625, -0.1826171875] 4 2 2
 [0.1748046875, 0.01068115234375, -0.045654296875, 0.07470703125, -0.0390625, 0.169921875, -0.1826171875, 0.09423828125, 0.005615234375, -0.01507568359375, 0.0634765625, -0.1826171875] 4 2 2
 [0.1748046875, 0.01068115234375, -0.045654296875, 0.07470703125, -0.0390625, 0.169921875, -0.1826171875, 0.09423828125, 0.005615234375, -0.01507568359375, 0.0634765625, -0.1826171875] 4 2 2
 [0.1748046875, 0.01068115234375, -0.045654296875, 0.07470703125, -0.0390625, 0.169921875, -0.1826171875, 0.09423828125, 0.005615234375, -0.01507568359375, 0.0634765625, -0.1826171875] 4 2 2
 [0.1748046875, 0.01068115234375, -0.045654296875, 0.07470703125, -0.0390625, 0.169921875, -0.1826171875, 0.09423828125, 0.005615234375, -0.01507568359375, 0.0634765625, -0.1826171875] 4 2 2
 [0.1748046875, 0.01068115234375, -0.045654296875, 0.07470703125, -0.0390625, 0.169921875, -0.1826171875, 0.09423828125, 0.005615234375, -0.01507568359375, 0.0634765625, -0.1826171875] 4 2 2
 [0.1748046875, 0.01068115234375, -0.045654296875, 0.07470703125, -0.0390625, 0.169921875, -0.1826171875, 0.09423828125, 0.005615234375, -0.01507568359375, 0.0634765625, -0.1826171875] 4 2 2
 [0.1748046875, 0.01068115234375, -0.045654296875, 0.07470703125, -0.0390625, 0.169921875, -0.1826171875, 0.09423828125, 0.005615234375, -0.01507568359375, 0.0634765625, -0.1826171875] 4 2 2
 [0.1748046875, 0.01068115234375, -0.045654296875, 0.07470703125, -0.0390625, 0.169921875, -0.1826171875, 0.09423828125, 0.005615234375, -0.01507568359375, 0.0634765625, -0.1826171875] 4 2 2
 [0.1748046875, 0.01068115234375, -0.045654296875, 0.07470703125, -0.0390625, 0.169921875, -0.1826171875, 0.09423828125, 0.005615234375, -0.01507568359375, 0.0634765625, -0.1826171875] 4 2 2
 [0.1748046875, 0.01068115234375, -0.045654296875, 0.07470703125, -0.0390625, 0.169921875, -0.1826171875, 0.09423828125, 0.005615234375, -0.01507568359375, 0.0634765625, -0.1826171875] 4 2 2
 [0.1748046875, 0.01068115234375, -0.045654296875, 0.07470703125, -0.0390625, 0.169921875, -0.1826171875, 0.09423828125, 0.005615234375, -0.01507568359375, 0.0634765625, -0.1826171875] 4 2 2
 [0.1748046875, 0.01068115234375, -0.045654296875, 0.07470703125, -0.0390625, 0.169921875, -0.1826171875, 0.09423828125, 0.005615234375, -0.01507568359375, 0.0634765625, -0.1826171875] 4 2 2
 [0.1748046875, 0.01068115234375, -0.045654296875, 0.07470703125, -0.0390625, 0.169921875, -0.1826171875, 0.09423828125, 0.005615234375, -0.01507568359375, 0.0634765625, -0.1826171875] 4 2 2
 [0.1748046875, 0.01068115234375, -0.045654296875, 0.07470703125, -0.0390625, 0.169921875, -0.1826171875, 0.09423828125, 0.005615234375, -0.01507568359375, 0.0634765625, -0.1826171875] 4 2 2
 [0.1748046875, 0.01068115234375, -0.045654296875, 0.07470703125, -0.0390625, 0.169921875, -0.1826171875, 0.09423828125, 0.005615234375, -0.01507568359375, 0.0634765625, -0.1826171875] 4 2 2
 [0.1748046875, 0.01068115234375, -0.045654296875, 0.07470703125, -0.0390625, 0.169921875, -0.1826171875, 0.09423828125, 0.005615234375, -0.01507568359375, 0.0634765625, -0.1826171875] 4 2 2
 [0.1748046875, 0.01068115234375, -0.045654296875, 0.07470703125, -0.0390625, 0.169921875, -0.1826171875, 0.09423828125, 0.005615234375, -0.01507568359375, 0.0634765625, -0.1826171875] 4 2 2
 [0.1748046875, 0.01068115234375, -0.045654296875, 0.07470703125, -0.0390625, 0.169921875, -0.1826171875, 0.09423828125, 0.005615234375, -0.01507568359375, 0.0634765625, -0.1826171875] 4 2 2
 [0.1748046875, 0.01068115234375, -0.045654296875, 0.07470703125, -0.0390625, 0.169921875, -0.1826171875, 0.09423828125, 0.005615234375, -0.01507568359375, 0.0634765625, -0.1826171875] 4 2 2
 [0.1748046875, 0.01068115234375, -0.045654296875, 0.07470703125, -0.0390625, 0.169921875, -0.1826171875, 0.09423828125, 0.005615234375, -0.01507568359375, 0.0634765625, -0.1826171875] 4 2 2
 [0.1748046875, 0.01068115234375, -0.045654296875, 0.07470703125, -0.0390625, 0.169921875, -0.1826171875, 0.09423828125, 0.005615234375, -0.01507568359375, 0.0634765625, -0.1826171875] 5 2 2
 [0.1748046875, 0.01068115234375, -0.045654296875, 0.07470703125, -0.0390625, 0.169921875, -0.1826171875, 0.09423828125, 0.005615234375, -0.01507568359375, 0.0634765625, -0.1826171875] 5 2 2
 [0.1748046875, 0.01068115234375, -0.045654296875, 0.07470703125, -0.0390625, 0.169921875, -0.1826171875, 0.09423828125, 0.005615234375, -0.01507568359375, 0.0634765625, -0.1826171875] 5 2 2
 [0.1748046875, 0.01068115234375, -0.045654296875, 0.07470703125, -0.0390625, 0.169921875, -0.1826171875, 0.09423828125, 0.005615234375, -0.01507568359375, 0.0634765625, -0.1826171875] 5 2 2
 [0.1748046875, 0.01068115234375, -0.045654296875, 0.07470703125, -0.0390625, 0.169921875, -0.1826171875, 0.09423828125, 0.005615234375, -0.01507568359375, 0.0634765625, -0.1826171875] 5 2 2
 [0.1748046875, 0.01068115234375, -0.045654296875, 0.07470703125, -0.0390625, 0.169921875, -0.1826171875, 0.09423828125, 0.005615234375, -0.01507568359375, 0.0634765625, -0.1826171875] 5 2 2
 [0.1748046875, 0.01068115234375, -0.045654296875, 0.07470703125, -0.0390625, 0.169921875, -0.1826171875, 0.09423828125, 0.005615234375, -0.01507568359375, 0.0634765625, -0.1826171875] 5 2 2
 [0.1748046875, 0.01068115234375, -0.045654296875, 0.07470703125, -0.0390625, 0.169921875, -0.1826171875, 0.09423828125, 0.005615234375, -0.01507568359375, 0.0634765625, -0.1826171875] 5 2 2
 [0.1748046875, 0.01068115234375, -0.045654296875, 0.07470703125, -0.0390625, 0.169921875, -0.1826171875, 0.09423828125, 0.005615234375, -0.01507568359375, 0.0634765625, -0.1826171875] 5 2 2
 [0.1748046875, 0.01068115234375, -0.045654296875, 0.07470703125, -0.0390625, 0.169921875, -0.1826171875, 0.09423828125, 0.005615234375, -0.01507568359375, 0.0634765625, -0.1826171875] 5 2 2
 [0.1748046875, 0.01068115234375, -0.045654296875, 0.07470703125, -0.0390625, 0.169921875, -0.1826171875, 0.09423828125, 0.005615234375, -0.01507568359375, 0.0634765625, -0.1826171875] 5 2 2
 [0.1748046875, 0.01068115234375, -0.045654296875, 0.07470703125, -0.0390625, 0.169921875, -0.1826171875, 0.09423828125, 0.005615234375, -0.01507568359375, 0.0634765625, -0.1826171875] 5 2 2
 [0.1748046875, 0.01068115234375, -0.045654296875, 0.07470703125, -0.0390625, 0.169921875, -0.1826171875, 0.09423828125, 0.005615234375, -0.01507568359375, 0.0634765625, -0.1826171875] 5 2 2
 [0.1748046875, 0.01068115234375, -0.045654296875, 0.07470703125, -0.0390625, 0.169921875, -0.1826171875, 0.09423828125, 0.005615234375, -0.01507568359375, 0.0634765625, -0.1826171875] 5 2 2
 [0.1748046875, 0.01068115234375, -0.045654296875, 0.07470703125, -0.0390625, 0.169921875, -0.1826171875, 0.09423828125, 0.005615234375, -0.01507568359375, 0.0634765625, -0.1826171875] 5 2 2
 [0.1748046875, 0.01068115234375, -0.045654296875, 0.07470703125, -0.0390625, 0.169921875, -0.1826171875, 0.09423828125, 0.005615234375, -0.01507568359375, 0.0634765625, -0.1826171875] 5 2 2
 [0.1748046875, 0.01068115234375, -0.045654296875, 0.07470703125, -0.0390625, 0.169921875, -0.1826171875, 0.09423828125, 0.005615234375, -0.01507568359375, 0.0634765625, -0.1826171875] 5 2 2
 [0.1748046875, 0.01068115234375, -0.045654296875, 0.07470703125, -0.0390625, 0.169921875, -0.1826171875, 0.09423828125, 0.005615234375, -0.01507568359375, 0.0634765625, -0.1826171875] 5 2 2
 [0.1748046875, 0.01068115234375, -0.045654296875, 0.07470703125, -0.0390625, 0.169921875, -0.1826171875, 0.09423828125, 0.005615234375, -0.01507568359375, 0.0634765625, -0.1826171875] 5 2 2
 [0.1748046875, 0.01068115234375, -0.045654296875, 0.07470703125, -0.0390625, 0.169921875, -0.1826171875, 0.09423828125, 0.005615234375, -0.01507568359375, 0.0634765625, -0.1826171875] 5 2 2
 [0.1748046875, 0.01068115234375, -0.045654296875, 0.07470703125, -0.0390625, 0.169921875, -0.1826171875, 0.09423828125, 0.005615234375, -0.01507568359375, 0.0634765625, -0.1826171875] 5 2 2
 [0.1748046875, 0.01068115234375, -0.045654296875, 0.07470703125, -0.0390625, 0.169921875, -0.1826171875, 0.09423828125, 0.005615234375, -0.01507568359375, 0.0634765625, -0.1826171875] 5 2 2
 [0.1748046875, 0.01068115234375, -0.045654296875, 0.07470703125, -0.0390625, 0.169921875, -0.1826171875, 0.09423828125, 0.005615234375, -0.01507568359375, 0.0634765625, -0.1826171875] 5 2 2
 [0.1748046875, 0.01068115234375, -0.045654296875, 0.07470703125, -0.0390625, 0.169921875, -0.1826171875, 0.09423828125, 0.005615234375, -0.01507568359375, 0.0634765625, -0.1826171875] 5 2 2
 [0.1748046875, 0.01068115234375, -0.045654296875, 0.07470703125, -0.0390625, 0.169921875, -0.1826171875, 0.09423828125, 0.005615234375, -0.01507568359375, 0.0634765625, -0.1826171875] 5 2 2
 [0.1748046875, 0.01068115234375, -0.045654296875, 0.07470703125, -0.0390625, 0.169921875, -0.1826171875, 0.09423828125, 0.005615234375, -0.01507568359375, 0.0634765625, -0.1826171875] 5 2 2
 [0.1748046875, 0.01068115234375, -0.045654296875, 0.07470703125, -0.0390625, 0.169921875, -0.1826171875, 0.09423828125, 0.005615234375, -0.01507568359375, 0.0634765625, -0.1826171875] 5 2 2
 [0.1748046875, 0.01068115234375, -0.045654296875, 0.07470703125, -0.0390625, 0.169921875, -0.1826171875, 0.09423828125, 0.005615234375, -0.01507568359375, 0.0634765625, -0.1826171875] 5 2 2
 [0.1748046875, 0.01068115234375, -0.045654296875, 0.07470703125, -0.0390625, 0.169921875, -0.1826171875, 0.09423828125, 0.005615234375, -0.01507568359375, 0.0634765625, -0.1826171875] 5 2 2
 [0.1748046875, 0.01068115234375, -0.045654296875, 0.07470703125, -0.0390625, 0.169921875, -0.1826171875, 0.09423828125, 0.005615234375, -0.01507568359375, 0.0634765625, -0.1826171875] 5 2 2
 [0.1748046875, 0.01068115234375, -0.045654296875, 0.07470703125, -0.0390625, 0.169921875, -0.1826171875, 0.09423828125, 0.005615234375, -0.01507568359375, 0.0634765625, -0.1826171875] 5 2 2
 [0.1748046875, 0.01068115234375, -0.045654296875, 0.07470703125, -0.0390625, 0.169921875, -0.1826171875, 0.09423828125, 0.005615234375, -0.01507568359375, 0.0634765625, -0.1826171875] 5 2 2
 [0.1748046875, 0.01068115234375, -0.045654296875, 0.07470703125, -0.0390625, 0.169921875, -0.1826171875, 0.09423828125, 0.005615234375, -0.01507568359375, 0.0634765625, -0.1826171875] 5 2 2
 [0.1748046875, 0.01068115234375, -0.045654296875, 0.07470703125, -0.0390625, 0.169921875, -0.1826171875, 0.09423828125, 0.005615234375, -0.01507568359375, 0.0634765625, -0.1826171875] 7 2 2
 [0.1748046875, 0.01068115234375, -0.045654296875, 0.07470703125, -0.0390625, 0.169921875, -0.1826171875, 0.09423828125, 0.005615234375, -0.01507568359375, 0.0634765625, -0.1826171875] 7 2 2
 [0.1748046875, 0.01068115234375, -0.045654296875, 0.07470703125, -0.0390625, 0.169921875, -0.1826171875, 0.09423828125, 0.005615234375, -0.01507568359375, 0.0634765625, -0.1826171875] 7 2 2
 [0.1748046875, 0.01068115234375, -0.045654296875, 0.07470703125, -0.0390625, 0.169921875, -0.1826171875, 0.09423828125, 0.005615234375, -0.01507568359375, 0.0634765625, -0.1826171875] 7 2 2
 [0.1748046875, 0.01068115234375, -0.045654296875, 0.07470703125, -0.0390625, 0.169921875, -0.1826171875, 0.09423828125, 0.005615234375, -0.01507568359375, 0.0634765625, -0.1826171875] 7 2 2
 [0.1748046875, 0.01068115234375, -0.045654296875, 0.07470703125, -0.0390625, 0.169921875, -0.1826171875, 0.09423828125, 0.005615234375, -0.01507568359375, 0.0634765625, -0.1826171875] 7 2 2
 [0.1748046875, 0.01068115234375, -0.045654296875, 0.07470703125, -0.0390625, 0.169921875, -0.1826171875, 0.09423828125, 0.005615234375, -0.01507568359375, 0.0634765625, -0.1826171875] 7 2 2
 [0.1748046875, 0.01068115234375, -0.045654296875, 0.07470703125, -0.0390625, 0.169921875, -0.1826171875, 0.09423828125, 0.005615234375, -0.01507568359375, 0.0634765625, -0.1826171875] 7 2 2
 [0.1748046875, 0.01068115234375, -0.045654296875, 0.07470703125, -0.0390625, 0.169921875, -0.1826171875, 0.09423828125, 0.005615234375, -0.01507568359375, 0.0634765625, -0.1826171875] 7 2 2
 [0.1748046875, 0.01068115234375, -0.045654296875, 0.07470703125, -0.0390625, 0.169921875, -0.1826171875, 0.09423828125, 0.005615234375, -0.01507568359375, 0.0634765625, -0.1826171875] 7 2 2
 [0.1748046875, 0.01068115234375, -0.045654296875, 0.07470703125, -0.0390625, 0.169921875, -0.1826171875, 0.09423828125, 0.005615234375, -0.01507568359375, 0.0634765625, -0.1826171875] 7 2 2
 [0.1748046875, 0.01068115234375, -0.045654296875, 0.07470703125, -0.0390625, 0.169921875, -0.1826171875, 0.09423828125, 0.005615234375, -0.01507568359375, 0.0634765625, -0.1826171875] 7 2 2
 [0.1748046875, 0.01068115234375, -0.045654296875, 0.07470703125, -0.0390625, 0.169921875, -0.1826171875, 0.09423828125, 0.005615234375, -0.01507568359375, 0.0634765625, -0.1826171875] 7 2 2
 [0.1748046875, 0.01068115234375, -0.045654296875, 0.07470703125, -0.0390625, 0.169921875, -0.1826171875, 0.09423828125, 0.005615234375, -0.01507568359375, 0.0634765625, -0.1826171875] 7 2 2
 [0.1748046875, 0.01068115234375, -0.045654296875, 0.07470703125, -0.0390625, 0.169921875, -0.1826171875, 0.09423828125, 0.005615234375, -0.01507568359375, 0.0634765625, -0.1826171875] 7 2 2
 [0.1748046875, 0.01068115234375, -0.045654296875, 0.07470703125, -0.0390625, 0.169921875, -0.1826171875, 0.09423828125, 0.005615234375, -0.01507568359375, 0.0634765625, -0.1826171875] 7 2 2
 [0.1748046875, 0.01068115234375, -0.045654296875, 0.07470703125, -0.0390625, 0.169921875, -0.1826171875, 0.09423828125, 0.005615234375, -0.01507568359375, 0.0634765625, -0.1826171875] 7 2 2
 [0.1748046875, 0.01068115234375, -0.045654296875, 0.07470703125, -0.0390625, 0.169921875, -0.1826171875, 0.09423828125, 0.005615234375, -0.01507568359375, 0.0634765625, -0.1826171875] 7 2 2
 [0.1748046875, 0.01068115234375, -0.045654296875, 0.07470703125, -0.0390625, 0.169921875, -0.1826171875, 0.09423828125, 0.005615234375, -0.01507568359375, 0.0634765625, -0.1826171875] 7 2 2
 [0.1748046875, 0.01068115234375, -0.045654296875, 0.07470703125, -0.0390625, 0.169921875, -0.1826171875, 0.09423828125, 0.005615234375, -0.01507568359375, 0.0634765625, -0.1826171875] 7 2 2
 [0.1748046875, 0.01068115234375, -0.045654296875, 0.07470703125, -0.0390625, 0.169921875, -0.1826171875, 0.09423828125, 0.005615234375, -0.01507568359375, 0.0634765625, -0.1826171875] 7 2 2
 [0.1748046875, 0.01068115234375, -0.045654296875, 0.07470703125, -0.0390625, 0.169921875, -0.1826171875, 0.09423828125, 0.005615234375, -0.01507568359375, 0.0634765625, -0.1826171875] 7 2 2
 [0.1748046875, 0.01068115234375, -0.045654296875, 0.07470703125, -0.0390625, 0.169921875, -0.1826171875, 0.09423828125, 0.005615234375, -0.01507568359375, 0.0634765625, -0.1826171875] 7 2 2
 [0.1748046875, 0.01068115234375, -0.045654296875, 0.07470703125, -0.0390625, 0.169921875, -0.1826171875, 0.09423828125, 0.005615234375, -0.01507568359375, 0.0634765625, -0.1826171875] 7 2 2
 [0.1748046875, 0.01068115234375, -0.045654296875, 0.07470703125, -0.0390625, 0.169921875, -0.1826171875, 0.09423828125, 0.005615234375, -0.01507568359375, 0.0634765625, -0.1826171875] 7 2 2
 [0.1748046875, 0.01068115234375, -0.045654296875, 0.07470703125, -0.0390625, 0.169921875, -0.1826171875, 0.09423828125, 0.005615234375, -0.01507568359375, 0.0634765625, -0.1826171875] 7 2 2
 [0.1748046875, 0.01068115234375, -0.045654296875, 0.07470703125, -0.0390625, 0.169921875, -0.1826171875, 0.09423828125, 0.005615234375, -0.01507568359375, 0.0634765625, -0.1826171875] 7 2 2
 [0.1748046875, 0.01068115234375, -0.045654296875, 0.07470703125, -0.0390625, 0.169921875, -0.1826171875, 0.09423828125, 0.005615234375, -0.01507568359375, 0.0634765625, -0.1826171875] 7 2 2
 [0.1748046875, 0.01068115234375, -0.045654296875, 0.07470703125, -0.0390625, 0.169921875, -0.1826171875, 0.09423828125, 0.005615234375, -0.01507568359375, 0.0634765625, -0.1826171875] 7 2 2
 [0.1748046875, 0.01068115234375, -0.045654296875, 0.07470703125, -0.0390625, 0.169921875, -0.1826171875, 0.09423828125, 0.005615234375, -0.01507568359375, 0.0634765625, -0.1826171875] 7 2 2
 [0.1748046875, 0.01068115234375, -0.045654296875, 0.07470703125, -0.0390625, 0.169921875, -0.1826171875, 0.09423828125, 0.005615234375, -0.01507568359375, 0.0634765625, -0.1826171875] 8 2 2
 [0.1748046875, 0.01068115234375, -0.045654296875, 0.07470703125, -0.0390625, 0.169921875, -0.1826171875, 0.09423828125, 0.005615234375, -0.01507568359375, 0.0634765625, -0.1826171875] 8 2 2
 [0.1748046875, 0.01068115234375, -0.045654296875, 0.07470703125, -0.0390625, 0.169921875, -0.1826171875, 0.09423828125, 0.005615234375, -0.01507568359375, 0.0634765625, -0.1826171875] 8 2 2
 [0.1748046875, 0.01068115234375, -0.045654296875, 0.07470703125, -0.0390625, 0.169921875, -0.1826171875, 0.09423828125, 0.005615234375, -0.01507568359375, 0.0634765625, -0.1826171875] 8 2 2
 [0.1748046875, 0.01068115234375, -0.045654296875, 0.07470703125, -0.0390625, 0.169921875, -0.1826171875, 0.09423828125, 0.005615234375, -0.01507568359375, 0.0634765625, -0.1826171875] 8 2 2
 [0.1748046875, 0.01068115234375, -0.045654296875, 0.07470703125, -0.0390625, 0.169921875, -0.1826171875, 0.09423828125, 0.005615234375, -0.01507568359375, 0.0634765625, -0.1826171875] 8 2 2
 [0.1748046875, 0.01068115234375, -0.045654296875, 0.07470703125, -0.0390625, 0.169921875, -0.1826171875, 0.09423828125, 0.005615234375, -0.01507568359375, 0.0634765625, -0.1826171875] 8 2 2
 [0.1748046875, 0.01068115234375, -0.045654296875, 0.07470703125, -0.0390625, 0.169921875, -0.1826171875, 0.09423828125, 0.005615234375, -0.01507568359375, 0.0634765625, -0.1826171875] 8 2 2
 [0.1748046875, 0.01068115234375, -0.045654296875, 0.07470703125, -0.0390625, 0.169921875, -0.1826171875, 0.09423828125, 0.005615234375, -0.01507568359375, 0.0634765625, -0.1826171875] 8 2 2
 [0.1748046875, 0.01068115234375, -0.045654296875, 0.07470703125, -0.0390625, 0.169921875, -0.1826171875, 0.09423828125, 0.005615234375, -0.01507568359375, 0.0634765625, -0.1826171875] 8 2 2
 [0.1748046875, 0.01068115234375, -0.045654296875, 0.07470703125, -0.0390625, 0.169921875, -0.1826171875, 0.09423828125, 0.005615234375, -0.01507568359375, 0.0634765625, -0.1826171875] 8 2 2
 [0.1748046875, 0.01068115234375, -0.045654296875, 0.07470703125, -0.0390625, 0.169921875, -0.1826171875, 0.09423828125, 0.005615234375, -0.01507568359375, 0.0634765625, -0.1826171875] 8 2 2
 [0.1748046875, 0.01068115234375, -0.045654296875, 0.07470703125, -0.0390625, 0.169921875, -0.1826171875, 0.09423828125, 0.005615234375, -0.01507568359375, 0.0634765625, -0.1826171875] 8 2 2
 [0.1748046875, 0.01068115234375, -0.045654296875, 0.07470703125, -0.0390625, 0.169921875, -0.1826171875, 0.09423828125, 0.005615234375, -0.01507568359375, 0.0634765625, -0.1826171875] 8 2 2
 [0.1748046875, 0.01068115234375, -0.045654296875, 0.07470703125, -0.0390625, 0.169921875, -0.1826171875, 0.09423828125, 0.005615234375, -0.01507568359375, 0.0634765625, -0.1826171875] 8 2 2
 [0.1748046875, 0.01068115234375, -0.045654296875, 0.07470703125, -0.0390625, 0.169921875, -0.1826171875, 0.09423828125, 0.005615234375, -0.01507568359375, 0.0634765625, -0.1826171875] 8 2 2
 [0.1748046875, 0.01068115234375, -0.045654296875, 0.07470703125, -0.0390625, 0.169921875, -0.1826171875, 0.09423828125, 0.005615234375, -0.01507568359375, 0.0634765625, -0.1826171875] 8 2 2
 [0.1748046875, 0.01068115234375, -0.045654296875, 0.07470703125, -0.0390625, 0.169921875, -0.1826171875, 0.09423828125, 0.005615234375, -0.01507568359375, 0.0634765625, -0.1826171875] 8 2 2
 [0.1748046875, 0.01068115234375, -0.045654296875, 0.07470703125, -0.0390625, 0.169921875, -0.1826171875, 0.09423828125, 0.005615234375, -0.01507568359375, 0.0634765625, -0.1826171875] 8 2 2
 [0.1748046875, 0.01068115234375, -0.045654296875, 0.07470703125, -0.0390625, 0.169921875, -0.1826171875, 0.09423828125, 0.005615234375, -0.01507568359375, 0.0634765625, -0.1826171875] 8 2 2
 [0.1748046875, 0.01068115234375, -0.045654296875, 0.07470703125, -0.0390625, 0.169921875, -0.1826171875, 0.09423828125, 0.005615234375, -0.01507568359375, 0.0634765625, -0.1826171875] 8 2 2
 [0.1748046875, 0.01068115234375, -0.045654296875, 0.07470703125, -0.0390625, 0.169921875, -0.1826171875, 0.09423828125, 0.005615234375, -0.01507568359375, 0.0634765625, -0.1826171875] 8 2 2
 [0.1748046875, 0.01068115234375, -0.045654296875, 0.07470703125, -0.0390625, 0.169921875, -0.1826171875, 0.09423828125, 0.005615234375, -0.01507568359375, 0.0634765625, -0.1826171875] 8 2 2
 [0.1748046875, 0.01068115234375, -0.045654296875, 0.07470703125, -0.0390625, 0.169921875, -0.1826171875, 0.09423828125, 0.005615234375, -0.01507568359375, 0.0634765625, -0.1826171875] 8 2 2
 [0.1748046875, 0.01068115234375, -0.045654296875, 0.07470703125, -0.0390625, 0.169921875, -0.1826171875, 0.09423828125, 0.005615234375, -0.01507568359375, 0.0634765625, -0.1826171875] 8 2 2
 [0.1748046875, 0.01068115234375, -0.045654296875, 0.07470703125, -0.0390625, 0.169921875, -0.1826171875, 0.09423828125, 0.005615234375, -0.01507568359375, 0.0634765625, -0.1826171875] 8 2 2
 [0.1748046875, 0.01068115234375, -0.045654296875, 0.07470703125, -0.0390625, 0.169921875, -0.1826171875, 0.09423828125, 0.005615234375, -0.01507568359375, 0.0634765625, -0.1826171875] 8 2 2
 [0.1748046875, 0.01068115234375, -0.045654296875, 0.07470703125, -0.0390625, 0.169921875, -0.1826171875, 0.09423828125, 0.005615234375, -0.01507568359375, 0.0634765625, -0.1826171875] 8 2 2
 [0.1748046875, 0.01068115234375, -0.045654296875, 0.07470703125, -0.0390625, 0.169921875, -0.1826171875, 0.09423828125, 0.005615234375, -0.01507568359375, 0.0634765625, -0.1826171875] 8 2 2
 [0.1748046875, 0.01068115234375, -0.045654296875, 0.07470703125, -0.0390625, 0.169921875, -0.1826171875, 0.09423828125, 0.005615234375, -0.01507568359375, 0.0634765625, -0.1826171875] 10 2 2
 [0.1748046875, 0.01068115234375, -0.045654296875, 0.07470703125, -0.0390625, 0.169921875, -0.1826171875, 0.09423828125, 0.005615234375, -0.01507568359375, 0.0634765625, -0.1826171875] 10 2 2
 [0.1748046875, 0.01068115234375, -0.045654296875, 0.07470703125, -0.0390625, 0.169921875, -0.1826171875, 0.09423828125, 0.005615234375, -0.01507568359375, 0.0634765625, -0.1826171875] 10 2 2
 [0.1748046875, 0.01068115234375, -0.045654296875, 0.07470703125, -0.0390625, 0.169921875, -0.1826171875, 0.09423828125, 0.005615234375, -0.01507568359375, 0.0634765625, -0.1826171875] 10 2 2
 [0.1748046875, 0.01068115234375, -0.045654296875, 0.07470703125, -0.0390625, 0.169921875, -0.1826171875, 0.09423828125, 0.005615234375, -0.01507568359375, 0.0634765625, -0.1826171875] 10 2 2
 [0.1748046875, 0.01068115234375, -0.045654296875, 0.07470703125, -0.0390625, 0.169921875, -0.1826171875, 0.09423828125, 0.005615234375, -0.01507568359375, 0.0634765625, -0.1826171875] 10 2 2
 [0.1748046875, 0.01068115234375, -0.045654296875, 0.07470703125, -0.0390625, 0.169921875, -0.1826171875, 0.09423828125, 0.005615234375, -0.01507568359375, 0.0634765625, -0.1826171875] 10 2 2
 [0.1748046875, 0.01068115234375, -0.045654296875, 0.07470703125, -0.0390625, 0.169921875, -0.1826171875, 0.09423828125, 0.005615234375, -0.01507568359375, 0.0634765625, -0.1826171875] 10 2 2
 [0.1748046875, 0.01068115234375, -0.045654296875, 0.07470703125, -0.0390625, 0.169921875, -0.1826171875, 0.09423828125, 0.005615234375, -0.01507568359375, 0.0634765625, -0.1826171875] 10 2 2
 [0.1748046875, 0.01068115234375, -0.045654296875, 0.07470703125, -0.0390625, 0.169921875, -0.1826171875, 0.09423828125, 0.005615234375, -0.01507568359375, 0.0634765625, -0.1826171875] 10 2 2
 [0.1748046875, 0.01068115234375, -0.045654296875, 0.07470703125, -0.0390625, 0.169921875, -0.1826171875, 0.09423828125, 0.005615234375, -0.01507568359375, 0.0634765625, -0.1826171875] 10 2 2
 [0.1748046875, 0.01068115234375, -0.045654296875, 0.07470703125, -0.0390625, 0.169921875, -0.1826171875, 0.09423828125, 0.005615234375, -0.01507568359375, 0.0634765625, -0.1826171875] 10 2 2
 [0.1748046875, 0.01068115234375, -0.045654296875, 0.07470703125, -0.0390625, 0.169921875, -0.1826171875, 0.09423828125, 0.005615234375, -0.01507568359375, 0.0634765625, -0.1826171875] 10 2 2
 [0.1748046875, 0.01068115234375, -0.045654296875, 0.07470703125, -0.0390625, 0.169921875, -0.1826171875, 0.09423828125, 0.005615234375, -0.01507568359375, 0.0634765625, -0.1826171875] 10 2 2
 [0.1748046875, 0.01068115234375, -0.045654296875, 0.07470703125, -0.0390625, 0.169921875, -0.1826171875, 0.09423828125, 0.005615234375, -0.01507568359375, 0.0634765625, -0.1826171875] 10 2 2
 [0.1748046875, 0.01068115234375, -0.045654296875, 0.07470703125, -0.0390625, 0.169921875, -0.1826171875, 0.09423828125, 0.005615234375, -0.01507568359375, 0.0634765625, -0.1826171875] 10 2 2
 [0.1748046875, 0.01068115234375, -0.045654296875, 0.07470703125, -0.0390625, 0.169921875, -0.1826171875, 0.09423828125, 0.005615234375, -0.01507568359375, 0.0634765625, -0.1826171875] 10 2 2
 [0.1748046875, 0.01068115234375, -0.045654296875, 0.07470703125, -0.0390625, 0.169921875, -0.1826171875, 0.09423828125, 0.005615234375, -0.01507568359375, 0.0634765625, -0.1826171875] 10 2 2
 [0.1748046875, 0.01068115234375, -0.045654296875, 0.07470703125, -0.0390625, 0.169921875, -0.1826171875, 0.09423828125, 0.005615234375, -0.01507568359375, 0.0634765625, -0.1826171875] 10 2 2
 [0.1748046875, 0.01068115234375, -0.045654296875, 0.07470703125, -0.0390625, 0.169921875, -0.1826171875, 0.09423828125, 0.005615234375, -0.01507568359375, 0.0634765625, -0.1826171875] 10 2 2
 [0.1748046875, 0.01068115234375, -0.045654296875, 0.07470703125, -0.0390625, 0.169921875, -0.1826171875, 0.09423828125, 0.005615234375, -0.01507568359375, 0.0634765625, -0.1826171875] 10 2 2
 [0.1748046875, 0.01068115234375, -0.045654296875, 0.07470703125, -0.0390625, 0.169921875, -0.1826171875, 0.09423828125, 0.005615234375, -0.01507568359375, 0.0634765625, -0.1826171875] 10 2 2
 [0.1748046875, 0.01068115234375, -0.045654296875, 0.07470703125, -0.0390625, 0.169921875, -0.1826171875, 0.09423828125, 0.005615234375, -0.01507568359375, 0.0634765625, -0.1826171875] 10 2 2
 [0.1748046875, 0.01068115234375, -0.045654296875, 0.07470703125, -0.0390625, 0.169921875, -0.1826171875, 0.09423828125, 0.005615234375, -0.01507568359375, 0.0634765625, -0.1826171875] 10 2 2
 [0.1748046875, 0.01068115234375, -0.045654296875, 0.07470703125, -0.0390625, 0.169921875, -0.1826171875, 0.09423828125, 0.005615234375, -0.01507568359375, 0.0634765625, -0.1826171875] 10 2 2
 [0.1748046875, 0.01068115234375, -0.045654296875, 0.07470703125, -0.0390625, 0.169921875, -0.1826171875, 0.09423828125, 0.005615234375, -0.01507568359375, 0.0634765625, -0.1826171875] 10 2 2
 [0.1748046875, 0.01068115234375, -0.045654296875, 0.07470703125, -0.0390625, 0.169921875, -0.1826171875, 0.09423828125, 0.005615234375, -0.01507568359375, 0.0634765625, -0.1826171875] 10 2 2
 [0.1748046875, 0.01068115234375, -0.045654296875, 0.07470703125, -0.0390625, 0.169921875, -0.1826171875, 0.09423828125, 0.005615234375, -0.01507568359375, 0.0634765625, -0.1826171875] 10 2 2
 [0.1748046875, 0.01068115234375, -0.045654296875, 0.07470703125, -0.0390625, 0.169921875, -0.1826171875, 0.09423828125, 0.005615234375, -0.01507568359375, 0.0634765625, -0.1826171875] 10 2 2
 [0.1748046875, 0.01068115234375, -0.045654296875, 0.07470703125, -0.0390625, 0.169921875, -0.1826171875, 0.09423828125, 0.005615234375, -0.01507568359375, 0.0634765625, -0.1826171875] 10 2 2
 [0.1748046875, 0.01068115234375, -0.045654296875, 0.07470703125, -0.0390625, 0.169921875, -0.1826171875, 0.09423828125, 0.005615234375, -0.01507568359375, 0.0634765625, -0.1826171875] 10 2 2
 [0.1748046875, 0.01068115234375, -0.045654296875, 0.07470703125, -0.0390625, 0.169921875, -0.1826171875, 0.09423828125, 0.005615234375, -0.01507568359375, 0.0634765625, -0.1826171875] 10 2 2
 [0.1748046875, 0.01068115234375, -0.045654296875, 0.07470703125, -0.0390625, 0.169921875, -0.1826171875, 0.09423828125, 0.005615234375, -0.01507568359375, 0.0634765625, -0.1826171875] 10 2 2
 [0.1748046875, 0.01068115234375, -0.045654296875, 0.07470703125, -0.0390625, 0.169921875, -0.1826171875, 0.09423828125, 0.005615234375, -0.01507568359375, 0.0634765625, -0.1826171875] 10 2 2
 [0.1748046875, 0.01068115234375, -0.045654296875, 0.07470703125, -0.0390625, 0.169921875, -0.1826171875, 0.09423828125, 0.005615234375, -0.01507568359375, 0.0634765625, -0.1826171875] 11 2 2
 [0.1748046875, 0.01068115234375, -0.045654296875, 0.07470703125, -0.0390625, 0.169921875, -0.1826171875, 0.09423828125, 0.005615234375, -0.01507568359375, 0.0634765625, -0.1826171875] 11 2 2
 [0.1748046875, 0.01068115234375, -0.045654296875, 0.07470703125, -0.0390625, 0.169921875, -0.1826171875, 0.09423828125, 0.005615234375, -0.01507568359375, 0.0634765625, -0.1826171875] 11 2 2
 [0.1748046875, 0.01068115234375, -0.045654296875, 0.07470703125, -0.0390625, 0.169921875, -0.1826171875, 0.09423828125, 0.005615234375, -0.01507568359375, 0.0634765625, -0.1826171875] 11 2 2
 [0.1748046875, 0.01068115234375, -0.045654296875, 0.07470703125, -0.0390625, 0.169921875, -0.1826171875, 0.09423828125, 0.005615234375, -0.01507568359375, 0.0634765625, -0.1826171875] 11 2 2
 [0.1748046875, 0.01068115234375, -0.045654296875, 0.07470703125, -0.0390625, 0.169921875, -0.1826171875, 0.09423828125, 0.005615234375, -0.01507568359375, 0.0634765625, -0.1826171875] 11 2 2
 [0.1748046875, 0.01068115234375, -0.045654296875, 0.07470703125, -0.0390625, 0.169921875, -0.1826171875, 0.09423828125, 0.005615234375, -0.01507568359375, 0.0634765625, -0.1826171875] 11 2 2
 [0.1748046875, 0.01068115234375, -0.045654296875, 0.07470703125, -0.0390625, 0.169921875, -0.1826171875, 0.09423828125, 0.005615234375, -0.01507568359375, 0.0634765625, -0.1826171875] 11 2 2
 [0.1748046875, 0.01068115234375, -0.045654296875, 0.07470703125, -0.0390625, 0.169921875, -0.1826171875, 0.09423828125, 0.005615234375, -0.01507568359375, 0.0634765625, -0.1826171875] 11 2 2
 [0.1748046875, 0.01068115234375, -0.045654296875, 0.07470703125, -0.0390625, 0.169921875, -0.1826171875, 0.09423828125, 0.005615234375, -0.01507568359375, 0.0634765625, -0.1826171875] 11 2 2
 [0.1748046875, 0.01068115234375, -0.045654296875, 0.07470703125, -0.0390625, 0.169921875, -0.1826171875, 0.09423828125, 0.005615234375, -0.01507568359375, 0.0634765625, -0.1826171875] 11 2 2
 [0.1748046875, 0.01068115234375, -0.045654296875, 0.07470703125, -0.0390625, 0.169921875, -0.1826171875, 0.09423828125, 0.005615234375, -0.01507568359375, 0.0634765625, -0.1826171875] 11 2 2
 [0.1748046875, 0.01068115234375, -0.045654296875, 0.07470703125, -0.0390625, 0.169921875, -0.1826171875, 0.09423828125, 0.005615234375, -0.01507568359375, 0.0634765625, -0.1826171875] 11 2 2
 [0.1748046875, 0.01068115234375, -0.045654296875, 0.07470703125, -0.0390625, 0.169921875, -0.1826171875, 0.09423828125, 0.005615234375, -0.01507568359375, 0.0634765625, -0.1826171875] 11 2 2
 [0.1748046875, 0.01068115234375, -0.045654296875, 0.07470703125, -0.0390625, 0.169921875, -0.1826171875, 0.09423828125, 0.005615234375, -0.01507568359375, 0.0634765625, -0.1826171875] 11 2 2
 [0.1748046875, 0.01068115234375, -0.045654296875, 0.07470703125, -0.0390625, 0.169921875, -0.1826171875, 0.09423828125, 0.005615234375, -0.01507568359375, 0.0634765625, -0.1826171875] 11 2 2
 [0.1748046875, 0.01068115234375, -0.045654296875, 0.07470703125, -0.0390625, 0.169921875, -0.1826171875, 0.09423828125, 0.005615234375, -0.01507568359375, 0.0634765625, -0.1826171875] 11 2 2
 [0.1748046875, 0.01068115234375, -0.045654296875, 0.07470703125, -0.0390625, 0.169921875, -0.1826171875, 0.09423828125, 0.005615234375, -0.01507568359375, 0.0634765625, -0.1826171875] 11 2 2
 [0.1748046875, 0.01068115234375, -0.045654296875, 0.07470703125, -0.0390625, 0.169921875, -0.1826171875, 0.09423828125, 0.005615234375, -0.01507568359375, 0.0634765625, -0.1826171875] 11 2 2
 [0.1748046875, 0.01068115234375, -0.045654296875, 0.07470703125, -0.0390625, 0.169921875, -0.1826171875, 0.09423828125, 0.005615234375, -0.01507568359375, 0.0634765625, -0.1826171875] 11 2 2
 [0.1748046875, 0.01068115234375, -0.045654296875, 0.07470703125, -0.0390625, 0.169921875, -0.1826171875, 0.09423828125, 0.005615234375, -0.01507568359375, 0.0634765625, -0.1826171875] 11 2 2
 [0.1748046875, 0.01068115234375, -0.045654296875, 0.07470703125, -0.0390625, 0.169921875, -0.1826171875, 0.09423828125, 0.005615234375, -0.01507568359375, 0.0634765625, -0.1826171875] 11 2 2
 [0.1748046875, 0.01068115234375, -0.045654296875, 0.07470703125, -0.0390625, 0.169921875, -0.1826171875, 0.09423828125, 0.005615234375, -0.01507568359375, 0.0634765625, -0.1826171875] 11 2 2
 [0.1748046875, 0.01068115234375, -0.045654296875, 0.07470703125, -0.0390625, 0.169921875, -0.1826171875, 0.09423828125, 0.005615234375, -0.01507568359375, 0.0634765625, -0.1826171875] 11 2 2
 [0.1748046875, 0.01068115234375, -0.045654296875, 0.07470703125, -0.0390625, 0.169921875, -0.1826171875, 0.09423828125, 0.005615234375, -0.01507568359375, 0.0634765625, -0.1826171875] 11 2 2
 [0.1748046875, 0.01068115234375, -0.045654296875, 0.07470703125, -0.0390625, 0.169921875, -0.1826171875, 0.09423828125, 0.005615234375, -0.01507568359375, 0.0634765625, -0.1826171875] 11 2 2
 [0.1748046875, 0.01068115234375, -0.045654296875, 0.07470703125, -0.0390625, 0.169921875, -0.1826171875, 0.09423828125, 0.005615234375, -0.01507568359375, 0.0634765625, -0.1826171875] 11 2 2
 [0.1748046875, 0.01068115234375, -0.045654296875, 0.07470703125, -0.0390625, 0.169921875, -0.1826171875, 0.09423828125, 0.005615234375, -0.01507568359375, 0.0634765625, -0.1826171875] 11 2 2
 [0.1748046875, 0.01068115234375, -0.045654296875, 0.07470703125, -0.0390625, 0.169921875, -0.1826171875, 0.09423828125, 0.005615234375, -0.01507568359375, 0.0634765625, -0.1826171875] 11 2 2
 [0.1748046875, 0.01068115234375, -0.045654296875, 0.07470703125, -0.0390625, 0.169921875, -0.1826171875, 0.09423828125, 0.005615234375, -0.01507568359375, 0.0634765625, -0.1826171875] 11 2 2
 [0.1748046875, 0.01068115234375, -0.045654296875, 0.07470703125, -0.0390625, 0.169921875, -0.1826171875, 0.09423828125, 0.005615234375, -0.01507568359375, 0.0634765625, -0.1826171875] 11 2 2
 [0.1748046875, 0.01068115234375, -0.045654296875, 0.07470703125, -0.0390625, 0.169921875, -0.1826171875, 0.09423828125, 0.005615234375, -0.01507568359375, 0.0634765625, -0.1826171875] 11 2 2
 [0.1748046875, 0.01068115234375, -0.045654296875, 0.07470703125, -0.0390625, 0.169921875, -0.1826171875, 0.09423828125, 0.005615234375, -0.01507568359375, 0.0634765625, -0.1826171875] 10 2 2
 [0.1748046875, 0.01068115234375, -0.045654296875, 0.07470703125, -0.0390625, 0.169921875, -0.1826171875, 0.09423828125, 0.005615234375, -0.01507568359375, 0.0634765625, -0.1826171875] 0 3 0
 [0.1748046875, 0.01068115234375, -0.045654296875, 0.07470703125, -0.0390625, 0.169921875, -0.1826171875, 0.09423828125, 0.005615234375, -0.01507568359375, 0.0634765625, -0.1826171875] 0 3 0
 [0.1748046875, 0.01068115234375, -0.045654296875, 0.07470703125, -0.0390625, 0.169921875, -0.1826171875, 0.09423828125, 0.005615234375, -0.01507568359375, 0.0634765625, -0.1826171875] 0 3 0
 [0.1748046875, 0.01068115234375, -0.045654296875, 0.07470703125, -0.0390625, 0.169921875, -0.1826171875, 0.09423828125, 0.005615234375, -0.01507568359375, 0.0634765625, -0.1826171875] 0 3 0
 [0.1748046875, 0.01068115234375, -0.045654296875, 0.07470703125, -0.0390625, 0.169921875, -0.1826171875, 0.09423828125, 0.005615234375, -0.01507568359375, 0.0634765625, -0.1826171875] 0 3 0
 [0.1748046875, 0.01068115234375, -0.045654296875, 0.07470703125, -0.0390625, 0.169921875, -0.1826171875, 0.09423828125, 0.005615234375, -0.01507568359375, 0.0634765625, -0.1826171875] 0 3 0
 [0.1748046875, 0.01068115234375, -0.045654296875, 0.07470703125, -0.0390625, 0.169921875, -0.1826171875, 0.09423828125, 0.005615234375, -0.01507568359375, 0.0634765625, -0.1826171875] 0 3 0
 [0.1748046875, 0.01068115234375, -0.045654296875, 0.07470703125, -0.0390625, 0.169921875, -0.1826171875, 0.09423828125, 0.005615234375, -0.01507568359375, 0.0634765625, -0.1826171875] 0 3 0
 [0.1748046875, 0.01068115234375, -0.045654296875, 0.07470703125, -0.0390625, 0.169921875, -0.1826171875, 0.09423828125, 0.005615234375, -0.01507568359375, 0.0634765625, -0.1826171875] 0 3 0
 [0.1748046875, 0.01068115234375, -0.045654296875, 0.07470703125, -0.0390625, 0.169921875, -0.1826171875, 0.09423828125, 0.005615234375, -0.01507568359375, 0.0634765625, -0.1826171875] 0 3 0
 [0.1748046875, 0.01068115234375, -0.045654296875, 0.07470703125, -0.0390625, 0.169921875, -0.1826171875, 0.09423828125, 0.005615234375, -0.01507568359375, 0.0634765625, -0.1826171875] 0 3 0
 [0.1748046875, 0.01068115234375, -0.045654296875, 0.07470703125, -0.0390625, 0.169921875, -0.1826171875, 0.09423828125, 0.005615234375, -0.01507568359375, 0.0634765625, -0.1826171875] 0 3 0
 [0.1748046875, 0.01068115234375, -0.045654296875, 0.07470703125, -0.0390625, 0.169921875, -0.1826171875, 0.09423828125, 0.005615234375, -0.01507568359375, 0.0634765625, -0.1826171875] 0 3 0
 [0.1748046875, 0.01068115234375, -0.045654296875, 0.07470703125, -0.0390625, 0.169921875, -0.1826171875, 0.09423828125, 0.005615234375, -0.01507568359375, 0.0634765625, -0.1826171875] 0 3 0
 [0.1748046875, 0.01068115234375, -0.045654296875, 0.07470703125, -0.0390625, 0.169921875, -0.1826171875, 0.09423828125, 0.005615234375, -0.01507568359375, 0.0634765625, -0.1826171875] 0 3 0
 [0.1748046875, 0.01068115234375, -0.045654296875, 0.07470703125, -0.0390625, 0.169921875, -0.1826171875, 0.09423828125, 0.005615234375, -0.01507568359375, 0.0634765625, -0.1826171875] 0 3 0
 [0.1748046875, 0.01068115234375, -0.045654296875, 0.07470703125, -0.0390625, 0.169921875, -0.1826171875, 0.09423828125, 0.005615234375, -0.01507568359375, 0.0634765625, -0.1826171875] 0 3 0
 [0.1748046875, 0.01068115234375, -0.045654296875, 0.07470703125, -0.0390625, 0.169921875, -0.1826171875, 0.09423828125, 0.005615234375, -0.01507568359375, 0.0634765625, -0.1826171875] 0 3 0
 [0.1748046875, 0.01068115234375, -0.045654296875, 0.07470703125, -0.0390625, 0.169921875, -0.1826171875, 0.09423828125, 0.005615234375, -0.01507568359375, 0.0634765625, -0.1826171875] 0 3 0
 [0.1748046875, 0.01068115234375, -0.045654296875, 0.07470703125, -0.0390625, 0.169921875, -0.1826171875, 0.09423828125, 0.005615234375, -0.01507568359375, 0.0634765625, -0.1826171875] 0 3 0
 [0.1748046875, 0.01068115234375, -0.045654296875, 0.07470703125, -0.0390625, 0.169921875, -0.1826171875, 0.09423828125, 0.005615234375, -0.01507568359375, 0.0634765625, -0.1826171875] 0 3 0
 [0.1748046875, 0.01068115234375, -0.045654296875, 0.07470703125, -0.0390625, 0.169921875, -0.1826171875, 0.09423828125, 0.005615234375, -0.01507568359375, 0.0634765625, -0.1826171875] 0 3 0
 [0.1748046875, 0.01068115234375, -0.045654296875, 0.07470703125, -0.0390625, 0.169921875, -0.1826171875, 0.09423828125, 0.005615234375, -0.01507568359375, 0.0634765625, -0.1826171875] 0 3 0
 [0.1748046875, 0.01068115234375, -0.045654296875, 0.07470703125, -0.0390625, 0.169921875, -0.1826171875, 0.09423828125, 0.005615234375, -0.01507568359375, 0.0634765625, -0.1826171875] 0 3 0
 [0.1748046875, 0.01068115234375, -0.045654296875, 0.07470703125, -0.0390625, 0.169921875, -0.1826171875, 0.09423828125, 0.005615234375, -0.01507568359375, 0.0634765625, -0.1826171875] 0 3 0
 [0.1748046875, 0.01068115234375, -0.045654296875, 0.07470703125, -0.0390625, 0.169921875, -0.1826171875, 0.09423828125, 0.005615234375, -0.01507568359375, 0.0634765625, -0.1826171875] 0 3 0
 [0.1748046875, 0.01068115234375, -0.045654296875, 0.07470703125, -0.0390625, 0.169921875, -0.1826171875, 0.09423828125, 0.005615234375, -0.01507568359375, 0.0634765625, -0.1826171875] 0 3 0
 [0.1748046875, 0.01068115234375, -0.045654296875, 0.07470703125, -0.0390625, 0.169921875, -0.1826171875, 0.09423828125, 0.005615234375, -0.01507568359375, 0.0634765625, -0.1826171875] 0 3 0
 [0.1748046875, 0.01068115234375, -0.045654296875, 0.07470703125, -0.0390625, 0.169921875, -0.1826171875, 0.09423828125, 0.005615234375, -0.01507568359375, 0.0634765625, -0.1826171875] 0 3 0
 [0.1748046875, 0.01068115234375, -0.045654296875, 0.07470703125, -0.0390625, 0.169921875, -0.1826171875, 0.09423828125, 0.005615234375, -0.01507568359375, 0.0634765625, -0.1826171875] 0 3 0
 [0.1748046875, 0.01068115234375, -0.045654296875, 0.07470703125, -0.0390625, 0.169921875, -0.1826171875, 0.09423828125, 0.005615234375, -0.01507568359375, 0.0634765625, -0.1826171875] 0 3 0
 [0.1748046875, 0.01068115234375, -0.045654296875, 0.07470703125, -0.0390625, 0.169921875, -0.1826171875, 0.09423828125, 0.005615234375, -0.01507568359375, 0.0634765625, -0.1826171875] 0 3 0
 [0.1748046875, 0.01068115234375, -0.045654296875, 0.07470703125, -0.0390625, 0.169921875, -0.1826171875, 0.09423828125, 0.005615234375, -0.01507568359375, 0.0634765625, -0.1826171875] 0 3 0
 [0.1748046875, 0.01068115234375, -0.045654296875, 0.07470703125, -0.0390625, 0.169921875, -0.1826171875, 0.09423828125, 0.005615234375, -0.01507568359375, 0.0634765625, -0.1826171875] 1 3 0
 [0.1748046875, 0.01068115234375, -0.045654296875, 0.07470703125, -0.0390625, 0.169921875, -0.1826171875, 0.09423828125, 0.005615234375, -0.01507568359375, 0.0634765625, -0.1826171875] 1 3 0
 [0.1748046875, 0.01068115234375, -0.045654296875, 0.07470703125, -0.0390625, 0.169921875, -0.1826171875, 0.09423828125, 0.005615234375, -0.01507568359375, 0.0634765625, -0.1826171875] 1 3 0
 [0.1748046875, 0.01068115234375, -0.045654296875, 0.07470703125, -0.0390625, 0.169921875, -0.1826171875, 0.09423828125, 0.005615234375, -0.01507568359375, 0.0634765625, -0.1826171875] 1 3 0
 [0.1748046875, 0.01068115234375, -0.045654296875, 0.07470703125, -0.0390625, 0.169921875, -0.1826171875, 0.09423828125, 0.005615234375, -0.01507568359375, 0.0634765625, -0.1826171875] 1 3 0
 [0.1748046875, 0.01068115234375, -0.045654296875, 0.07470703125, -0.0390625, 0.169921875, -0.1826171875, 0.09423828125, 0.005615234375, -0.01507568359375, 0.0634765625, -0.1826171875] 1 3 0
 [0.1748046875, 0.01068115234375, -0.045654296875, 0.07470703125, -0.0390625, 0.169921875, -0.1826171875, 0.09423828125, 0.005615234375, -0.01507568359375, 0.0634765625, -0.1826171875] 1 3 0
 [0.1748046875, 0.01068115234375, -0.045654296875, 0.07470703125, -0.0390625, 0.169921875, -0.1826171875, 0.09423828125, 0.005615234375, -0.01507568359375, 0.0634765625, -0.1826171875] 1 3 0
 [0.1748046875, 0.01068115234375, -0.045654296875, 0.07470703125, -0.0390625, 0.169921875, -0.1826171875, 0.09423828125, 0.005615234375, -0.01507568359375, 0.0634765625, -0.1826171875] 1 3 0
 [0.1748046875, 0.01068115234375, -0.045654296875, 0.07470703125, -0.0390625, 0.169921875, -0.1826171875, 0.09423828125, 0.005615234375, -0.01507568359375, 0.0634765625, -0.1826171875] 1 3 0
 [0.1748046875, 0.01068115234375, -0.045654296875, 0.07470703125, -0.0390625, 0.169921875, -0.1826171875, 0.09423828125, 0.005615234375, -0.01507568359375, 0.0634765625, -0.1826171875] 1 3 0
 [0.1748046875, 0.01068115234375, -0.045654296875, 0.07470703125, -0.0390625, 0.169921875, -0.1826171875, 0.09423828125, 0.005615234375, -0.01507568359375, 0.0634765625, -0.1826171875] 1 3 0
 [0.1748046875, 0.01068115234375, -0.045654296875, 0.07470703125, -0.0390625, 0.169921875, -0.1826171875, 0.09423828125, 0.005615234375, -0.01507568359375, 0.0634765625, -0.1826171875] 1 3 0
 [0.1748046875, 0.01068115234375, -0.045654296875, 0.07470703125, -0.0390625, 0.169921875, -0.1826171875, 0.09423828125, 0.005615234375, -0.01507568359375, 0.0634765625, -0.1826171875] 1 3 0
 [0.1748046875, 0.01068115234375, -0.045654296875, 0.07470703125, -0.0390625, 0.169921875, -0.1826171875, 0.09423828125, 0.005615234375, -0.01507568359375, 0.0634765625, -0.1826171875] 1 3 0
 [0.1748046875, 0.01068115234375, -0.045654296875, 0.07470703125, -0.0390625, 0.169921875, -0.1826171875, 0.09423828125, 0.005615234375, -0.01507568359375, 0.0634765625, -0.1826171875] 1 3 0
 [0.1748046875, 0.01068115234375, -0.045654296875, 0.07470703125, -0.0390625, 0.169921875, -0.1826171875, 0.09423828125, 0.005615234375, -0.01507568359375, 0.0634765625, -0.1826171875] 1 3 0
 [0.1748046875, 0.01068115234375, -0.045654296875, 0.07470703125, -0.0390625, 0.169921875, -0.1826171875, 0.09423828125, 0.005615234375, -0.01507568359375, 0.0634765625, -0.1826171875] 1 3 0
 [0.1748046875, 0.01068115234375, -0.045654296875, 0.07470703125, -0.0390625, 0.169921875, -0.1826171875, 0.09423828125, 0.005615234375, -0.01507568359375, 0.0634765625, -0.1826171875] 1 3 0
 [0.1748046875, 0.01068115234375, -0.045654296875, 0.07470703125, -0.0390625, 0.169921875, -0.1826171875, 0.09423828125, 0.005615234375, -0.01507568359375, 0.0634765625, -0.1826171875] 1 3 0
 [0.1748046875, 0.01068115234375, -0.045654296875, 0.07470703125, -0.0390625, 0.169921875, -0.1826171875, 0.09423828125, 0.005615234375, -0.01507568359375, 0.0634765625, -0.1826171875] 1 3 0
 [0.1748046875, 0.01068115234375, -0.045654296875, 0.07470703125, -0.0390625, 0.169921875, -0.1826171875, 0.09423828125, 0.005615234375, -0.01507568359375, 0.0634765625, -0.1826171875] 1 3 0
 [0.1748046875, 0.01068115234375, -0.045654296875, 0.07470703125, -0.0390625, 0.169921875, -0.1826171875, 0.09423828125, 0.005615234375, -0.01507568359375, 0.0634765625, -0.1826171875] 1 3 0
 [0.1748046875, 0.01068115234375, -0.045654296875, 0.07470703125, -0.0390625, 0.169921875, -0.1826171875, 0.09423828125, 0.005615234375, -0.01507568359375, 0.0634765625, -0.1826171875] 1 3 0
 [0.1748046875, 0.01068115234375, -0.045654296875, 0.07470703125, -0.0390625, 0.169921875, -0.1826171875, 0.09423828125, 0.005615234375, -0.01507568359375, 0.0634765625, -0.1826171875] 1 3 0
 [0.1748046875, 0.01068115234375, -0.045654296875, 0.07470703125, -0.0390625, 0.169921875, -0.1826171875, 0.09423828125, 0.005615234375, -0.01507568359375, 0.0634765625, -0.1826171875] 1 3 0
 [0.1748046875, 0.01068115234375, -0.045654296875, 0.07470703125, -0.0390625, 0.169921875, -0.1826171875, 0.09423828125, 0.005615234375, -0.01507568359375, 0.0634765625, -0.1826171875] 1 3 0
 [0.1748046875, 0.01068115234375, -0.045654296875, 0.07470703125, -0.0390625, 0.169921875, -0.1826171875, 0.09423828125, 0.005615234375, -0.01507568359375, 0.0634765625, -0.1826171875] 1 3 0
 [0.1748046875, 0.01068115234375, -0.045654296875, 0.07470703125, -0.0390625, 0.169921875, -0.1826171875, 0.09423828125, 0.005615234375, -0.01507568359375, 0.0634765625, -0.1826171875] 1 3 0
 [0.1748046875, 0.01068115234375, -0.045654296875, 0.07470703125, -0.0390625, 0.169921875, -0.1826171875, 0.09423828125, 0.005615234375, -0.01507568359375, 0.0634765625, -0.1826171875] 1 3 0
 [0.1748046875, 0.01068115234375, -0.045654296875, 0.07470703125, -0.0390625, 0.169921875, -0.1826171875, 0.09423828125, 0.005615234375, -0.01507568359375, 0.0634765625, -0.1826171875] 1 3 0
 [0.1748046875, 0.01068115234375, -0.045654296875, 0.07470703125, -0.0390625, 0.169921875, -0.1826171875, 0.09423828125, 0.005615234375, -0.01507568359375, 0.0634765625, -0.1826171875] 1 3 0
 [0.1748046875, 0.01068115234375, -0.045654296875, 0.07470703125, -0.0390625, 0.169921875, -0.1826171875, 0.09423828125, 0.005615234375, -0.01507568359375, 0.0634765625, -0.1826171875] 1 3 0
 [0.1748046875, 0.01068115234375, -0.045654296875, 0.07470703125, -0.0390625, 0.169921875, -0.1826171875, 0.09423828125, 0.005615234375, -0.01507568359375, 0.0634765625, -0.1826171875] 1 3 0
 [0.1748046875, 0.01068115234375, -0.045654296875, 0.07470703125, -0.0390625, 0.169921875, -0.1826171875, 0.09423828125, 0.005615234375, -0.01507568359375, 0.0634765625, -0.1826171875] 2 3 0
 [0.1748046875, 0.01068115234375, -0.045654296875, 0.07470703125, -0.0390625, 0.169921875, -0.1826171875, 0.09423828125, 0.005615234375, -0.01507568359375, 0.0634765625, -0.1826171875] 2 3 0
 [0.1748046875, 0.01068115234375, -0.045654296875, 0.07470703125, -0.0390625, 0.169921875, -0.1826171875, 0.09423828125, 0.005615234375, -0.01507568359375, 0.0634765625, -0.1826171875] 2 3 0
 [0.1748046875, 0.01068115234375, -0.045654296875, 0.07470703125, -0.0390625, 0.169921875, -0.1826171875, 0.09423828125, 0.005615234375, -0.01507568359375, 0.0634765625, -0.1826171875] 2 3 0
 [0.1748046875, 0.01068115234375, -0.045654296875, 0.07470703125, -0.0390625, 0.169921875, -0.1826171875, 0.09423828125, 0.005615234375, -0.01507568359375, 0.0634765625, -0.1826171875] 2 3 0
 [0.1748046875, 0.01068115234375, -0.045654296875, 0.07470703125, -0.0390625, 0.169921875, -0.1826171875, 0.09423828125, 0.005615234375, -0.01507568359375, 0.0634765625, -0.1826171875] 2 3 0
 [0.1748046875, 0.01068115234375, -0.045654296875, 0.07470703125, -0.0390625, 0.169921875, -0.1826171875, 0.09423828125, 0.005615234375, -0.01507568359375, 0.0634765625, -0.1826171875] 2 3 0
 [0.1748046875, 0.01068115234375, -0.045654296875, 0.07470703125, -0.0390625, 0.169921875, -0.1826171875, 0.09423828125, 0.005615234375, -0.01507568359375, 0.0634765625, -0.1826171875] 2 3 0
 [0.1748046875, 0.01068115234375, -0.045654296875, 0.07470703125, -0.0390625, 0.169921875, -0.1826171875, 0.09423828125, 0.005615234375, -0.01507568359375, 0.0634765625, -0.1826171875] 2 3 0
 [0.1748046875, 0.01068115234375, -0.045654296875, 0.07470703125, -0.0390625, 0.169921875, -0.1826171875, 0.09423828125, 0.005615234375, -0.01507568359375, 0.0634765625, -0.1826171875] 2 3 0
 [0.1748046875, 0.01068115234375, -0.045654296875, 0.07470703125, -0.0390625, 0.169921875, -0.1826171875, 0.09423828125, 0.005615234375, -0.01507568359375, 0.0634765625, -0.1826171875] 2 3 0
 [0.1748046875, 0.01068115234375, -0.045654296875, 0.07470703125, -0.0390625, 0.169921875, -0.1826171875, 0.09423828125, 0.005615234375, -0.01507568359375, 0.0634765625, -0.1826171875] 2 3 0
 [0.1748046875, 0.01068115234375, -0.045654296875, 0.07470703125, -0.0390625, 0.169921875, -0.1826171875, 0.09423828125, 0.005615234375, -0.01507568359375, 0.0634765625, -0.1826171875] 2 3 0
 [0.1748046875, 0.01068115234375, -0.045654296875, 0.07470703125, -0.0390625, 0.169921875, -0.1826171875, 0.09423828125, 0.005615234375, -0.01507568359375, 0.0634765625, -0.1826171875] 2 3 0
 [0.1748046875, 0.01068115234375, -0.045654296875, 0.07470703125, -0.0390625, 0.169921875, -0.1826171875, 0.09423828125, 0.005615234375, -0.01507568359375, 0.0634765625, -0.1826171875] 2 3 0
 [0.1748046875, 0.01068115234375, -0.045654296875, 0.07470703125, -0.0390625, 0.169921875, -0.1826171875, 0.09423828125, 0.005615234375, -0.01507568359375, 0.0634765625, -0.1826171875] 2 3 0
 [0.1748046875, 0.01068115234375, -0.045654296875, 0.07470703125, -0.0390625, 0.169921875, -0.1826171875, 0.09423828125, 0.005615234375, -0.01507568359375, 0.0634765625, -0.1826171875] 2 3 0
 [0.1748046875, 0.01068115234375, -0.045654296875, 0.07470703125, -0.0390625, 0.169921875, -0.1826171875, 0.09423828125, 0.005615234375, -0.01507568359375, 0.0634765625, -0.1826171875] 2 3 0
 [0.1748046875, 0.01068115234375, -0.045654296875, 0.07470703125, -0.0390625, 0.169921875, -0.1826171875, 0.09423828125, 0.005615234375, -0.01507568359375, 0.0634765625, -0.1826171875] 2 3 0
 [0.1748046875, 0.01068115234375, -0.045654296875, 0.07470703125, -0.0390625, 0.169921875, -0.1826171875, 0.09423828125, 0.005615234375, -0.01507568359375, 0.0634765625, -0.1826171875] 2 3 0
 [0.1748046875, 0.01068115234375, -0.045654296875, 0.07470703125, -0.0390625, 0.169921875, -0.1826171875, 0.09423828125, 0.005615234375, -0.01507568359375, 0.0634765625, -0.1826171875] 2 3 0
 [0.1748046875, 0.01068115234375, -0.045654296875, 0.07470703125, -0.0390625, 0.169921875, -0.1826171875, 0.09423828125, 0.005615234375, -0.01507568359375, 0.0634765625, -0.1826171875] 2 3 0
 [0.1748046875, 0.01068115234375, -0.045654296875, 0.07470703125, -0.0390625, 0.169921875, -0.1826171875, 0.09423828125, 0.005615234375, -0.01507568359375, 0.0634765625, -0.1826171875] 2 3 0
 [0.1748046875, 0.01068115234375, -0.045654296875, 0.07470703125, -0.0390625, 0.169921875, -0.1826171875, 0.09423828125, 0.005615234375, -0.01507568359375, 0.0634765625, -0.1826171875] 2 3 0
 [0.1748046875, 0.01068115234375, -0.045654296875, 0.07470703125, -0.0390625, 0.169921875, -0.1826171875, 0.09423828125, 0.005615234375, -0.01507568359375, 0.0634765625, -0.1826171875] 2 3 0
 [0.1748046875, 0.01068115234375, -0.045654296875, 0.07470703125, -0.0390625, 0.169921875, -0.1826171875, 0.09423828125, 0.005615234375, -0.01507568359375, 0.0634765625, -0.1826171875] 2 3 0
 [0.1748046875, 0.01068115234375, -0.045654296875, 0.07470703125, -0.0390625, 0.169921875, -0.1826171875, 0.09423828125, 0.005615234375, -0.01507568359375, 0.0634765625, -0.1826171875] 2 3 0
 [0.1748046875, 0.01068115234375, -0.045654296875, 0.07470703125, -0.0390625, 0.169921875, -0.1826171875, 0.09423828125, 0.005615234375, -0.01507568359375, 0.0634765625, -0.1826171875] 2 3 0
 [0.1748046875, 0.01068115234375, -0.045654296875, 0.07470703125, -0.0390625, 0.169921875, -0.1826171875, 0.09423828125, 0.005615234375, -0.01507568359375, 0.0634765625, -0.1826171875] 2 3 0
 [0.1748046875, 0.01068115234375, -0.045654296875, 0.07470703125, -0.0390625, 0.169921875, -0.1826171875, 0.09423828125, 0.005615234375, -0.01507568359375, 0.0634765625, -0.1826171875] 2 3 0
 [0.1748046875, 0.01068115234375, -0.045654296875, 0.07470703125, -0.0390625, 0.169921875, -0.1826171875, 0.09423828125, 0.005615234375, -0.01507568359375, 0.0634765625, -0.1826171875] 2 3 0
 [0.1748046875, 0.01068115234375, -0.045654296875, 0.07470703125, -0.0390625, 0.169921875, -0.1826171875, 0.09423828125, 0.005615234375, -0.01507568359375, 0.0634765625, -0.1826171875] 3 3 0
 [0.1748046875, 0.01068115234375, -0.045654296875, 0.07470703125, -0.0390625, 0.169921875, -0.1826171875, 0.09423828125, 0.005615234375, -0.01507568359375, 0.0634765625, -0.1826171875] 3 3 0
 [0.1748046875, 0.01068115234375, -0.045654296875, 0.07470703125, -0.0390625, 0.169921875, -0.1826171875, 0.09423828125, 0.005615234375, -0.01507568359375, 0.0634765625, -0.1826171875] 3 3 0
 [0.1748046875, 0.01068115234375, -0.045654296875, 0.07470703125, -0.0390625, 0.169921875, -0.1826171875, 0.09423828125, 0.005615234375, -0.01507568359375, 0.0634765625, -0.1826171875] 3 3 0
 [0.1748046875, 0.01068115234375, -0.045654296875, 0.07470703125, -0.0390625, 0.169921875, -0.1826171875, 0.09423828125, 0.005615234375, -0.01507568359375, 0.0634765625, -0.1826171875] 3 3 0
 [0.1748046875, 0.01068115234375, -0.045654296875, 0.07470703125, -0.0390625, 0.169921875, -0.1826171875, 0.09423828125, 0.005615234375, -0.01507568359375, 0.0634765625, -0.1826171875] 3 3 0
 [0.1748046875, 0.01068115234375, -0.045654296875, 0.07470703125, -0.0390625, 0.169921875, -0.1826171875, 0.09423828125, 0.005615234375, -0.01507568359375, 0.0634765625, -0.1826171875] 3 3 0
 [0.1748046875, 0.01068115234375, -0.045654296875, 0.07470703125, -0.0390625, 0.169921875, -0.1826171875, 0.09423828125, 0.005615234375, -0.01507568359375, 0.0634765625, -0.1826171875] 3 3 0
 [0.1748046875, 0.01068115234375, -0.045654296875, 0.07470703125, -0.0390625, 0.169921875, -0.1826171875, 0.09423828125, 0.005615234375, -0.01507568359375, 0.0634765625, -0.1826171875] 3 3 0
 [0.1748046875, 0.01068115234375, -0.045654296875, 0.07470703125, -0.0390625, 0.169921875, -0.1826171875, 0.09423828125, 0.005615234375, -0.01507568359375, 0.0634765625, -0.1826171875] 3 3 0
 [0.1748046875, 0.01068115234375, -0.045654296875, 0.07470703125, -0.0390625, 0.169921875, -0.1826171875, 0.09423828125, 0.005615234375, -0.01507568359375, 0.0634765625, -0.1826171875] 3 3 0
 [0.1748046875, 0.01068115234375, -0.045654296875, 0.07470703125, -0.0390625, 0.169921875, -0.1826171875, 0.09423828125, 0.005615234375, -0.01507568359375, 0.0634765625, -0.1826171875] 3 3 0
 [0.1748046875, 0.01068115234375, -0.045654296875, 0.07470703125, -0.0390625, 0.169921875, -0.1826171875, 0.09423828125, 0.005615234375, -0.01507568359375, 0.0634765625, -0.1826171875] 3 3 0
 [0.1748046875, 0.01068115234375, -0.045654296875, 0.07470703125, -0.0390625, 0.169921875, -0.1826171875, 0.09423828125, 0.005615234375, -0.01507568359375, 0.0634765625, -0.1826171875] 3 3 0
 [0.1748046875, 0.01068115234375, -0.045654296875, 0.07470703125, -0.0390625, 0.169921875, -0.1826171875, 0.09423828125, 0.005615234375, -0.01507568359375, 0.0634765625, -0.1826171875] 3 3 0
 [0.1748046875, 0.01068115234375, -0.045654296875, 0.07470703125, -0.0390625, 0.169921875, -0.1826171875, 0.09423828125, 0.005615234375, -0.01507568359375, 0.0634765625, -0.1826171875] 3 3 0
 [0.1748046875, 0.01068115234375, -0.045654296875, 0.07470703125, -0.0390625, 0.169921875, -0.1826171875, 0.09423828125, 0.005615234375, -0.01507568359375, 0.0634765625, -0.1826171875] 3 3 0
 [0.1748046875, 0.01068115234375, -0.045654296875, 0.07470703125, -0.0390625, 0.169921875, -0.1826171875, 0.09423828125, 0.005615234375, -0.01507568359375, 0.0634765625, -0.1826171875] 3 3 0
 [0.1748046875, 0.01068115234375, -0.045654296875, 0.07470703125, -0.0390625, 0.169921875, -0.1826171875, 0.09423828125, 0.005615234375, -0.01507568359375, 0.0634765625, -0.1826171875] 3 3 0
 [0.1748046875, 0.01068115234375, -0.045654296875, 0.07470703125, -0.0390625, 0.169921875, -0.1826171875, 0.09423828125, 0.005615234375, -0.01507568359375, 0.0634765625, -0.1826171875] 3 3 0
 [0.1748046875, 0.01068115234375, -0.045654296875, 0.07470703125, -0.0390625, 0.169921875, -0.1826171875, 0.09423828125, 0.005615234375, -0.01507568359375, 0.0634765625, -0.1826171875] 3 3 0
 [0.1748046875, 0.01068115234375, -0.045654296875, 0.07470703125, -0.0390625, 0.169921875, -0.1826171875, 0.09423828125, 0.005615234375, -0.01507568359375, 0.0634765625, -0.1826171875] 3 3 0
 [0.1748046875, 0.01068115234375, -0.045654296875, 0.07470703125, -0.0390625, 0.169921875, -0.1826171875, 0.09423828125, 0.005615234375, -0.01507568359375, 0.0634765625, -0.1826171875] 3 3 0
 [0.1748046875, 0.01068115234375, -0.045654296875, 0.07470703125, -0.0390625, 0.169921875, -0.1826171875, 0.09423828125, 0.005615234375, -0.01507568359375, 0.0634765625, -0.1826171875] 3 3 0
 [0.1748046875, 0.01068115234375, -0.045654296875, 0.07470703125, -0.0390625, 0.169921875, -0.1826171875, 0.09423828125, 0.005615234375, -0.01507568359375, 0.0634765625, -0.1826171875] 3 3 0
 [0.1748046875, 0.01068115234375, -0.045654296875, 0.07470703125, -0.0390625, 0.169921875, -0.1826171875, 0.09423828125, 0.005615234375, -0.01507568359375, 0.0634765625, -0.1826171875] 3 3 0
 [0.1748046875, 0.01068115234375, -0.045654296875, 0.07470703125, -0.0390625, 0.169921875, -0.1826171875, 0.09423828125, 0.005615234375, -0.01507568359375, 0.0634765625, -0.1826171875] 3 3 0
 [0.1748046875, 0.01068115234375, -0.045654296875, 0.07470703125, -0.0390625, 0.169921875, -0.1826171875, 0.09423828125, 0.005615234375, -0.01507568359375, 0.0634765625, -0.1826171875] 3 3 0
 [0.1748046875, 0.01068115234375, -0.045654296875, 0.07470703125, -0.0390625, 0.169921875, -0.1826171875, 0.09423828125, 0.005615234375, -0.01507568359375, 0.0634765625, -0.1826171875] 3 3 0
 [0.1748046875, 0.01068115234375, -0.045654296875, 0.07470703125, -0.0390625, 0.169921875, -0.1826171875, 0.09423828125, 0.005615234375, -0.01507568359375, 0.0634765625, -0.1826171875] 3 3 0
 [0.1748046875, 0.01068115234375, -0.045654296875, 0.07470703125, -0.0390625, 0.169921875, -0.1826171875, 0.09423828125, 0.005615234375, -0.01507568359375, 0.0634765625, -0.1826171875] 3 3 0
 [0.1748046875, 0.01068115234375, -0.045654296875, 0.07470703125, -0.0390625, 0.169921875, -0.1826171875, 0.09423828125, 0.005615234375, -0.01507568359375, 0.0634765625, -0.1826171875] 4 3 0
 [0.1748046875, 0.01068115234375, -0.045654296875, 0.07470703125, -0.0390625, 0.169921875, -0.1826171875, 0.09423828125, 0.005615234375, -0.01507568359375, 0.0634765625, -0.1826171875] 4 3 0
 [0.1748046875, 0.01068115234375, -0.045654296875, 0.07470703125, -0.0390625, 0.169921875, -0.1826171875, 0.09423828125, 0.005615234375, -0.01507568359375, 0.0634765625, -0.1826171875] 4 3 0
 [0.1748046875, 0.01068115234375, -0.045654296875, 0.07470703125, -0.0390625, 0.169921875, -0.1826171875, 0.09423828125, 0.005615234375, -0.01507568359375, 0.0634765625, -0.1826171875] 4 3 0
 [0.1748046875, 0.01068115234375, -0.045654296875, 0.07470703125, -0.0390625, 0.169921875, -0.1826171875, 0.09423828125, 0.005615234375, -0.01507568359375, 0.0634765625, -0.1826171875] 4 3 0
 [0.1748046875, 0.01068115234375, -0.045654296875, 0.07470703125, -0.0390625, 0.169921875, -0.1826171875, 0.09423828125, 0.005615234375, -0.01507568359375, 0.0634765625, -0.1826171875] 4 3 0
 [0.1748046875, 0.01068115234375, -0.045654296875, 0.07470703125, -0.0390625, 0.169921875, -0.1826171875, 0.09423828125, 0.005615234375, -0.01507568359375, 0.0634765625, -0.1826171875] 4 3 0
 [0.1748046875, 0.01068115234375, -0.045654296875, 0.07470703125, -0.0390625, 0.169921875, -0.1826171875, 0.09423828125, 0.005615234375, -0.01507568359375, 0.0634765625, -0.1826171875] 4 3 0
 [0.1748046875, 0.01068115234375, -0.045654296875, 0.07470703125, -0.0390625, 0.169921875, -0.1826171875, 0.09423828125, 0.005615234375, -0.01507568359375, 0.0634765625, -0.1826171875] 4 3 0
 [0.1748046875, 0.01068115234375, -0.045654296875, 0.07470703125, -0.0390625, 0.169921875, -0.1826171875, 0.09423828125, 0.005615234375, -0.01507568359375, 0.0634765625, -0.1826171875] 4 3 0
 [0.1748046875, 0.01068115234375, -0.045654296875, 0.07470703125, -0.0390625, 0.169921875, -0.1826171875, 0.09423828125, 0.005615234375, -0.01507568359375, 0.0634765625, -0.1826171875] 4 3 0
 [0.1748046875, 0.01068115234375, -0.045654296875, 0.07470703125, -0.0390625, 0.169921875, -0.1826171875, 0.09423828125, 0.005615234375, -0.01507568359375, 0.0634765625, -0.1826171875] 4 3 0
 [0.1748046875, 0.01068115234375, -0.045654296875, 0.07470703125, -0.0390625, 0.169921875, -0.1826171875, 0.09423828125, 0.005615234375, -0.01507568359375, 0.0634765625, -0.1826171875] 4 3 0
 [0.1748046875, 0.01068115234375, -0.045654296875, 0.07470703125, -0.0390625, 0.169921875, -0.1826171875, 0.09423828125, 0.005615234375, -0.01507568359375, 0.0634765625, -0.1826171875] 4 3 0
 [0.1748046875, 0.01068115234375, -0.045654296875, 0.07470703125, -0.0390625, 0.169921875, -0.1826171875, 0.09423828125, 0.005615234375, -0.01507568359375, 0.0634765625, -0.1826171875] 4 3 0
 [0.1748046875, 0.01068115234375, -0.045654296875, 0.07470703125, -0.0390625, 0.169921875, -0.1826171875, 0.09423828125, 0.005615234375, -0.01507568359375, 0.0634765625, -0.1826171875] 4 3 0
 [0.1748046875, 0.01068115234375, -0.045654296875, 0.07470703125, -0.0390625, 0.169921875, -0.1826171875, 0.09423828125, 0.005615234375, -0.01507568359375, 0.0634765625, -0.1826171875] 4 3 0
 [0.1748046875, 0.01068115234375, -0.045654296875, 0.07470703125, -0.0390625, 0.169921875, -0.1826171875, 0.09423828125, 0.005615234375, -0.01507568359375, 0.0634765625, -0.1826171875] 4 3 0
 [0.1748046875, 0.01068115234375, -0.045654296875, 0.07470703125, -0.0390625, 0.169921875, -0.1826171875, 0.09423828125, 0.005615234375, -0.01507568359375, 0.0634765625, -0.1826171875] 4 3 0
 [0.1748046875, 0.01068115234375, -0.045654296875, 0.07470703125, -0.0390625, 0.169921875, -0.1826171875, 0.09423828125, 0.005615234375, -0.01507568359375, 0.0634765625, -0.1826171875] 4 3 0
 [0.1748046875, 0.01068115234375, -0.045654296875, 0.07470703125, -0.0390625, 0.169921875, -0.1826171875, 0.09423828125, 0.005615234375, -0.01507568359375, 0.0634765625, -0.1826171875] 4 3 0
 [0.1748046875, 0.01068115234375, -0.045654296875, 0.07470703125, -0.0390625, 0.169921875, -0.1826171875, 0.09423828125, 0.005615234375, -0.01507568359375, 0.0634765625, -0.1826171875] 4 3 0
 [0.1748046875, 0.01068115234375, -0.045654296875, 0.07470703125, -0.0390625, 0.169921875, -0.1826171875, 0.09423828125, 0.005615234375, -0.01507568359375, 0.0634765625, -0.1826171875] 4 3 0
 [0.1748046875, 0.01068115234375, -0.045654296875, 0.07470703125, -0.0390625, 0.169921875, -0.1826171875, 0.09423828125, 0.005615234375, -0.01507568359375, 0.0634765625, -0.1826171875] 4 3 0
 [0.1748046875, 0.01068115234375, -0.045654296875, 0.07470703125, -0.0390625, 0.169921875, -0.1826171875, 0.09423828125, 0.005615234375, -0.01507568359375, 0.0634765625, -0.1826171875] 4 3 0
 [0.1748046875, 0.01068115234375, -0.045654296875, 0.07470703125, -0.0390625, 0.169921875, -0.1826171875, 0.09423828125, 0.005615234375, -0.01507568359375, 0.0634765625, -0.1826171875] 4 3 0
 [0.1748046875, 0.01068115234375, -0.045654296875, 0.07470703125, -0.0390625, 0.169921875, -0.1826171875, 0.09423828125, 0.005615234375, -0.01507568359375, 0.0634765625, -0.1826171875] 4 3 0
 [0.1748046875, 0.01068115234375, -0.045654296875, 0.07470703125, -0.0390625, 0.169921875, -0.1826171875, 0.09423828125, 0.005615234375, -0.01507568359375, 0.0634765625, -0.1826171875] 4 3 0
 [0.1748046875, 0.01068115234375, -0.045654296875, 0.07470703125, -0.0390625, 0.169921875, -0.1826171875, 0.09423828125, 0.005615234375, -0.01507568359375, 0.0634765625, -0.1826171875] 4 3 0
 [0.1748046875, 0.01068115234375, -0.045654296875, 0.07470703125, -0.0390625, 0.169921875, -0.1826171875, 0.09423828125, 0.005615234375, -0.01507568359375, 0.0634765625, -0.1826171875] 4 3 0
 [0.1748046875, 0.01068115234375, -0.045654296875, 0.07470703125, -0.0390625, 0.169921875, -0.1826171875, 0.09423828125, 0.005615234375, -0.01507568359375, 0.0634765625, -0.1826171875] 4 3 0
 [0.1748046875, 0.01068115234375, -0.045654296875, 0.07470703125, -0.0390625, 0.169921875, -0.1826171875, 0.09423828125, 0.005615234375, -0.01507568359375, 0.0634765625, -0.1826171875] 4 3 0
 [0.1748046875, 0.01068115234375, -0.045654296875, 0.07470703125, -0.0390625, 0.169921875, -0.1826171875, 0.09423828125, 0.005615234375, -0.01507568359375, 0.0634765625, -0.1826171875] 4 3 0
 [0.1748046875, 0.01068115234375, -0.045654296875, 0.07470703125, -0.0390625, 0.169921875, -0.1826171875, 0.09423828125, 0.005615234375, -0.01507568359375, 0.0634765625, -0.1826171875] 4 3 0
 [0.1748046875, 0.01068115234375, -0.045654296875, 0.07470703125, -0.0390625, 0.169921875, -0.1826171875, 0.09423828125, 0.005615234375, -0.01507568359375, 0.0634765625, -0.1826171875] 5 3 0
 [0.1748046875, 0.01068115234375, -0.045654296875, 0.07470703125, -0.0390625, 0.169921875, -0.1826171875, 0.09423828125, 0.005615234375, -0.01507568359375, 0.0634765625, -0.1826171875] 5 3 0
 [0.1748046875, 0.01068115234375, -0.045654296875, 0.07470703125, -0.0390625, 0.169921875, -0.1826171875, 0.09423828125, 0.005615234375, -0.01507568359375, 0.0634765625, -0.1826171875] 5 3 0
 [0.1748046875, 0.01068115234375, -0.045654296875, 0.07470703125, -0.0390625, 0.169921875, -0.1826171875, 0.09423828125, 0.005615234375, -0.01507568359375, 0.0634765625, -0.1826171875] 5 3 0
 [0.1748046875, 0.01068115234375, -0.045654296875, 0.07470703125, -0.0390625, 0.169921875, -0.1826171875, 0.09423828125, 0.005615234375, -0.01507568359375, 0.0634765625, -0.1826171875] 5 3 0
 [0.1748046875, 0.01068115234375, -0.045654296875, 0.07470703125, -0.0390625, 0.169921875, -0.1826171875, 0.09423828125, 0.005615234375, -0.01507568359375, 0.0634765625, -0.1826171875] 5 3 0
 [0.1748046875, 0.01068115234375, -0.045654296875, 0.07470703125, -0.0390625, 0.169921875, -0.1826171875, 0.09423828125, 0.005615234375, -0.01507568359375, 0.0634765625, -0.1826171875] 5 3 0
 [0.1748046875, 0.01068115234375, -0.045654296875, 0.07470703125, -0.0390625, 0.169921875, -0.1826171875, 0.09423828125, 0.005615234375, -0.01507568359375, 0.0634765625, -0.1826171875] 5 3 0
 [0.1748046875, 0.01068115234375, -0.045654296875, 0.07470703125, -0.0390625, 0.169921875, -0.1826171875, 0.09423828125, 0.005615234375, -0.01507568359375, 0.0634765625, -0.1826171875] 5 3 0
 [0.1748046875, 0.01068115234375, -0.045654296875, 0.07470703125, -0.0390625, 0.169921875, -0.1826171875, 0.09423828125, 0.005615234375, -0.01507568359375, 0.0634765625, -0.1826171875] 5 3 0
 [0.1748046875, 0.01068115234375, -0.045654296875, 0.07470703125, -0.0390625, 0.169921875, -0.1826171875, 0.09423828125, 0.005615234375, -0.01507568359375, 0.0634765625, -0.1826171875] 5 3 0
 [0.1748046875, 0.01068115234375, -0.045654296875, 0.07470703125, -0.0390625, 0.169921875, -0.1826171875, 0.09423828125, 0.005615234375, -0.01507568359375, 0.0634765625, -0.1826171875] 5 3 0
 [0.1748046875, 0.01068115234375, -0.045654296875, 0.07470703125, -0.0390625, 0.169921875, -0.1826171875, 0.09423828125, 0.005615234375, -0.01507568359375, 0.0634765625, -0.1826171875] 5 3 0
 [0.1748046875, 0.01068115234375, -0.045654296875, 0.07470703125, -0.0390625, 0.169921875, -0.1826171875, 0.09423828125, 0.005615234375, -0.01507568359375, 0.0634765625, -0.1826171875] 5 3 0
 [0.1748046875, 0.01068115234375, -0.045654296875, 0.07470703125, -0.0390625, 0.169921875, -0.1826171875, 0.09423828125, 0.005615234375, -0.01507568359375, 0.0634765625, -0.1826171875] 5 3 0
 [0.1748046875, 0.01068115234375, -0.045654296875, 0.07470703125, -0.0390625, 0.169921875, -0.1826171875, 0.09423828125, 0.005615234375, -0.01507568359375, 0.0634765625, -0.1826171875] 5 3 0
 [0.1748046875, 0.01068115234375, -0.045654296875, 0.07470703125, -0.0390625, 0.169921875, -0.1826171875, 0.09423828125, 0.005615234375, -0.01507568359375, 0.0634765625, -0.1826171875] 5 3 0
 [0.1748046875, 0.01068115234375, -0.045654296875, 0.07470703125, -0.0390625, 0.169921875, -0.1826171875, 0.09423828125, 0.005615234375, -0.01507568359375, 0.0634765625, -0.1826171875] 5 3 0
 [0.1748046875, 0.01068115234375, -0.045654296875, 0.07470703125, -0.0390625, 0.169921875, -0.1826171875, 0.09423828125, 0.005615234375, -0.01507568359375, 0.0634765625, -0.1826171875] 5 3 0
 [0.1748046875, 0.01068115234375, -0.045654296875, 0.07470703125, -0.0390625, 0.169921875, -0.1826171875, 0.09423828125, 0.005615234375, -0.01507568359375, 0.0634765625, -0.1826171875] 5 3 0
 [0.1748046875, 0.01068115234375, -0.045654296875, 0.07470703125, -0.0390625, 0.169921875, -0.1826171875, 0.09423828125, 0.005615234375, -0.01507568359375, 0.0634765625, -0.1826171875] 5 3 0
 [0.1748046875, 0.01068115234375, -0.045654296875, 0.07470703125, -0.0390625, 0.169921875, -0.1826171875, 0.09423828125, 0.005615234375, -0.01507568359375, 0.0634765625, -0.1826171875] 5 3 0
 [0.1748046875, 0.01068115234375, -0.045654296875, 0.07470703125, -0.0390625, 0.169921875, -0.1826171875, 0.09423828125, 0.005615234375, -0.01507568359375, 0.0634765625, -0.1826171875] 5 3 0
 [0.1748046875, 0.01068115234375, -0.045654296875, 0.07470703125, -0.0390625, 0.169921875, -0.1826171875, 0.09423828125, 0.005615234375, -0.01507568359375, 0.0634765625, -0.1826171875] 5 3 0
 [0.1748046875, 0.01068115234375, -0.045654296875, 0.07470703125, -0.0390625, 0.169921875, -0.1826171875, 0.09423828125, 0.005615234375, -0.01507568359375, 0.0634765625, -0.1826171875] 5 3 0
 [0.1748046875, 0.01068115234375, -0.045654296875, 0.07470703125, -0.0390625, 0.169921875, -0.1826171875, 0.09423828125, 0.005615234375, -0.01507568359375, 0.0634765625, -0.1826171875] 5 3 0
 [0.1748046875, 0.01068115234375, -0.045654296875, 0.07470703125, -0.0390625, 0.169921875, -0.1826171875, 0.09423828125, 0.005615234375, -0.01507568359375, 0.0634765625, -0.1826171875] 5 3 0
 [0.1748046875, 0.01068115234375, -0.045654296875, 0.07470703125, -0.0390625, 0.169921875, -0.1826171875, 0.09423828125, 0.005615234375, -0.01507568359375, 0.0634765625, -0.1826171875] 5 3 0
 [0.1748046875, 0.01068115234375, -0.045654296875, 0.07470703125, -0.0390625, 0.169921875, -0.1826171875, 0.09423828125, 0.005615234375, -0.01507568359375, 0.0634765625, -0.1826171875] 5 3 0
 [0.1748046875, 0.01068115234375, -0.045654296875, 0.07470703125, -0.0390625, 0.169921875, -0.1826171875, 0.09423828125, 0.005615234375, -0.01507568359375, 0.0634765625, -0.1826171875] 5 3 0
 [0.1748046875, 0.01068115234375, -0.045654296875, 0.07470703125, -0.0390625, 0.169921875, -0.1826171875, 0.09423828125, 0.005615234375, -0.01507568359375, 0.0634765625, -0.1826171875] 5 3 0
 [0.1748046875, 0.01068115234375, -0.045654296875, 0.07470703125, -0.0390625, 0.169921875, -0.1826171875, 0.09423828125, 0.005615234375, -0.01507568359375, 0.0634765625, -0.1826171875] 5 3 0
 [0.1748046875, 0.01068115234375, -0.045654296875, 0.07470703125, -0.0390625, 0.169921875, -0.1826171875, 0.09423828125, 0.005615234375, -0.01507568359375, 0.0634765625, -0.1826171875] 5 3 0
 [0.1748046875, 0.01068115234375, -0.045654296875, 0.07470703125, -0.0390625, 0.169921875, -0.1826171875, 0.09423828125, 0.005615234375, -0.01507568359375, 0.0634765625, -0.1826171875] 7 3 0
 [0.1748046875, 0.01068115234375, -0.045654296875, 0.07470703125, -0.0390625, 0.169921875, -0.1826171875, 0.09423828125, 0.005615234375, -0.01507568359375, 0.0634765625, -0.1826171875] 7 3 0
 [0.1748046875, 0.01068115234375, -0.045654296875, 0.07470703125, -0.0390625, 0.169921875, -0.1826171875, 0.09423828125, 0.005615234375, -0.01507568359375, 0.0634765625, -0.1826171875] 7 3 0
 [0.1748046875, 0.01068115234375, -0.045654296875, 0.07470703125, -0.0390625, 0.169921875, -0.1826171875, 0.09423828125, 0.005615234375, -0.01507568359375, 0.0634765625, -0.1826171875] 7 3 0
 [0.1748046875, 0.01068115234375, -0.045654296875, 0.07470703125, -0.0390625, 0.169921875, -0.1826171875, 0.09423828125, 0.005615234375, -0.01507568359375, 0.0634765625, -0.1826171875] 7 3 0
 [0.1748046875, 0.01068115234375, -0.045654296875, 0.07470703125, -0.0390625, 0.169921875, -0.1826171875, 0.09423828125, 0.005615234375, -0.01507568359375, 0.0634765625, -0.1826171875] 7 3 0
 [0.1748046875, 0.01068115234375, -0.045654296875, 0.07470703125, -0.0390625, 0.169921875, -0.1826171875, 0.09423828125, 0.005615234375, -0.01507568359375, 0.0634765625, -0.1826171875] 7 3 0
 [0.1748046875, 0.01068115234375, -0.045654296875, 0.07470703125, -0.0390625, 0.169921875, -0.1826171875, 0.09423828125, 0.005615234375, -0.01507568359375, 0.0634765625, -0.1826171875] 7 3 0
 [0.1748046875, 0.01068115234375, -0.045654296875, 0.07470703125, -0.0390625, 0.169921875, -0.1826171875, 0.09423828125, 0.005615234375, -0.01507568359375, 0.0634765625, -0.1826171875] 7 3 0
 [0.1748046875, 0.01068115234375, -0.045654296875, 0.07470703125, -0.0390625, 0.169921875, -0.1826171875, 0.09423828125, 0.005615234375, -0.01507568359375, 0.0634765625, -0.1826171875] 7 3 0
 [0.1748046875, 0.01068115234375, -0.045654296875, 0.07470703125, -0.0390625, 0.169921875, -0.1826171875, 0.09423828125, 0.005615234375, -0.01507568359375, 0.0634765625, -0.1826171875] 7 3 0
 [0.1748046875, 0.01068115234375, -0.045654296875, 0.07470703125, -0.0390625, 0.169921875, -0.1826171875, 0.09423828125, 0.005615234375, -0.01507568359375, 0.0634765625, -0.1826171875] 7 3 0
 [0.1748046875, 0.01068115234375, -0.045654296875, 0.07470703125, -0.0390625, 0.169921875, -0.1826171875, 0.09423828125, 0.005615234375, -0.01507568359375, 0.0634765625, -0.1826171875] 7 3 0
 [0.1748046875, 0.01068115234375, -0.045654296875, 0.07470703125, -0.0390625, 0.169921875, -0.1826171875, 0.09423828125, 0.005615234375, -0.01507568359375, 0.0634765625, -0.1826171875] 7 3 0
 [0.1748046875, 0.01068115234375, -0.045654296875, 0.07470703125, -0.0390625, 0.169921875, -0.1826171875, 0.09423828125, 0.005615234375, -0.01507568359375, 0.0634765625, -0.1826171875] 7 3 0
 [0.1748046875, 0.01068115234375, -0.045654296875, 0.07470703125, -0.0390625, 0.169921875, -0.1826171875, 0.09423828125, 0.005615234375, -0.01507568359375, 0.0634765625, -0.1826171875] 7 3 0
 [0.1748046875, 0.01068115234375, -0.045654296875, 0.07470703125, -0.0390625, 0.169921875, -0.1826171875, 0.09423828125, 0.005615234375, -0.01507568359375, 0.0634765625, -0.1826171875] 7 3 0
 [0.1748046875, 0.01068115234375, -0.045654296875, 0.07470703125, -0.0390625, 0.169921875, -0.1826171875, 0.09423828125, 0.005615234375, -0.01507568359375, 0.0634765625, -0.1826171875] 7 3 0
 [0.1748046875, 0.01068115234375, -0.045654296875, 0.07470703125, -0.0390625, 0.169921875, -0.1826171875, 0.09423828125, 0.005615234375, -0.01507568359375, 0.0634765625, -0.1826171875] 7 3 0
 [0.1748046875, 0.01068115234375, -0.045654296875, 0.07470703125, -0.0390625, 0.169921875, -0.1826171875, 0.09423828125, 0.005615234375, -0.01507568359375, 0.0634765625, -0.1826171875] 7 3 0
 [0.1748046875, 0.01068115234375, -0.045654296875, 0.07470703125, -0.0390625, 0.169921875, -0.1826171875, 0.09423828125, 0.005615234375, -0.01507568359375, 0.0634765625, -0.1826171875] 7 3 0
 [0.1748046875, 0.01068115234375, -0.045654296875, 0.07470703125, -0.0390625, 0.169921875, -0.1826171875, 0.09423828125, 0.005615234375, -0.01507568359375, 0.0634765625, -0.1826171875] 7 3 0
 [0.1748046875, 0.01068115234375, -0.045654296875, 0.07470703125, -0.0390625, 0.169921875, -0.1826171875, 0.09423828125, 0.005615234375, -0.01507568359375, 0.0634765625, -0.1826171875] 7 3 0
 [0.1748046875, 0.01068115234375, -0.045654296875, 0.07470703125, -0.0390625, 0.169921875, -0.1826171875, 0.09423828125, 0.005615234375, -0.01507568359375, 0.0634765625, -0.1826171875] 7 3 0
 [0.1748046875, 0.01068115234375, -0.045654296875, 0.07470703125, -0.0390625, 0.169921875, -0.1826171875, 0.09423828125, 0.005615234375, -0.01507568359375, 0.0634765625, -0.1826171875] 7 3 0
 [0.1748046875, 0.01068115234375, -0.045654296875, 0.07470703125, -0.0390625, 0.169921875, -0.1826171875, 0.09423828125, 0.005615234375, -0.01507568359375, 0.0634765625, -0.1826171875] 7 3 0
 [0.1748046875, 0.01068115234375, -0.045654296875, 0.07470703125, -0.0390625, 0.169921875, -0.1826171875, 0.09423828125, 0.005615234375, -0.01507568359375, 0.0634765625, -0.1826171875] 7 3 0
 [0.1748046875, 0.01068115234375, -0.045654296875, 0.07470703125, -0.0390625, 0.169921875, -0.1826171875, 0.09423828125, 0.005615234375, -0.01507568359375, 0.0634765625, -0.1826171875] 7 3 0
 [0.1748046875, 0.01068115234375, -0.045654296875, 0.07470703125, -0.0390625, 0.169921875, -0.1826171875, 0.09423828125, 0.005615234375, -0.01507568359375, 0.0634765625, -0.1826171875] 7 3 0
 [0.1748046875, 0.01068115234375, -0.045654296875, 0.07470703125, -0.0390625, 0.169921875, -0.1826171875, 0.09423828125, 0.005615234375, -0.01507568359375, 0.0634765625, -0.1826171875] 7 3 0
 [0.1748046875, 0.01068115234375, -0.045654296875, 0.07470703125, -0.0390625, 0.169921875, -0.1826171875, 0.09423828125, 0.005615234375, -0.01507568359375, 0.0634765625, -0.1826171875] 8 3 0
 [0.1748046875, 0.01068115234375, -0.045654296875, 0.07470703125, -0.0390625, 0.169921875, -0.1826171875, 0.09423828125, 0.005615234375, -0.01507568359375, 0.0634765625, -0.1826171875] 8 3 0
 [0.1748046875, 0.01068115234375, -0.045654296875, 0.07470703125, -0.0390625, 0.169921875, -0.1826171875, 0.09423828125, 0.005615234375, -0.01507568359375, 0.0634765625, -0.1826171875] 8 3 0
 [0.1748046875, 0.01068115234375, -0.045654296875, 0.07470703125, -0.0390625, 0.169921875, -0.1826171875, 0.09423828125, 0.005615234375, -0.01507568359375, 0.0634765625, -0.1826171875] 8 3 0
 [0.1748046875, 0.01068115234375, -0.045654296875, 0.07470703125, -0.0390625, 0.169921875, -0.1826171875, 0.09423828125, 0.005615234375, -0.01507568359375, 0.0634765625, -0.1826171875] 8 3 0
 [0.1748046875, 0.01068115234375, -0.045654296875, 0.07470703125, -0.0390625, 0.169921875, -0.1826171875, 0.09423828125, 0.005615234375, -0.01507568359375, 0.0634765625, -0.1826171875] 8 3 0
 [0.1748046875, 0.01068115234375, -0.045654296875, 0.07470703125, -0.0390625, 0.169921875, -0.1826171875, 0.09423828125, 0.005615234375, -0.01507568359375, 0.0634765625, -0.1826171875] 8 3 0
 [0.1748046875, 0.01068115234375, -0.045654296875, 0.07470703125, -0.0390625, 0.169921875, -0.1826171875, 0.09423828125, 0.005615234375, -0.01507568359375, 0.0634765625, -0.1826171875] 8 3 0
 [0.1748046875, 0.01068115234375, -0.045654296875, 0.07470703125, -0.0390625, 0.169921875, -0.1826171875, 0.09423828125, 0.005615234375, -0.01507568359375, 0.0634765625, -0.1826171875] 8 3 0
 [0.1748046875, 0.01068115234375, -0.045654296875, 0.07470703125, -0.0390625, 0.169921875, -0.1826171875, 0.09423828125, 0.005615234375, -0.01507568359375, 0.0634765625, -0.1826171875] 8 3 0
 [0.1748046875, 0.01068115234375, -0.045654296875, 0.07470703125, -0.0390625, 0.169921875, -0.1826171875, 0.09423828125, 0.005615234375, -0.01507568359375, 0.0634765625, -0.1826171875] 8 3 0
 [0.1748046875, 0.01068115234375, -0.045654296875, 0.07470703125, -0.0390625, 0.169921875, -0.1826171875, 0.09423828125, 0.005615234375, -0.01507568359375, 0.0634765625, -0.1826171875] 8 3 0
 [0.1748046875, 0.01068115234375, -0.045654296875, 0.07470703125, -0.0390625, 0.169921875, -0.1826171875, 0.09423828125, 0.005615234375, -0.01507568359375, 0.0634765625, -0.1826171875] 8 3 0
 [0.1748046875, 0.01068115234375, -0.045654296875, 0.07470703125, -0.0390625, 0.169921875, -0.1826171875, 0.09423828125, 0.005615234375, -0.01507568359375, 0.0634765625, -0.1826171875] 8 3 0
 [0.1748046875, 0.01068115234375, -0.045654296875, 0.07470703125, -0.0390625, 0.169921875, -0.1826171875, 0.09423828125, 0.005615234375, -0.01507568359375, 0.0634765625, -0.1826171875] 8 3 0
 [0.1748046875, 0.01068115234375, -0.045654296875, 0.07470703125, -0.0390625, 0.169921875, -0.1826171875, 0.09423828125, 0.005615234375, -0.01507568359375, 0.0634765625, -0.1826171875] 8 3 0
 [0.1748046875, 0.01068115234375, -0.045654296875, 0.07470703125, -0.0390625, 0.169921875, -0.1826171875, 0.09423828125, 0.005615234375, -0.01507568359375, 0.0634765625, -0.1826171875] 8 3 0
 [0.1748046875, 0.01068115234375, -0.045654296875, 0.07470703125, -0.0390625, 0.169921875, -0.1826171875, 0.09423828125, 0.005615234375, -0.01507568359375, 0.0634765625, -0.1826171875] 8 3 0
 [0.1748046875, 0.01068115234375, -0.045654296875, 0.07470703125, -0.0390625, 0.169921875, -0.1826171875, 0.09423828125, 0.005615234375, -0.01507568359375, 0.0634765625, -0.1826171875] 8 3 0
 [0.1748046875, 0.01068115234375, -0.045654296875, 0.07470703125, -0.0390625, 0.169921875, -0.1826171875, 0.09423828125, 0.005615234375, -0.01507568359375, 0.0634765625, -0.1826171875] 8 3 0
 [0.1748046875, 0.01068115234375, -0.045654296875, 0.07470703125, -0.0390625, 0.169921875, -0.1826171875, 0.09423828125, 0.005615234375, -0.01507568359375, 0.0634765625, -0.1826171875] 8 3 0
 [0.1748046875, 0.01068115234375, -0.045654296875, 0.07470703125, -0.0390625, 0.169921875, -0.1826171875, 0.09423828125, 0.005615234375, -0.01507568359375, 0.0634765625, -0.1826171875] 8 3 0
 [0.1748046875, 0.01068115234375, -0.045654296875, 0.07470703125, -0.0390625, 0.169921875, -0.1826171875, 0.09423828125, 0.005615234375, -0.01507568359375, 0.0634765625, -0.1826171875] 8 3 0
 [0.1748046875, 0.01068115234375, -0.045654296875, 0.07470703125, -0.0390625, 0.169921875, -0.1826171875, 0.09423828125, 0.005615234375, -0.01507568359375, 0.0634765625, -0.1826171875] 8 3 0
 [0.1748046875, 0.01068115234375, -0.045654296875, 0.07470703125, -0.0390625, 0.169921875, -0.1826171875, 0.09423828125, 0.005615234375, -0.01507568359375, 0.0634765625, -0.1826171875] 8 3 0
 [0.1748046875, 0.01068115234375, -0.045654296875, 0.07470703125, -0.0390625, 0.169921875, -0.1826171875, 0.09423828125, 0.005615234375, -0.01507568359375, 0.0634765625, -0.1826171875] 8 3 0
 [0.1748046875, 0.01068115234375, -0.045654296875, 0.07470703125, -0.0390625, 0.169921875, -0.1826171875, 0.09423828125, 0.005615234375, -0.01507568359375, 0.0634765625, -0.1826171875] 8 3 0
 [0.1748046875, 0.01068115234375, -0.045654296875, 0.07470703125, -0.0390625, 0.169921875, -0.1826171875, 0.09423828125, 0.005615234375, -0.01507568359375, 0.0634765625, -0.1826171875] 8 3 0
 [0.1748046875, 0.01068115234375, -0.045654296875, 0.07470703125, -0.0390625, 0.169921875, -0.1826171875, 0.09423828125, 0.005615234375, -0.01507568359375, 0.0634765625, -0.1826171875] 8 3 0
 [0.1748046875, 0.01068115234375, -0.045654296875, 0.07470703125, -0.0390625, 0.169921875, -0.1826171875, 0.09423828125, 0.005615234375, -0.01507568359375, 0.0634765625, -0.1826171875] 10 3 0
 [0.1748046875, 0.01068115234375, -0.045654296875, 0.07470703125, -0.0390625, 0.169921875, -0.1826171875, 0.09423828125, 0.005615234375, -0.01507568359375, 0.0634765625, -0.1826171875] 10 3 0
 [0.1748046875, 0.01068115234375, -0.045654296875, 0.07470703125, -0.0390625, 0.169921875, -0.1826171875, 0.09423828125, 0.005615234375, -0.01507568359375, 0.0634765625, -0.1826171875] 10 3 0
 [0.1748046875, 0.01068115234375, -0.045654296875, 0.07470703125, -0.0390625, 0.169921875, -0.1826171875, 0.09423828125, 0.005615234375, -0.01507568359375, 0.0634765625, -0.1826171875] 10 3 0
 [0.1748046875, 0.01068115234375, -0.045654296875, 0.07470703125, -0.0390625, 0.169921875, -0.1826171875, 0.09423828125, 0.005615234375, -0.01507568359375, 0.0634765625, -0.1826171875] 10 3 0
 [0.1748046875, 0.01068115234375, -0.045654296875, 0.07470703125, -0.0390625, 0.169921875, -0.1826171875, 0.09423828125, 0.005615234375, -0.01507568359375, 0.0634765625, -0.1826171875] 10 3 0
 [0.1748046875, 0.01068115234375, -0.045654296875, 0.07470703125, -0.0390625, 0.169921875, -0.1826171875, 0.09423828125, 0.005615234375, -0.01507568359375, 0.0634765625, -0.1826171875] 10 3 0
 [0.1748046875, 0.01068115234375, -0.045654296875, 0.07470703125, -0.0390625, 0.169921875, -0.1826171875, 0.09423828125, 0.005615234375, -0.01507568359375, 0.0634765625, -0.1826171875] 10 3 0
 [0.1748046875, 0.01068115234375, -0.045654296875, 0.07470703125, -0.0390625, 0.169921875, -0.1826171875, 0.09423828125, 0.005615234375, -0.01507568359375, 0.0634765625, -0.1826171875] 10 3 0
 [0.1748046875, 0.01068115234375, -0.045654296875, 0.07470703125, -0.0390625, 0.169921875, -0.1826171875, 0.09423828125, 0.005615234375, -0.01507568359375, 0.0634765625, -0.1826171875] 10 3 0
 [0.1748046875, 0.01068115234375, -0.045654296875, 0.07470703125, -0.0390625, 0.169921875, -0.1826171875, 0.09423828125, 0.005615234375, -0.01507568359375, 0.0634765625, -0.1826171875] 10 3 0
 [0.1748046875, 0.01068115234375, -0.045654296875, 0.07470703125, -0.0390625, 0.169921875, -0.1826171875, 0.09423828125, 0.005615234375, -0.01507568359375, 0.0634765625, -0.1826171875] 10 3 0
 [0.1748046875, 0.01068115234375, -0.045654296875, 0.07470703125, -0.0390625, 0.169921875, -0.1826171875, 0.09423828125, 0.005615234375, -0.01507568359375, 0.0634765625, -0.1826171875] 10 3 0
 [0.1748046875, 0.01068115234375, -0.045654296875, 0.07470703125, -0.0390625, 0.169921875, -0.1826171875, 0.09423828125, 0.005615234375, -0.01507568359375, 0.0634765625, -0.1826171875] 10 3 0
 [0.1748046875, 0.01068115234375, -0.045654296875, 0.07470703125, -0.0390625, 0.169921875, -0.1826171875, 0.09423828125, 0.005615234375, -0.01507568359375, 0.0634765625, -0.1826171875] 10 3 0
 [0.1748046875, 0.01068115234375, -0.045654296875, 0.07470703125, -0.0390625, 0.169921875, -0.1826171875, 0.09423828125, 0.005615234375, -0.01507568359375, 0.0634765625, -0.1826171875] 10 3 0
 [0.1748046875, 0.01068115234375, -0.045654296875, 0.07470703125, -0.0390625, 0.169921875, -0.1826171875, 0.09423828125, 0.005615234375, -0.01507568359375, 0.0634765625, -0.1826171875] 10 3 0
 [0.1748046875, 0.01068115234375, -0.045654296875, 0.07470703125, -0.0390625, 0.169921875, -0.1826171875, 0.09423828125, 0.005615234375, -0.01507568359375, 0.0634765625, -0.1826171875] 10 3 0
 [0.1748046875, 0.01068115234375, -0.045654296875, 0.07470703125, -0.0390625, 0.169921875, -0.1826171875, 0.09423828125, 0.005615234375, -0.01507568359375, 0.0634765625, -0.1826171875] 10 3 0
 [0.1748046875, 0.01068115234375, -0.045654296875, 0.07470703125, -0.0390625, 0.169921875, -0.1826171875, 0.09423828125, 0.005615234375, -0.01507568359375, 0.0634765625, -0.1826171875] 10 3 0
 [0.1748046875, 0.01068115234375, -0.045654296875, 0.07470703125, -0.0390625, 0.169921875, -0.1826171875, 0.09423828125, 0.005615234375, -0.01507568359375, 0.0634765625, -0.1826171875] 10 3 0
 [0.1748046875, 0.01068115234375, -0.045654296875, 0.07470703125, -0.0390625, 0.169921875, -0.1826171875, 0.09423828125, 0.005615234375, -0.01507568359375, 0.0634765625, -0.1826171875] 10 3 0
 [0.1748046875, 0.01068115234375, -0.045654296875, 0.07470703125, -0.0390625, 0.169921875, -0.1826171875, 0.09423828125, 0.005615234375, -0.01507568359375, 0.0634765625, -0.1826171875] 10 3 0
 [0.1748046875, 0.01068115234375, -0.045654296875, 0.07470703125, -0.0390625, 0.169921875, -0.1826171875, 0.09423828125, 0.005615234375, -0.01507568359375, 0.0634765625, -0.1826171875] 10 3 0
 [0.1748046875, 0.01068115234375, -0.045654296875, 0.07470703125, -0.0390625, 0.169921875, -0.1826171875, 0.09423828125, 0.005615234375, -0.01507568359375, 0.0634765625, -0.1826171875] 10 3 0
 [0.1748046875, 0.01068115234375, -0.045654296875, 0.07470703125, -0.0390625, 0.169921875, -0.1826171875, 0.09423828125, 0.005615234375, -0.01507568359375, 0.0634765625, -0.1826171875] 10 3 0
 [0.1748046875, 0.01068115234375, -0.045654296875, 0.07470703125, -0.0390625, 0.169921875, -0.1826171875, 0.09423828125, 0.005615234375, -0.01507568359375, 0.0634765625, -0.1826171875] 10 3 0
 [0.1748046875, 0.01068115234375, -0.045654296875, 0.07470703125, -0.0390625, 0.169921875, -0.1826171875, 0.09423828125, 0.005615234375, -0.01507568359375, 0.0634765625, -0.1826171875] 10 3 0
 [0.1748046875, 0.01068115234375, -0.045654296875, 0.07470703125, -0.0390625, 0.169921875, -0.1826171875, 0.09423828125, 0.005615234375, -0.01507568359375, 0.0634765625, -0.1826171875] 10 3 0
 [0.1748046875, 0.01068115234375, -0.045654296875, 0.07470703125, -0.0390625, 0.169921875, -0.1826171875, 0.09423828125, 0.005615234375, -0.01507568359375, 0.0634765625, -0.1826171875] 10 3 0
 [0.1748046875, 0.01068115234375, -0.045654296875, 0.07470703125, -0.0390625, 0.169921875, -0.1826171875, 0.09423828125, 0.005615234375, -0.01507568359375, 0.0634765625, -0.1826171875] 10 3 0
 [0.1748046875, 0.01068115234375, -0.045654296875, 0.07470703125, -0.0390625, 0.169921875, -0.1826171875, 0.09423828125, 0.005615234375, -0.01507568359375, 0.0634765625, -0.1826171875] 10 3 0
 [0.1748046875, 0.01068115234375, -0.045654296875, 0.07470703125, -0.0390625, 0.169921875, -0.1826171875, 0.09423828125, 0.005615234375, -0.01507568359375, 0.0634765625, -0.1826171875] 10 3 0
 [0.1748046875, 0.01068115234375, -0.045654296875, 0.07470703125, -0.0390625, 0.169921875, -0.1826171875, 0.09423828125, 0.005615234375, -0.01507568359375, 0.0634765625, -0.1826171875] 10 3 0
 [0.1748046875, 0.01068115234375, -0.045654296875, 0.07470703125, -0.0390625, 0.169921875, -0.1826171875, 0.09423828125, 0.005615234375, -0.01507568359375, 0.0634765625, -0.1826171875] 11 3 0
 [0.1748046875, 0.01068115234375, -0.045654296875, 0.07470703125, -0.0390625, 0.169921875, -0.1826171875, 0.09423828125, 0.005615234375, -0.01507568359375, 0.0634765625, -0.1826171875] 11 3 0
 [0.1748046875, 0.01068115234375, -0.045654296875, 0.07470703125, -0.0390625, 0.169921875, -0.1826171875, 0.09423828125, 0.005615234375, -0.01507568359375, 0.0634765625, -0.1826171875] 11 3 0
 [0.1748046875, 0.01068115234375, -0.045654296875, 0.07470703125, -0.0390625, 0.169921875, -0.1826171875, 0.09423828125, 0.005615234375, -0.01507568359375, 0.0634765625, -0.1826171875] 11 3 0
 [0.1748046875, 0.01068115234375, -0.045654296875, 0.07470703125, -0.0390625, 0.169921875, -0.1826171875, 0.09423828125, 0.005615234375, -0.01507568359375, 0.0634765625, -0.1826171875] 11 3 0
 [0.1748046875, 0.01068115234375, -0.045654296875, 0.07470703125, -0.0390625, 0.169921875, -0.1826171875, 0.09423828125, 0.005615234375, -0.01507568359375, 0.0634765625, -0.1826171875] 11 3 0
 [0.1748046875, 0.01068115234375, -0.045654296875, 0.07470703125, -0.0390625, 0.169921875, -0.1826171875, 0.09423828125, 0.005615234375, -0.01507568359375, 0.0634765625, -0.1826171875] 11 3 0
 [0.1748046875, 0.01068115234375, -0.045654296875, 0.07470703125, -0.0390625, 0.169921875, -0.1826171875, 0.09423828125, 0.005615234375, -0.01507568359375, 0.0634765625, -0.1826171875] 11 3 0
 [0.1748046875, 0.01068115234375, -0.045654296875, 0.07470703125, -0.0390625, 0.169921875, -0.1826171875, 0.09423828125, 0.005615234375, -0.01507568359375, 0.0634765625, -0.1826171875] 11 3 0
 [0.1748046875, 0.01068115234375, -0.045654296875, 0.07470703125, -0.0390625, 0.169921875, -0.1826171875, 0.09423828125, 0.005615234375, -0.01507568359375, 0.0634765625, -0.1826171875] 11 3 0
 [0.1748046875, 0.01068115234375, -0.045654296875, 0.07470703125, -0.0390625, 0.169921875, -0.1826171875, 0.09423828125, 0.005615234375, -0.01507568359375, 0.0634765625, -0.1826171875] 11 3 0
 [0.1748046875, 0.01068115234375, -0.045654296875, 0.07470703125, -0.0390625, 0.169921875, -0.1826171875, 0.09423828125, 0.005615234375, -0.01507568359375, 0.0634765625, -0.1826171875] 11 3 0
 [0.1748046875, 0.01068115234375, -0.045654296875, 0.07470703125, -0.0390625, 0.169921875, -0.1826171875, 0.09423828125, 0.005615234375, -0.01507568359375, 0.0634765625, -0.1826171875] 11 3 0
 [0.1748046875, 0.01068115234375, -0.045654296875, 0.07470703125, -0.0390625, 0.169921875, -0.1826171875, 0.09423828125, 0.005615234375, -0.01507568359375, 0.0634765625, -0.1826171875] 11 3 0
 [0.1748046875, 0.01068115234375, -0.045654296875, 0.07470703125, -0.0390625, 0.169921875, -0.1826171875, 0.09423828125, 0.005615234375, -0.01507568359375, 0.0634765625, -0.1826171875] 11 3 0
 [0.1748046875, 0.01068115234375, -0.045654296875, 0.07470703125, -0.0390625, 0.169921875, -0.1826171875, 0.09423828125, 0.005615234375, -0.01507568359375, 0.0634765625, -0.1826171875] 11 3 0
 [0.1748046875, 0.01068115234375, -0.045654296875, 0.07470703125, -0.0390625, 0.169921875, -0.1826171875, 0.09423828125, 0.005615234375, -0.01507568359375, 0.0634765625, -0.1826171875] 11 3 0
 [0.1748046875, 0.01068115234375, -0.045654296875, 0.07470703125, -0.0390625, 0.169921875, -0.1826171875, 0.09423828125, 0.005615234375, -0.01507568359375, 0.0634765625, -0.1826171875] 11 3 0
 [0.1748046875, 0.01068115234375, -0.045654296875, 0.07470703125, -0.0390625, 0.169921875, -0.1826171875, 0.09423828125, 0.005615234375, -0.01507568359375, 0.0634765625, -0.1826171875] 11 3 0
 [0.1748046875, 0.01068115234375, -0.045654296875, 0.07470703125, -0.0390625, 0.169921875, -0.1826171875, 0.09423828125, 0.005615234375, -0.01507568359375, 0.0634765625, -0.1826171875] 11 3 0
 [0.1748046875, 0.01068115234375, -0.045654296875, 0.07470703125, -0.0390625, 0.169921875, -0.1826171875, 0.09423828125, 0.005615234375, -0.01507568359375, 0.0634765625, -0.1826171875] 11 3 0
 [0.1748046875, 0.01068115234375, -0.045654296875, 0.07470703125, -0.0390625, 0.169921875, -0.1826171875, 0.09423828125, 0.005615234375, -0.01507568359375, 0.0634765625, -0.1826171875] 11 3 0
 [0.1748046875, 0.01068115234375, -0.045654296875, 0.07470703125, -0.0390625, 0.169921875, -0.1826171875, 0.09423828125, 0.005615234375, -0.01507568359375, 0.0634765625, -0.1826171875] 11 3 0
 [0.1748046875, 0.01068115234375, -0.045654296875, 0.07470703125, -0.0390625, 0.169921875, -0.1826171875, 0.09423828125, 0.005615234375, -0.01507568359375, 0.0634765625, -0.1826171875] 11 3 0
 [0.1748046875, 0.01068115234375, -0.045654296875, 0.07470703125, -0.0390625, 0.169921875, -0.1826171875, 0.09423828125, 0.005615234375, -0.01507568359375, 0.0634765625, -0.1826171875] 11 3 0
 [0.1748046875, 0.01068115234375, -0.045654296875, 0.07470703125, -0.0390625, 0.169921875, -0.1826171875, 0.09423828125, 0.005615234375, -0.01507568359375, 0.0634765625, -0.1826171875] 11 3 0
 [0.1748046875, 0.01068115234375, -0.045654296875, 0.07470703125, -0.0390625, 0.169921875, -0.1826171875, 0.09423828125, 0.005615234375, -0.01507568359375, 0.0634765625, -0.1826171875] 11 3 0
 [0.1748046875, 0.01068115234375, -0.045654296875, 0.07470703125, -0.0390625, 0.169921875, -0.1826171875, 0.09423828125, 0.005615234375, -0.01507568359375, 0.0634765625, -0.1826171875] 11 3 0
 [0.1748046875, 0.01068115234375, -0.045654296875, 0.07470703125, -0.0390625, 0.169921875, -0.1826171875, 0.09423828125, 0.005615234375, -0.01507568359375, 0.0634765625, -0.1826171875] 11 3 0
 [0.1748046875, 0.01068115234375, -0.045654296875, 0.07470703125, -0.0390625, 0.169921875, -0.1826171875, 0.09423828125, 0.005615234375, -0.01507568359375, 0.0634765625, -0.1826171875] 11 3 0
 [0.1748046875, 0.01068115234375, -0.045654296875, 0.07470703125, -0.0390625, 0.169921875, -0.1826171875, 0.09423828125, 0.005615234375, -0.01507568359375, 0.0634765625, -0.1826171875] 11 3 0
 [0.1748046875, 0.01068115234375, -0.045654296875, 0.07470703125, -0.0390625, 0.169921875, -0.1826171875, 0.09423828125, 0.005615234375, -0.01507568359375, 0.0634765625, -0.1826171875] 11 3 0
 [0.1748046875, 0.01068115234375, -0.045654296875, 0.07470703125, -0.0390625, 0.169921875, -0.1826171875, 0.09423828125, 0.005615234375, -0.01507568359375, 0.0634765625, -0.1826171875] 10 3 0
 [0.1748046875, 0.01068115234375, -0.045654296875, 0.07470703125, -0.0390625, 0.169921875, -0.1826171875, 0.09423828125, 0.005615234375, -0.01507568359375, 0.0634765625, -0.1826171875] 0 3 1
 [0.1748046875, 0.01068115234375, -0.045654296875, 0.07470703125, -0.0390625, 0.169921875, -0.1826171875, 0.09423828125, 0.005615234375, -0.01507568359375, 0.0634765625, -0.1826171875] 0 3 1
 [0.1748046875, 0.01068115234375, -0.045654296875, 0.07470703125, -0.0390625, 0.169921875, -0.1826171875, 0.09423828125, 0.005615234375, -0.01507568359375, 0.0634765625, -0.1826171875] 0 3 1
 [0.1748046875, 0.01068115234375, -0.045654296875, 0.07470703125, -0.0390625, 0.169921875, -0.1826171875, 0.09423828125, 0.005615234375, -0.01507568359375, 0.0634765625, -0.1826171875] 0 3 1
 [0.1748046875, 0.01068115234375, -0.045654296875, 0.07470703125, -0.0390625, 0.169921875, -0.1826171875, 0.09423828125, 0.005615234375, -0.01507568359375, 0.0634765625, -0.1826171875] 0 3 1
 [0.1748046875, 0.01068115234375, -0.045654296875, 0.07470703125, -0.0390625, 0.169921875, -0.1826171875, 0.09423828125, 0.005615234375, -0.01507568359375, 0.0634765625, -0.1826171875] 0 3 1
 [0.1748046875, 0.01068115234375, -0.045654296875, 0.07470703125, -0.0390625, 0.169921875, -0.1826171875, 0.09423828125, 0.005615234375, -0.01507568359375, 0.0634765625, -0.1826171875] 0 3 1
 [0.1748046875, 0.01068115234375, -0.045654296875, 0.07470703125, -0.0390625, 0.169921875, -0.1826171875, 0.09423828125, 0.005615234375, -0.01507568359375, 0.0634765625, -0.1826171875] 0 3 1
 [0.1748046875, 0.01068115234375, -0.045654296875, 0.07470703125, -0.0390625, 0.169921875, -0.1826171875, 0.09423828125, 0.005615234375, -0.01507568359375, 0.0634765625, -0.1826171875] 0 3 1
 [0.1748046875, 0.01068115234375, -0.045654296875, 0.07470703125, -0.0390625, 0.169921875, -0.1826171875, 0.09423828125, 0.005615234375, -0.01507568359375, 0.0634765625, -0.1826171875] 0 3 1
 [0.1748046875, 0.01068115234375, -0.045654296875, 0.07470703125, -0.0390625, 0.169921875, -0.1826171875, 0.09423828125, 0.005615234375, -0.01507568359375, 0.0634765625, -0.1826171875] 0 3 1
 [0.1748046875, 0.01068115234375, -0.045654296875, 0.07470703125, -0.0390625, 0.169921875, -0.1826171875, 0.09423828125, 0.005615234375, -0.01507568359375, 0.0634765625, -0.1826171875] 0 3 1
 [0.1748046875, 0.01068115234375, -0.045654296875, 0.07470703125, -0.0390625, 0.169921875, -0.1826171875, 0.09423828125, 0.005615234375, -0.01507568359375, 0.0634765625, -0.1826171875] 0 3 1
 [0.1748046875, 0.01068115234375, -0.045654296875, 0.07470703125, -0.0390625, 0.169921875, -0.1826171875, 0.09423828125, 0.005615234375, -0.01507568359375, 0.0634765625, -0.1826171875] 0 3 1
 [0.1748046875, 0.01068115234375, -0.045654296875, 0.07470703125, -0.0390625, 0.169921875, -0.1826171875, 0.09423828125, 0.005615234375, -0.01507568359375, 0.0634765625, -0.1826171875] 0 3 1
 [0.1748046875, 0.01068115234375, -0.045654296875, 0.07470703125, -0.0390625, 0.169921875, -0.1826171875, 0.09423828125, 0.005615234375, -0.01507568359375, 0.0634765625, -0.1826171875] 0 3 1
 [0.1748046875, 0.01068115234375, -0.045654296875, 0.07470703125, -0.0390625, 0.169921875, -0.1826171875, 0.09423828125, 0.005615234375, -0.01507568359375, 0.0634765625, -0.1826171875] 0 3 1
 [0.1748046875, 0.01068115234375, -0.045654296875, 0.07470703125, -0.0390625, 0.169921875, -0.1826171875, 0.09423828125, 0.005615234375, -0.01507568359375, 0.0634765625, -0.1826171875] 0 3 1
 [0.1748046875, 0.01068115234375, -0.045654296875, 0.07470703125, -0.0390625, 0.169921875, -0.1826171875, 0.09423828125, 0.005615234375, -0.01507568359375, 0.0634765625, -0.1826171875] 0 3 1
 [0.1748046875, 0.01068115234375, -0.045654296875, 0.07470703125, -0.0390625, 0.169921875, -0.1826171875, 0.09423828125, 0.005615234375, -0.01507568359375, 0.0634765625, -0.1826171875] 0 3 1
 [0.1748046875, 0.01068115234375, -0.045654296875, 0.07470703125, -0.0390625, 0.169921875, -0.1826171875, 0.09423828125, 0.005615234375, -0.01507568359375, 0.0634765625, -0.1826171875] 0 3 1
 [0.1748046875, 0.01068115234375, -0.045654296875, 0.07470703125, -0.0390625, 0.169921875, -0.1826171875, 0.09423828125, 0.005615234375, -0.01507568359375, 0.0634765625, -0.1826171875] 0 3 1
 [0.1748046875, 0.01068115234375, -0.045654296875, 0.07470703125, -0.0390625, 0.169921875, -0.1826171875, 0.09423828125, 0.005615234375, -0.01507568359375, 0.0634765625, -0.1826171875] 0 3 1
 [0.1748046875, 0.01068115234375, -0.045654296875, 0.07470703125, -0.0390625, 0.169921875, -0.1826171875, 0.09423828125, 0.005615234375, -0.01507568359375, 0.0634765625, -0.1826171875] 0 3 1
 [0.1748046875, 0.01068115234375, -0.045654296875, 0.07470703125, -0.0390625, 0.169921875, -0.1826171875, 0.09423828125, 0.005615234375, -0.01507568359375, 0.0634765625, -0.1826171875] 0 3 1
 [0.1748046875, 0.01068115234375, -0.045654296875, 0.07470703125, -0.0390625, 0.169921875, -0.1826171875, 0.09423828125, 0.005615234375, -0.01507568359375, 0.0634765625, -0.1826171875] 0 3 1
 [0.1748046875, 0.01068115234375, -0.045654296875, 0.07470703125, -0.0390625, 0.169921875, -0.1826171875, 0.09423828125, 0.005615234375, -0.01507568359375, 0.0634765625, -0.1826171875] 0 3 1
 [0.1748046875, 0.01068115234375, -0.045654296875, 0.07470703125, -0.0390625, 0.169921875, -0.1826171875, 0.09423828125, 0.005615234375, -0.01507568359375, 0.0634765625, -0.1826171875] 0 3 1
 [0.1748046875, 0.01068115234375, -0.045654296875, 0.07470703125, -0.0390625, 0.169921875, -0.1826171875, 0.09423828125, 0.005615234375, -0.01507568359375, 0.0634765625, -0.1826171875] 0 3 1
 [0.1748046875, 0.01068115234375, -0.045654296875, 0.07470703125, -0.0390625, 0.169921875, -0.1826171875, 0.09423828125, 0.005615234375, -0.01507568359375, 0.0634765625, -0.1826171875] 0 3 1
 [0.1748046875, 0.01068115234375, -0.045654296875, 0.07470703125, -0.0390625, 0.169921875, -0.1826171875, 0.09423828125, 0.005615234375, -0.01507568359375, 0.0634765625, -0.1826171875] 0 3 1
 [0.1748046875, 0.01068115234375, -0.045654296875, 0.07470703125, -0.0390625, 0.169921875, -0.1826171875, 0.09423828125, 0.005615234375, -0.01507568359375, 0.0634765625, -0.1826171875] 0 3 1
 [0.1748046875, 0.01068115234375, -0.045654296875, 0.07470703125, -0.0390625, 0.169921875, -0.1826171875, 0.09423828125, 0.005615234375, -0.01507568359375, 0.0634765625, -0.1826171875] 0 3 1
 [0.1748046875, 0.01068115234375, -0.045654296875, 0.07470703125, -0.0390625, 0.169921875, -0.1826171875, 0.09423828125, 0.005615234375, -0.01507568359375, 0.0634765625, -0.1826171875] 1 3 1
 [0.1748046875, 0.01068115234375, -0.045654296875, 0.07470703125, -0.0390625, 0.169921875, -0.1826171875, 0.09423828125, 0.005615234375, -0.01507568359375, 0.0634765625, -0.1826171875] 1 3 1
 [0.1748046875, 0.01068115234375, -0.045654296875, 0.07470703125, -0.0390625, 0.169921875, -0.1826171875, 0.09423828125, 0.005615234375, -0.01507568359375, 0.0634765625, -0.1826171875] 1 3 1
 [0.1748046875, 0.01068115234375, -0.045654296875, 0.07470703125, -0.0390625, 0.169921875, -0.1826171875, 0.09423828125, 0.005615234375, -0.01507568359375, 0.0634765625, -0.1826171875] 1 3 1
 [0.1748046875, 0.01068115234375, -0.045654296875, 0.07470703125, -0.0390625, 0.169921875, -0.1826171875, 0.09423828125, 0.005615234375, -0.01507568359375, 0.0634765625, -0.1826171875] 1 3 1
 [0.1748046875, 0.01068115234375, -0.045654296875, 0.07470703125, -0.0390625, 0.169921875, -0.1826171875, 0.09423828125, 0.005615234375, -0.01507568359375, 0.0634765625, -0.1826171875] 1 3 1
 [0.1748046875, 0.01068115234375, -0.045654296875, 0.07470703125, -0.0390625, 0.169921875, -0.1826171875, 0.09423828125, 0.005615234375, -0.01507568359375, 0.0634765625, -0.1826171875] 1 3 1
 [0.1748046875, 0.01068115234375, -0.045654296875, 0.07470703125, -0.0390625, 0.169921875, -0.1826171875, 0.09423828125, 0.005615234375, -0.01507568359375, 0.0634765625, -0.1826171875] 1 3 1
 [0.1748046875, 0.01068115234375, -0.045654296875, 0.07470703125, -0.0390625, 0.169921875, -0.1826171875, 0.09423828125, 0.005615234375, -0.01507568359375, 0.0634765625, -0.1826171875] 1 3 1
 [0.1748046875, 0.01068115234375, -0.045654296875, 0.07470703125, -0.0390625, 0.169921875, -0.1826171875, 0.09423828125, 0.005615234375, -0.01507568359375, 0.0634765625, -0.1826171875] 1 3 1
 [0.1748046875, 0.01068115234375, -0.045654296875, 0.07470703125, -0.0390625, 0.169921875, -0.1826171875, 0.09423828125, 0.005615234375, -0.01507568359375, 0.0634765625, -0.1826171875] 1 3 1
 [0.1748046875, 0.01068115234375, -0.045654296875, 0.07470703125, -0.0390625, 0.169921875, -0.1826171875, 0.09423828125, 0.005615234375, -0.01507568359375, 0.0634765625, -0.1826171875] 1 3 1
 [0.1748046875, 0.01068115234375, -0.045654296875, 0.07470703125, -0.0390625, 0.169921875, -0.1826171875, 0.09423828125, 0.005615234375, -0.01507568359375, 0.0634765625, -0.1826171875] 1 3 1
 [0.1748046875, 0.01068115234375, -0.045654296875, 0.07470703125, -0.0390625, 0.169921875, -0.1826171875, 0.09423828125, 0.005615234375, -0.01507568359375, 0.0634765625, -0.1826171875] 1 3 1
 [0.1748046875, 0.01068115234375, -0.045654296875, 0.07470703125, -0.0390625, 0.169921875, -0.1826171875, 0.09423828125, 0.005615234375, -0.01507568359375, 0.0634765625, -0.1826171875] 1 3 1
 [0.1748046875, 0.01068115234375, -0.045654296875, 0.07470703125, -0.0390625, 0.169921875, -0.1826171875, 0.09423828125, 0.005615234375, -0.01507568359375, 0.0634765625, -0.1826171875] 1 3 1
 [0.1748046875, 0.01068115234375, -0.045654296875, 0.07470703125, -0.0390625, 0.169921875, -0.1826171875, 0.09423828125, 0.005615234375, -0.01507568359375, 0.0634765625, -0.1826171875] 1 3 1
 [0.1748046875, 0.01068115234375, -0.045654296875, 0.07470703125, -0.0390625, 0.169921875, -0.1826171875, 0.09423828125, 0.005615234375, -0.01507568359375, 0.0634765625, -0.1826171875] 1 3 1
 [0.1748046875, 0.01068115234375, -0.045654296875, 0.07470703125, -0.0390625, 0.169921875, -0.1826171875, 0.09423828125, 0.005615234375, -0.01507568359375, 0.0634765625, -0.1826171875] 1 3 1
 [0.1748046875, 0.01068115234375, -0.045654296875, 0.07470703125, -0.0390625, 0.169921875, -0.1826171875, 0.09423828125, 0.005615234375, -0.01507568359375, 0.0634765625, -0.1826171875] 1 3 1
 [0.1748046875, 0.01068115234375, -0.045654296875, 0.07470703125, -0.0390625, 0.169921875, -0.1826171875, 0.09423828125, 0.005615234375, -0.01507568359375, 0.0634765625, -0.1826171875] 1 3 1
 [0.1748046875, 0.01068115234375, -0.045654296875, 0.07470703125, -0.0390625, 0.169921875, -0.1826171875, 0.09423828125, 0.005615234375, -0.01507568359375, 0.0634765625, -0.1826171875] 1 3 1
 [0.1748046875, 0.01068115234375, -0.045654296875, 0.07470703125, -0.0390625, 0.169921875, -0.1826171875, 0.09423828125, 0.005615234375, -0.01507568359375, 0.0634765625, -0.1826171875] 1 3 1
 [0.1748046875, 0.01068115234375, -0.045654296875, 0.07470703125, -0.0390625, 0.169921875, -0.1826171875, 0.09423828125, 0.005615234375, -0.01507568359375, 0.0634765625, -0.1826171875] 1 3 1
 [0.1748046875, 0.01068115234375, -0.045654296875, 0.07470703125, -0.0390625, 0.169921875, -0.1826171875, 0.09423828125, 0.005615234375, -0.01507568359375, 0.0634765625, -0.1826171875] 1 3 1
 [0.1748046875, 0.01068115234375, -0.045654296875, 0.07470703125, -0.0390625, 0.169921875, -0.1826171875, 0.09423828125, 0.005615234375, -0.01507568359375, 0.0634765625, -0.1826171875] 1 3 1
 [0.1748046875, 0.01068115234375, -0.045654296875, 0.07470703125, -0.0390625, 0.169921875, -0.1826171875, 0.09423828125, 0.005615234375, -0.01507568359375, 0.0634765625, -0.1826171875] 1 3 1
 [0.1748046875, 0.01068115234375, -0.045654296875, 0.07470703125, -0.0390625, 0.169921875, -0.1826171875, 0.09423828125, 0.005615234375, -0.01507568359375, 0.0634765625, -0.1826171875] 1 3 1
 [0.1748046875, 0.01068115234375, -0.045654296875, 0.07470703125, -0.0390625, 0.169921875, -0.1826171875, 0.09423828125, 0.005615234375, -0.01507568359375, 0.0634765625, -0.1826171875] 1 3 1
 [0.1748046875, 0.01068115234375, -0.045654296875, 0.07470703125, -0.0390625, 0.169921875, -0.1826171875, 0.09423828125, 0.005615234375, -0.01507568359375, 0.0634765625, -0.1826171875] 1 3 1
 [0.1748046875, 0.01068115234375, -0.045654296875, 0.07470703125, -0.0390625, 0.169921875, -0.1826171875, 0.09423828125, 0.005615234375, -0.01507568359375, 0.0634765625, -0.1826171875] 1 3 1
 [0.1748046875, 0.01068115234375, -0.045654296875, 0.07470703125, -0.0390625, 0.169921875, -0.1826171875, 0.09423828125, 0.005615234375, -0.01507568359375, 0.0634765625, -0.1826171875] 1 3 1
 [0.1748046875, 0.01068115234375, -0.045654296875, 0.07470703125, -0.0390625, 0.169921875, -0.1826171875, 0.09423828125, 0.005615234375, -0.01507568359375, 0.0634765625, -0.1826171875] 1 3 1
 [0.1748046875, 0.01068115234375, -0.045654296875, 0.07470703125, -0.0390625, 0.169921875, -0.1826171875, 0.09423828125, 0.005615234375, -0.01507568359375, 0.0634765625, -0.1826171875] 1 3 1
 [0.1748046875, 0.01068115234375, -0.045654296875, 0.07470703125, -0.0390625, 0.169921875, -0.1826171875, 0.09423828125, 0.005615234375, -0.01507568359375, 0.0634765625, -0.1826171875] 2 3 1
 [0.1748046875, 0.01068115234375, -0.045654296875, 0.07470703125, -0.0390625, 0.169921875, -0.1826171875, 0.09423828125, 0.005615234375, -0.01507568359375, 0.0634765625, -0.1826171875] 2 3 1
 [0.1748046875, 0.01068115234375, -0.045654296875, 0.07470703125, -0.0390625, 0.169921875, -0.1826171875, 0.09423828125, 0.005615234375, -0.01507568359375, 0.0634765625, -0.1826171875] 2 3 1
 [0.1748046875, 0.01068115234375, -0.045654296875, 0.07470703125, -0.0390625, 0.169921875, -0.1826171875, 0.09423828125, 0.005615234375, -0.01507568359375, 0.0634765625, -0.1826171875] 2 3 1
 [0.1748046875, 0.01068115234375, -0.045654296875, 0.07470703125, -0.0390625, 0.169921875, -0.1826171875, 0.09423828125, 0.005615234375, -0.01507568359375, 0.0634765625, -0.1826171875] 2 3 1
 [0.1748046875, 0.01068115234375, -0.045654296875, 0.07470703125, -0.0390625, 0.169921875, -0.1826171875, 0.09423828125, 0.005615234375, -0.01507568359375, 0.0634765625, -0.1826171875] 2 3 1
 [0.1748046875, 0.01068115234375, -0.045654296875, 0.07470703125, -0.0390625, 0.169921875, -0.1826171875, 0.09423828125, 0.005615234375, -0.01507568359375, 0.0634765625, -0.1826171875] 2 3 1
 [0.1748046875, 0.01068115234375, -0.045654296875, 0.07470703125, -0.0390625, 0.169921875, -0.1826171875, 0.09423828125, 0.005615234375, -0.01507568359375, 0.0634765625, -0.1826171875] 2 3 1
 [0.1748046875, 0.01068115234375, -0.045654296875, 0.07470703125, -0.0390625, 0.169921875, -0.1826171875, 0.09423828125, 0.005615234375, -0.01507568359375, 0.0634765625, -0.1826171875] 2 3 1
 [0.1748046875, 0.01068115234375, -0.045654296875, 0.07470703125, -0.0390625, 0.169921875, -0.1826171875, 0.09423828125, 0.005615234375, -0.01507568359375, 0.0634765625, -0.1826171875] 2 3 1
 [0.1748046875, 0.01068115234375, -0.045654296875, 0.07470703125, -0.0390625, 0.169921875, -0.1826171875, 0.09423828125, 0.005615234375, -0.01507568359375, 0.0634765625, -0.1826171875] 2 3 1
 [0.1748046875, 0.01068115234375, -0.045654296875, 0.07470703125, -0.0390625, 0.169921875, -0.1826171875, 0.09423828125, 0.005615234375, -0.01507568359375, 0.0634765625, -0.1826171875] 2 3 1
 [0.1748046875, 0.01068115234375, -0.045654296875, 0.07470703125, -0.0390625, 0.169921875, -0.1826171875, 0.09423828125, 0.005615234375, -0.01507568359375, 0.0634765625, -0.1826171875] 2 3 1
 [0.1748046875, 0.01068115234375, -0.045654296875, 0.07470703125, -0.0390625, 0.169921875, -0.1826171875, 0.09423828125, 0.005615234375, -0.01507568359375, 0.0634765625, -0.1826171875] 2 3 1
 [0.1748046875, 0.01068115234375, -0.045654296875, 0.07470703125, -0.0390625, 0.169921875, -0.1826171875, 0.09423828125, 0.005615234375, -0.01507568359375, 0.0634765625, -0.1826171875] 2 3 1
 [0.1748046875, 0.01068115234375, -0.045654296875, 0.07470703125, -0.0390625, 0.169921875, -0.1826171875, 0.09423828125, 0.005615234375, -0.01507568359375, 0.0634765625, -0.1826171875] 2 3 1
 [0.1748046875, 0.01068115234375, -0.045654296875, 0.07470703125, -0.0390625, 0.169921875, -0.1826171875, 0.09423828125, 0.005615234375, -0.01507568359375, 0.0634765625, -0.1826171875] 2 3 1
 [0.1748046875, 0.01068115234375, -0.045654296875, 0.07470703125, -0.0390625, 0.169921875, -0.1826171875, 0.09423828125, 0.005615234375, -0.01507568359375, 0.0634765625, -0.1826171875] 2 3 1
 [0.1748046875, 0.01068115234375, -0.045654296875, 0.07470703125, -0.0390625, 0.169921875, -0.1826171875, 0.09423828125, 0.005615234375, -0.01507568359375, 0.0634765625, -0.1826171875] 2 3 1
 [0.1748046875, 0.01068115234375, -0.045654296875, 0.07470703125, -0.0390625, 0.169921875, -0.1826171875, 0.09423828125, 0.005615234375, -0.01507568359375, 0.0634765625, -0.1826171875] 2 3 1
 [0.1748046875, 0.01068115234375, -0.045654296875, 0.07470703125, -0.0390625, 0.169921875, -0.1826171875, 0.09423828125, 0.005615234375, -0.01507568359375, 0.0634765625, -0.1826171875] 2 3 1
 [0.1748046875, 0.01068115234375, -0.045654296875, 0.07470703125, -0.0390625, 0.169921875, -0.1826171875, 0.09423828125, 0.005615234375, -0.01507568359375, 0.0634765625, -0.1826171875] 2 3 1
 [0.1748046875, 0.01068115234375, -0.045654296875, 0.07470703125, -0.0390625, 0.169921875, -0.1826171875, 0.09423828125, 0.005615234375, -0.01507568359375, 0.0634765625, -0.1826171875] 2 3 1
 [0.1748046875, 0.01068115234375, -0.045654296875, 0.07470703125, -0.0390625, 0.169921875, -0.1826171875, 0.09423828125, 0.005615234375, -0.01507568359375, 0.0634765625, -0.1826171875] 2 3 1
 [0.1748046875, 0.01068115234375, -0.045654296875, 0.07470703125, -0.0390625, 0.169921875, -0.1826171875, 0.09423828125, 0.005615234375, -0.01507568359375, 0.0634765625, -0.1826171875] 2 3 1
 [0.1748046875, 0.01068115234375, -0.045654296875, 0.07470703125, -0.0390625, 0.169921875, -0.1826171875, 0.09423828125, 0.005615234375, -0.01507568359375, 0.0634765625, -0.1826171875] 2 3 1
 [0.1748046875, 0.01068115234375, -0.045654296875, 0.07470703125, -0.0390625, 0.169921875, -0.1826171875, 0.09423828125, 0.005615234375, -0.01507568359375, 0.0634765625, -0.1826171875] 2 3 1
 [0.1748046875, 0.01068115234375, -0.045654296875, 0.07470703125, -0.0390625, 0.169921875, -0.1826171875, 0.09423828125, 0.005615234375, -0.01507568359375, 0.0634765625, -0.1826171875] 2 3 1
 [0.1748046875, 0.01068115234375, -0.045654296875, 0.07470703125, -0.0390625, 0.169921875, -0.1826171875, 0.09423828125, 0.005615234375, -0.01507568359375, 0.0634765625, -0.1826171875] 2 3 1
 [0.1748046875, 0.01068115234375, -0.045654296875, 0.07470703125, -0.0390625, 0.169921875, -0.1826171875, 0.09423828125, 0.005615234375, -0.01507568359375, 0.0634765625, -0.1826171875] 2 3 1
 [0.1748046875, 0.01068115234375, -0.045654296875, 0.07470703125, -0.0390625, 0.169921875, -0.1826171875, 0.09423828125, 0.005615234375, -0.01507568359375, 0.0634765625, -0.1826171875] 2 3 1
 [0.1748046875, 0.01068115234375, -0.045654296875, 0.07470703125, -0.0390625, 0.169921875, -0.1826171875, 0.09423828125, 0.005615234375, -0.01507568359375, 0.0634765625, -0.1826171875] 3 3 1
 [0.1748046875, 0.01068115234375, -0.045654296875, 0.07470703125, -0.0390625, 0.169921875, -0.1826171875, 0.09423828125, 0.005615234375, -0.01507568359375, 0.0634765625, -0.1826171875] 3 3 1
 [0.1748046875, 0.01068115234375, -0.045654296875, 0.07470703125, -0.0390625, 0.169921875, -0.1826171875, 0.09423828125, 0.005615234375, -0.01507568359375, 0.0634765625, -0.1826171875] 3 3 1
 [0.1748046875, 0.01068115234375, -0.045654296875, 0.07470703125, -0.0390625, 0.169921875, -0.1826171875, 0.09423828125, 0.005615234375, -0.01507568359375, 0.0634765625, -0.1826171875] 3 3 1
 [0.1748046875, 0.01068115234375, -0.045654296875, 0.07470703125, -0.0390625, 0.169921875, -0.1826171875, 0.09423828125, 0.005615234375, -0.01507568359375, 0.0634765625, -0.1826171875] 3 3 1
 [0.1748046875, 0.01068115234375, -0.045654296875, 0.07470703125, -0.0390625, 0.169921875, -0.1826171875, 0.09423828125, 0.005615234375, -0.01507568359375, 0.0634765625, -0.1826171875] 3 3 1
 [0.1748046875, 0.01068115234375, -0.045654296875, 0.07470703125, -0.0390625, 0.169921875, -0.1826171875, 0.09423828125, 0.005615234375, -0.01507568359375, 0.0634765625, -0.1826171875] 3 3 1
 [0.1748046875, 0.01068115234375, -0.045654296875, 0.07470703125, -0.0390625, 0.169921875, -0.1826171875, 0.09423828125, 0.005615234375, -0.01507568359375, 0.0634765625, -0.1826171875] 3 3 1
 [0.1748046875, 0.01068115234375, -0.045654296875, 0.07470703125, -0.0390625, 0.169921875, -0.1826171875, 0.09423828125, 0.005615234375, -0.01507568359375, 0.0634765625, -0.1826171875] 3 3 1
 [0.1748046875, 0.01068115234375, -0.045654296875, 0.07470703125, -0.0390625, 0.169921875, -0.1826171875, 0.09423828125, 0.005615234375, -0.01507568359375, 0.0634765625, -0.1826171875] 3 3 1
 [0.1748046875, 0.01068115234375, -0.045654296875, 0.07470703125, -0.0390625, 0.169921875, -0.1826171875, 0.09423828125, 0.005615234375, -0.01507568359375, 0.0634765625, -0.1826171875] 3 3 1
 [0.1748046875, 0.01068115234375, -0.045654296875, 0.07470703125, -0.0390625, 0.169921875, -0.1826171875, 0.09423828125, 0.005615234375, -0.01507568359375, 0.0634765625, -0.1826171875] 3 3 1
 [0.1748046875, 0.01068115234375, -0.045654296875, 0.07470703125, -0.0390625, 0.169921875, -0.1826171875, 0.09423828125, 0.005615234375, -0.01507568359375, 0.0634765625, -0.1826171875] 3 3 1
 [0.1748046875, 0.01068115234375, -0.045654296875, 0.07470703125, -0.0390625, 0.169921875, -0.1826171875, 0.09423828125, 0.005615234375, -0.01507568359375, 0.0634765625, -0.1826171875] 3 3 1
 [0.1748046875, 0.01068115234375, -0.045654296875, 0.07470703125, -0.0390625, 0.169921875, -0.1826171875, 0.09423828125, 0.005615234375, -0.01507568359375, 0.0634765625, -0.1826171875] 3 3 1
 [0.1748046875, 0.01068115234375, -0.045654296875, 0.07470703125, -0.0390625, 0.169921875, -0.1826171875, 0.09423828125, 0.005615234375, -0.01507568359375, 0.0634765625, -0.1826171875] 3 3 1
 [0.1748046875, 0.01068115234375, -0.045654296875, 0.07470703125, -0.0390625, 0.169921875, -0.1826171875, 0.09423828125, 0.005615234375, -0.01507568359375, 0.0634765625, -0.1826171875] 3 3 1
 [0.1748046875, 0.01068115234375, -0.045654296875, 0.07470703125, -0.0390625, 0.169921875, -0.1826171875, 0.09423828125, 0.005615234375, -0.01507568359375, 0.0634765625, -0.1826171875] 3 3 1
 [0.1748046875, 0.01068115234375, -0.045654296875, 0.07470703125, -0.0390625, 0.169921875, -0.1826171875, 0.09423828125, 0.005615234375, -0.01507568359375, 0.0634765625, -0.1826171875] 3 3 1
 [0.1748046875, 0.01068115234375, -0.045654296875, 0.07470703125, -0.0390625, 0.169921875, -0.1826171875, 0.09423828125, 0.005615234375, -0.01507568359375, 0.0634765625, -0.1826171875] 3 3 1
 [0.1748046875, 0.01068115234375, -0.045654296875, 0.07470703125, -0.0390625, 0.169921875, -0.1826171875, 0.09423828125, 0.005615234375, -0.01507568359375, 0.0634765625, -0.1826171875] 3 3 1
 [0.1748046875, 0.01068115234375, -0.045654296875, 0.07470703125, -0.0390625, 0.169921875, -0.1826171875, 0.09423828125, 0.005615234375, -0.01507568359375, 0.0634765625, -0.1826171875] 3 3 1
 [0.1748046875, 0.01068115234375, -0.045654296875, 0.07470703125, -0.0390625, 0.169921875, -0.1826171875, 0.09423828125, 0.005615234375, -0.01507568359375, 0.0634765625, -0.1826171875] 3 3 1
 [0.1748046875, 0.01068115234375, -0.045654296875, 0.07470703125, -0.0390625, 0.169921875, -0.1826171875, 0.09423828125, 0.005615234375, -0.01507568359375, 0.0634765625, -0.1826171875] 3 3 1
 [0.1748046875, 0.01068115234375, -0.045654296875, 0.07470703125, -0.0390625, 0.169921875, -0.1826171875, 0.09423828125, 0.005615234375, -0.01507568359375, 0.0634765625, -0.1826171875] 3 3 1
 [0.1748046875, 0.01068115234375, -0.045654296875, 0.07470703125, -0.0390625, 0.169921875, -0.1826171875, 0.09423828125, 0.005615234375, -0.01507568359375, 0.0634765625, -0.1826171875] 3 3 1
 [0.1748046875, 0.01068115234375, -0.045654296875, 0.07470703125, -0.0390625, 0.169921875, -0.1826171875, 0.09423828125, 0.005615234375, -0.01507568359375, 0.0634765625, -0.1826171875] 3 3 1
 [0.1748046875, 0.01068115234375, -0.045654296875, 0.07470703125, -0.0390625, 0.169921875, -0.1826171875, 0.09423828125, 0.005615234375, -0.01507568359375, 0.0634765625, -0.1826171875] 3 3 1
 [0.1748046875, 0.01068115234375, -0.045654296875, 0.07470703125, -0.0390625, 0.169921875, -0.1826171875, 0.09423828125, 0.005615234375, -0.01507568359375, 0.0634765625, -0.1826171875] 3 3 1
 [0.1748046875, 0.01068115234375, -0.045654296875, 0.07470703125, -0.0390625, 0.169921875, -0.1826171875, 0.09423828125, 0.005615234375, -0.01507568359375, 0.0634765625, -0.1826171875] 3 3 1
 [0.1748046875, 0.01068115234375, -0.045654296875, 0.07470703125, -0.0390625, 0.169921875, -0.1826171875, 0.09423828125, 0.005615234375, -0.01507568359375, 0.0634765625, -0.1826171875] 3 3 1
 [0.1748046875, 0.01068115234375, -0.045654296875, 0.07470703125, -0.0390625, 0.169921875, -0.1826171875, 0.09423828125, 0.005615234375, -0.01507568359375, 0.0634765625, -0.1826171875] 4 3 1
 [0.1748046875, 0.01068115234375, -0.045654296875, 0.07470703125, -0.0390625, 0.169921875, -0.1826171875, 0.09423828125, 0.005615234375, -0.01507568359375, 0.0634765625, -0.1826171875] 4 3 1
 [0.1748046875, 0.01068115234375, -0.045654296875, 0.07470703125, -0.0390625, 0.169921875, -0.1826171875, 0.09423828125, 0.005615234375, -0.01507568359375, 0.0634765625, -0.1826171875] 4 3 1
 [0.1748046875, 0.01068115234375, -0.045654296875, 0.07470703125, -0.0390625, 0.169921875, -0.1826171875, 0.09423828125, 0.005615234375, -0.01507568359375, 0.0634765625, -0.1826171875] 4 3 1
 [0.1748046875, 0.01068115234375, -0.045654296875, 0.07470703125, -0.0390625, 0.169921875, -0.1826171875, 0.09423828125, 0.005615234375, -0.01507568359375, 0.0634765625, -0.1826171875] 4 3 1
 [0.1748046875, 0.01068115234375, -0.045654296875, 0.07470703125, -0.0390625, 0.169921875, -0.1826171875, 0.09423828125, 0.005615234375, -0.01507568359375, 0.0634765625, -0.1826171875] 4 3 1
 [0.1748046875, 0.01068115234375, -0.045654296875, 0.07470703125, -0.0390625, 0.169921875, -0.1826171875, 0.09423828125, 0.005615234375, -0.01507568359375, 0.0634765625, -0.1826171875] 4 3 1
 [0.1748046875, 0.01068115234375, -0.045654296875, 0.07470703125, -0.0390625, 0.169921875, -0.1826171875, 0.09423828125, 0.005615234375, -0.01507568359375, 0.0634765625, -0.1826171875] 4 3 1
 [0.1748046875, 0.01068115234375, -0.045654296875, 0.07470703125, -0.0390625, 0.169921875, -0.1826171875, 0.09423828125, 0.005615234375, -0.01507568359375, 0.0634765625, -0.1826171875] 4 3 1
 [0.1748046875, 0.01068115234375, -0.045654296875, 0.07470703125, -0.0390625, 0.169921875, -0.1826171875, 0.09423828125, 0.005615234375, -0.01507568359375, 0.0634765625, -0.1826171875] 4 3 1
 [0.1748046875, 0.01068115234375, -0.045654296875, 0.07470703125, -0.0390625, 0.169921875, -0.1826171875, 0.09423828125, 0.005615234375, -0.01507568359375, 0.0634765625, -0.1826171875] 4 3 1
 [0.1748046875, 0.01068115234375, -0.045654296875, 0.07470703125, -0.0390625, 0.169921875, -0.1826171875, 0.09423828125, 0.005615234375, -0.01507568359375, 0.0634765625, -0.1826171875] 4 3 1
 [0.1748046875, 0.01068115234375, -0.045654296875, 0.07470703125, -0.0390625, 0.169921875, -0.1826171875, 0.09423828125, 0.005615234375, -0.01507568359375, 0.0634765625, -0.1826171875] 4 3 1
 [0.1748046875, 0.01068115234375, -0.045654296875, 0.07470703125, -0.0390625, 0.169921875, -0.1826171875, 0.09423828125, 0.005615234375, -0.01507568359375, 0.0634765625, -0.1826171875] 4 3 1
 [0.1748046875, 0.01068115234375, -0.045654296875, 0.07470703125, -0.0390625, 0.169921875, -0.1826171875, 0.09423828125, 0.005615234375, -0.01507568359375, 0.0634765625, -0.1826171875] 4 3 1
 [0.1748046875, 0.01068115234375, -0.045654296875, 0.07470703125, -0.0390625, 0.169921875, -0.1826171875, 0.09423828125, 0.005615234375, -0.01507568359375, 0.0634765625, -0.1826171875] 4 3 1
 [0.1748046875, 0.01068115234375, -0.045654296875, 0.07470703125, -0.0390625, 0.169921875, -0.1826171875, 0.09423828125, 0.005615234375, -0.01507568359375, 0.0634765625, -0.1826171875] 4 3 1
 [0.1748046875, 0.01068115234375, -0.045654296875, 0.07470703125, -0.0390625, 0.169921875, -0.1826171875, 0.09423828125, 0.005615234375, -0.01507568359375, 0.0634765625, -0.1826171875] 4 3 1
 [0.1748046875, 0.01068115234375, -0.045654296875, 0.07470703125, -0.0390625, 0.169921875, -0.1826171875, 0.09423828125, 0.005615234375, -0.01507568359375, 0.0634765625, -0.1826171875] 4 3 1
 [0.1748046875, 0.01068115234375, -0.045654296875, 0.07470703125, -0.0390625, 0.169921875, -0.1826171875, 0.09423828125, 0.005615234375, -0.01507568359375, 0.0634765625, -0.1826171875] 4 3 1
 [0.1748046875, 0.01068115234375, -0.045654296875, 0.07470703125, -0.0390625, 0.169921875, -0.1826171875, 0.09423828125, 0.005615234375, -0.01507568359375, 0.0634765625, -0.1826171875] 4 3 1
 [0.1748046875, 0.01068115234375, -0.045654296875, 0.07470703125, -0.0390625, 0.169921875, -0.1826171875, 0.09423828125, 0.005615234375, -0.01507568359375, 0.0634765625, -0.1826171875] 4 3 1
 [0.1748046875, 0.01068115234375, -0.045654296875, 0.07470703125, -0.0390625, 0.169921875, -0.1826171875, 0.09423828125, 0.005615234375, -0.01507568359375, 0.0634765625, -0.1826171875] 4 3 1
 [0.1748046875, 0.01068115234375, -0.045654296875, 0.07470703125, -0.0390625, 0.169921875, -0.1826171875, 0.09423828125, 0.005615234375, -0.01507568359375, 0.0634765625, -0.1826171875] 4 3 1
 [0.1748046875, 0.01068115234375, -0.045654296875, 0.07470703125, -0.0390625, 0.169921875, -0.1826171875, 0.09423828125, 0.005615234375, -0.01507568359375, 0.0634765625, -0.1826171875] 4 3 1
 [0.1748046875, 0.01068115234375, -0.045654296875, 0.07470703125, -0.0390625, 0.169921875, -0.1826171875, 0.09423828125, 0.005615234375, -0.01507568359375, 0.0634765625, -0.1826171875] 4 3 1
 [0.1748046875, 0.01068115234375, -0.045654296875, 0.07470703125, -0.0390625, 0.169921875, -0.1826171875, 0.09423828125, 0.005615234375, -0.01507568359375, 0.0634765625, -0.1826171875] 4 3 1
 [0.1748046875, 0.01068115234375, -0.045654296875, 0.07470703125, -0.0390625, 0.169921875, -0.1826171875, 0.09423828125, 0.005615234375, -0.01507568359375, 0.0634765625, -0.1826171875] 4 3 1
 [0.1748046875, 0.01068115234375, -0.045654296875, 0.07470703125, -0.0390625, 0.169921875, -0.1826171875, 0.09423828125, 0.005615234375, -0.01507568359375, 0.0634765625, -0.1826171875] 4 3 1
 [0.1748046875, 0.01068115234375, -0.045654296875, 0.07470703125, -0.0390625, 0.169921875, -0.1826171875, 0.09423828125, 0.005615234375, -0.01507568359375, 0.0634765625, -0.1826171875] 4 3 1
 [0.1748046875, 0.01068115234375, -0.045654296875, 0.07470703125, -0.0390625, 0.169921875, -0.1826171875, 0.09423828125, 0.005615234375, -0.01507568359375, 0.0634765625, -0.1826171875] 4 3 1
 [0.1748046875, 0.01068115234375, -0.045654296875, 0.07470703125, -0.0390625, 0.169921875, -0.1826171875, 0.09423828125, 0.005615234375, -0.01507568359375, 0.0634765625, -0.1826171875] 4 3 1
 [0.1748046875, 0.01068115234375, -0.045654296875, 0.07470703125, -0.0390625, 0.169921875, -0.1826171875, 0.09423828125, 0.005615234375, -0.01507568359375, 0.0634765625, -0.1826171875] 4 3 1
 [0.1748046875, 0.01068115234375, -0.045654296875, 0.07470703125, -0.0390625, 0.169921875, -0.1826171875, 0.09423828125, 0.005615234375, -0.01507568359375, 0.0634765625, -0.1826171875] 4 3 1
 [0.1748046875, 0.01068115234375, -0.045654296875, 0.07470703125, -0.0390625, 0.169921875, -0.1826171875, 0.09423828125, 0.005615234375, -0.01507568359375, 0.0634765625, -0.1826171875] 5 3 1
 [0.1748046875, 0.01068115234375, -0.045654296875, 0.07470703125, -0.0390625, 0.169921875, -0.1826171875, 0.09423828125, 0.005615234375, -0.01507568359375, 0.0634765625, -0.1826171875] 5 3 1
 [0.1748046875, 0.01068115234375, -0.045654296875, 0.07470703125, -0.0390625, 0.169921875, -0.1826171875, 0.09423828125, 0.005615234375, -0.01507568359375, 0.0634765625, -0.1826171875] 5 3 1
 [0.1748046875, 0.01068115234375, -0.045654296875, 0.07470703125, -0.0390625, 0.169921875, -0.1826171875, 0.09423828125, 0.005615234375, -0.01507568359375, 0.0634765625, -0.1826171875] 5 3 1
 [0.1748046875, 0.01068115234375, -0.045654296875, 0.07470703125, -0.0390625, 0.169921875, -0.1826171875, 0.09423828125, 0.005615234375, -0.01507568359375, 0.0634765625, -0.1826171875] 5 3 1
 [0.1748046875, 0.01068115234375, -0.045654296875, 0.07470703125, -0.0390625, 0.169921875, -0.1826171875, 0.09423828125, 0.005615234375, -0.01507568359375, 0.0634765625, -0.1826171875] 5 3 1
 [0.1748046875, 0.01068115234375, -0.045654296875, 0.07470703125, -0.0390625, 0.169921875, -0.1826171875, 0.09423828125, 0.005615234375, -0.01507568359375, 0.0634765625, -0.1826171875] 5 3 1
 [0.1748046875, 0.01068115234375, -0.045654296875, 0.07470703125, -0.0390625, 0.169921875, -0.1826171875, 0.09423828125, 0.005615234375, -0.01507568359375, 0.0634765625, -0.1826171875] 5 3 1
 [0.1748046875, 0.01068115234375, -0.045654296875, 0.07470703125, -0.0390625, 0.169921875, -0.1826171875, 0.09423828125, 0.005615234375, -0.01507568359375, 0.0634765625, -0.1826171875] 5 3 1
 [0.1748046875, 0.01068115234375, -0.045654296875, 0.07470703125, -0.0390625, 0.169921875, -0.1826171875, 0.09423828125, 0.005615234375, -0.01507568359375, 0.0634765625, -0.1826171875] 5 3 1
 [0.1748046875, 0.01068115234375, -0.045654296875, 0.07470703125, -0.0390625, 0.169921875, -0.1826171875, 0.09423828125, 0.005615234375, -0.01507568359375, 0.0634765625, -0.1826171875] 5 3 1
 [0.1748046875, 0.01068115234375, -0.045654296875, 0.07470703125, -0.0390625, 0.169921875, -0.1826171875, 0.09423828125, 0.005615234375, -0.01507568359375, 0.0634765625, -0.1826171875] 5 3 1
 [0.1748046875, 0.01068115234375, -0.045654296875, 0.07470703125, -0.0390625, 0.169921875, -0.1826171875, 0.09423828125, 0.005615234375, -0.01507568359375, 0.0634765625, -0.1826171875] 5 3 1
 [0.1748046875, 0.01068115234375, -0.045654296875, 0.07470703125, -0.0390625, 0.169921875, -0.1826171875, 0.09423828125, 0.005615234375, -0.01507568359375, 0.0634765625, -0.1826171875] 5 3 1
 [0.1748046875, 0.01068115234375, -0.045654296875, 0.07470703125, -0.0390625, 0.169921875, -0.1826171875, 0.09423828125, 0.005615234375, -0.01507568359375, 0.0634765625, -0.1826171875] 5 3 1
 [0.1748046875, 0.01068115234375, -0.045654296875, 0.07470703125, -0.0390625, 0.169921875, -0.1826171875, 0.09423828125, 0.005615234375, -0.01507568359375, 0.0634765625, -0.1826171875] 5 3 1
 [0.1748046875, 0.01068115234375, -0.045654296875, 0.07470703125, -0.0390625, 0.169921875, -0.1826171875, 0.09423828125, 0.005615234375, -0.01507568359375, 0.0634765625, -0.1826171875] 5 3 1
 [0.1748046875, 0.01068115234375, -0.045654296875, 0.07470703125, -0.0390625, 0.169921875, -0.1826171875, 0.09423828125, 0.005615234375, -0.01507568359375, 0.0634765625, -0.1826171875] 5 3 1
 [0.1748046875, 0.01068115234375, -0.045654296875, 0.07470703125, -0.0390625, 0.169921875, -0.1826171875, 0.09423828125, 0.005615234375, -0.01507568359375, 0.0634765625, -0.1826171875] 5 3 1
 [0.1748046875, 0.01068115234375, -0.045654296875, 0.07470703125, -0.0390625, 0.169921875, -0.1826171875, 0.09423828125, 0.005615234375, -0.01507568359375, 0.0634765625, -0.1826171875] 5 3 1
 [0.1748046875, 0.01068115234375, -0.045654296875, 0.07470703125, -0.0390625, 0.169921875, -0.1826171875, 0.09423828125, 0.005615234375, -0.01507568359375, 0.0634765625, -0.1826171875] 5 3 1
 [0.1748046875, 0.01068115234375, -0.045654296875, 0.07470703125, -0.0390625, 0.169921875, -0.1826171875, 0.09423828125, 0.005615234375, -0.01507568359375, 0.0634765625, -0.1826171875] 5 3 1
 [0.1748046875, 0.01068115234375, -0.045654296875, 0.07470703125, -0.0390625, 0.169921875, -0.1826171875, 0.09423828125, 0.005615234375, -0.01507568359375, 0.0634765625, -0.1826171875] 5 3 1
 [0.1748046875, 0.01068115234375, -0.045654296875, 0.07470703125, -0.0390625, 0.169921875, -0.1826171875, 0.09423828125, 0.005615234375, -0.01507568359375, 0.0634765625, -0.1826171875] 5 3 1
 [0.1748046875, 0.01068115234375, -0.045654296875, 0.07470703125, -0.0390625, 0.169921875, -0.1826171875, 0.09423828125, 0.005615234375, -0.01507568359375, 0.0634765625, -0.1826171875] 5 3 1
 [0.1748046875, 0.01068115234375, -0.045654296875, 0.07470703125, -0.0390625, 0.169921875, -0.1826171875, 0.09423828125, 0.005615234375, -0.01507568359375, 0.0634765625, -0.1826171875] 5 3 1
 [0.1748046875, 0.01068115234375, -0.045654296875, 0.07470703125, -0.0390625, 0.169921875, -0.1826171875, 0.09423828125, 0.005615234375, -0.01507568359375, 0.0634765625, -0.1826171875] 5 3 1
 [0.1748046875, 0.01068115234375, -0.045654296875, 0.07470703125, -0.0390625, 0.169921875, -0.1826171875, 0.09423828125, 0.005615234375, -0.01507568359375, 0.0634765625, -0.1826171875] 5 3 1
 [0.1748046875, 0.01068115234375, -0.045654296875, 0.07470703125, -0.0390625, 0.169921875, -0.1826171875, 0.09423828125, 0.005615234375, -0.01507568359375, 0.0634765625, -0.1826171875] 5 3 1
 [0.1748046875, 0.01068115234375, -0.045654296875, 0.07470703125, -0.0390625, 0.169921875, -0.1826171875, 0.09423828125, 0.005615234375, -0.01507568359375, 0.0634765625, -0.1826171875] 5 3 1
 [0.1748046875, 0.01068115234375, -0.045654296875, 0.07470703125, -0.0390625, 0.169921875, -0.1826171875, 0.09423828125, 0.005615234375, -0.01507568359375, 0.0634765625, -0.1826171875] 5 3 1
 [0.1748046875, 0.01068115234375, -0.045654296875, 0.07470703125, -0.0390625, 0.169921875, -0.1826171875, 0.09423828125, 0.005615234375, -0.01507568359375, 0.0634765625, -0.1826171875] 5 3 1
 [0.1748046875, 0.01068115234375, -0.045654296875, 0.07470703125, -0.0390625, 0.169921875, -0.1826171875, 0.09423828125, 0.005615234375, -0.01507568359375, 0.0634765625, -0.1826171875] 5 3 1
 [0.1748046875, 0.01068115234375, -0.045654296875, 0.07470703125, -0.0390625, 0.169921875, -0.1826171875, 0.09423828125, 0.005615234375, -0.01507568359375, 0.0634765625, -0.1826171875] 7 3 1
 [0.1748046875, 0.01068115234375, -0.045654296875, 0.07470703125, -0.0390625, 0.169921875, -0.1826171875, 0.09423828125, 0.005615234375, -0.01507568359375, 0.0634765625, -0.1826171875] 7 3 1
 [0.1748046875, 0.01068115234375, -0.045654296875, 0.07470703125, -0.0390625, 0.169921875, -0.1826171875, 0.09423828125, 0.005615234375, -0.01507568359375, 0.0634765625, -0.1826171875] 7 3 1
 [0.1748046875, 0.01068115234375, -0.045654296875, 0.07470703125, -0.0390625, 0.169921875, -0.1826171875, 0.09423828125, 0.005615234375, -0.01507568359375, 0.0634765625, -0.1826171875] 7 3 1
 [0.1748046875, 0.01068115234375, -0.045654296875, 0.07470703125, -0.0390625, 0.169921875, -0.1826171875, 0.09423828125, 0.005615234375, -0.01507568359375, 0.0634765625, -0.1826171875] 7 3 1
 [0.1748046875, 0.01068115234375, -0.045654296875, 0.07470703125, -0.0390625, 0.169921875, -0.1826171875, 0.09423828125, 0.005615234375, -0.01507568359375, 0.0634765625, -0.1826171875] 7 3 1
 [0.1748046875, 0.01068115234375, -0.045654296875, 0.07470703125, -0.0390625, 0.169921875, -0.1826171875, 0.09423828125, 0.005615234375, -0.01507568359375, 0.0634765625, -0.1826171875] 7 3 1
 [0.1748046875, 0.01068115234375, -0.045654296875, 0.07470703125, -0.0390625, 0.169921875, -0.1826171875, 0.09423828125, 0.005615234375, -0.01507568359375, 0.0634765625, -0.1826171875] 7 3 1
 [0.1748046875, 0.01068115234375, -0.045654296875, 0.07470703125, -0.0390625, 0.169921875, -0.1826171875, 0.09423828125, 0.005615234375, -0.01507568359375, 0.0634765625, -0.1826171875] 7 3 1
 [0.1748046875, 0.01068115234375, -0.045654296875, 0.07470703125, -0.0390625, 0.169921875, -0.1826171875, 0.09423828125, 0.005615234375, -0.01507568359375, 0.0634765625, -0.1826171875] 7 3 1
 [0.1748046875, 0.01068115234375, -0.045654296875, 0.07470703125, -0.0390625, 0.169921875, -0.1826171875, 0.09423828125, 0.005615234375, -0.01507568359375, 0.0634765625, -0.1826171875] 7 3 1
 [0.1748046875, 0.01068115234375, -0.045654296875, 0.07470703125, -0.0390625, 0.169921875, -0.1826171875, 0.09423828125, 0.005615234375, -0.01507568359375, 0.0634765625, -0.1826171875] 7 3 1
 [0.1748046875, 0.01068115234375, -0.045654296875, 0.07470703125, -0.0390625, 0.169921875, -0.1826171875, 0.09423828125, 0.005615234375, -0.01507568359375, 0.0634765625, -0.1826171875] 7 3 1
 [0.1748046875, 0.01068115234375, -0.045654296875, 0.07470703125, -0.0390625, 0.169921875, -0.1826171875, 0.09423828125, 0.005615234375, -0.01507568359375, 0.0634765625, -0.1826171875] 7 3 1
 [0.1748046875, 0.01068115234375, -0.045654296875, 0.07470703125, -0.0390625, 0.169921875, -0.1826171875, 0.09423828125, 0.005615234375, -0.01507568359375, 0.0634765625, -0.1826171875] 7 3 1
 [0.1748046875, 0.01068115234375, -0.045654296875, 0.07470703125, -0.0390625, 0.169921875, -0.1826171875, 0.09423828125, 0.005615234375, -0.01507568359375, 0.0634765625, -0.1826171875] 7 3 1
 [0.1748046875, 0.01068115234375, -0.045654296875, 0.07470703125, -0.0390625, 0.169921875, -0.1826171875, 0.09423828125, 0.005615234375, -0.01507568359375, 0.0634765625, -0.1826171875] 7 3 1
 [0.1748046875, 0.01068115234375, -0.045654296875, 0.07470703125, -0.0390625, 0.169921875, -0.1826171875, 0.09423828125, 0.005615234375, -0.01507568359375, 0.0634765625, -0.1826171875] 7 3 1
 [0.1748046875, 0.01068115234375, -0.045654296875, 0.07470703125, -0.0390625, 0.169921875, -0.1826171875, 0.09423828125, 0.005615234375, -0.01507568359375, 0.0634765625, -0.1826171875] 7 3 1
 [0.1748046875, 0.01068115234375, -0.045654296875, 0.07470703125, -0.0390625, 0.169921875, -0.1826171875, 0.09423828125, 0.005615234375, -0.01507568359375, 0.0634765625, -0.1826171875] 7 3 1
 [0.1748046875, 0.01068115234375, -0.045654296875, 0.07470703125, -0.0390625, 0.169921875, -0.1826171875, 0.09423828125, 0.005615234375, -0.01507568359375, 0.0634765625, -0.1826171875] 7 3 1
 [0.1748046875, 0.01068115234375, -0.045654296875, 0.07470703125, -0.0390625, 0.169921875, -0.1826171875, 0.09423828125, 0.005615234375, -0.01507568359375, 0.0634765625, -0.1826171875] 7 3 1
 [0.1748046875, 0.01068115234375, -0.045654296875, 0.07470703125, -0.0390625, 0.169921875, -0.1826171875, 0.09423828125, 0.005615234375, -0.01507568359375, 0.0634765625, -0.1826171875] 7 3 1
 [0.1748046875, 0.01068115234375, -0.045654296875, 0.07470703125, -0.0390625, 0.169921875, -0.1826171875, 0.09423828125, 0.005615234375, -0.01507568359375, 0.0634765625, -0.1826171875] 7 3 1
 [0.1748046875, 0.01068115234375, -0.045654296875, 0.07470703125, -0.0390625, 0.169921875, -0.1826171875, 0.09423828125, 0.005615234375, -0.01507568359375, 0.0634765625, -0.1826171875] 7 3 1
 [0.1748046875, 0.01068115234375, -0.045654296875, 0.07470703125, -0.0390625, 0.169921875, -0.1826171875, 0.09423828125, 0.005615234375, -0.01507568359375, 0.0634765625, -0.1826171875] 7 3 1
 [0.1748046875, 0.01068115234375, -0.045654296875, 0.07470703125, -0.0390625, 0.169921875, -0.1826171875, 0.09423828125, 0.005615234375, -0.01507568359375, 0.0634765625, -0.1826171875] 7 3 1
 [0.1748046875, 0.01068115234375, -0.045654296875, 0.07470703125, -0.0390625, 0.169921875, -0.1826171875, 0.09423828125, 0.005615234375, -0.01507568359375, 0.0634765625, -0.1826171875] 7 3 1
 [0.1748046875, 0.01068115234375, -0.045654296875, 0.07470703125, -0.0390625, 0.169921875, -0.1826171875, 0.09423828125, 0.005615234375, -0.01507568359375, 0.0634765625, -0.1826171875] 7 3 1
 [0.1748046875, 0.01068115234375, -0.045654296875, 0.07470703125, -0.0390625, 0.169921875, -0.1826171875, 0.09423828125, 0.005615234375, -0.01507568359375, 0.0634765625, -0.1826171875] 7 3 1
 [0.1748046875, 0.01068115234375, -0.045654296875, 0.07470703125, -0.0390625, 0.169921875, -0.1826171875, 0.09423828125, 0.005615234375, -0.01507568359375, 0.0634765625, -0.1826171875] 8 3 1
 [0.1748046875, 0.01068115234375, -0.045654296875, 0.07470703125, -0.0390625, 0.169921875, -0.1826171875, 0.09423828125, 0.005615234375, -0.01507568359375, 0.0634765625, -0.1826171875] 8 3 1
 [0.1748046875, 0.01068115234375, -0.045654296875, 0.07470703125, -0.0390625, 0.169921875, -0.1826171875, 0.09423828125, 0.005615234375, -0.01507568359375, 0.0634765625, -0.1826171875] 8 3 1
 [0.1748046875, 0.01068115234375, -0.045654296875, 0.07470703125, -0.0390625, 0.169921875, -0.1826171875, 0.09423828125, 0.005615234375, -0.01507568359375, 0.0634765625, -0.1826171875] 8 3 1
 [0.1748046875, 0.01068115234375, -0.045654296875, 0.07470703125, -0.0390625, 0.169921875, -0.1826171875, 0.09423828125, 0.005615234375, -0.01507568359375, 0.0634765625, -0.1826171875] 8 3 1
 [0.1748046875, 0.01068115234375, -0.045654296875, 0.07470703125, -0.0390625, 0.169921875, -0.1826171875, 0.09423828125, 0.005615234375, -0.01507568359375, 0.0634765625, -0.1826171875] 8 3 1
 [0.1748046875, 0.01068115234375, -0.045654296875, 0.07470703125, -0.0390625, 0.169921875, -0.1826171875, 0.09423828125, 0.005615234375, -0.01507568359375, 0.0634765625, -0.1826171875] 8 3 1
 [0.1748046875, 0.01068115234375, -0.045654296875, 0.07470703125, -0.0390625, 0.169921875, -0.1826171875, 0.09423828125, 0.005615234375, -0.01507568359375, 0.0634765625, -0.1826171875] 8 3 1
 [0.1748046875, 0.01068115234375, -0.045654296875, 0.07470703125, -0.0390625, 0.169921875, -0.1826171875, 0.09423828125, 0.005615234375, -0.01507568359375, 0.0634765625, -0.1826171875] 8 3 1
 [0.1748046875, 0.01068115234375, -0.045654296875, 0.07470703125, -0.0390625, 0.169921875, -0.1826171875, 0.09423828125, 0.005615234375, -0.01507568359375, 0.0634765625, -0.1826171875] 8 3 1
 [0.1748046875, 0.01068115234375, -0.045654296875, 0.07470703125, -0.0390625, 0.169921875, -0.1826171875, 0.09423828125, 0.005615234375, -0.01507568359375, 0.0634765625, -0.1826171875] 8 3 1
 [0.1748046875, 0.01068115234375, -0.045654296875, 0.07470703125, -0.0390625, 0.169921875, -0.1826171875, 0.09423828125, 0.005615234375, -0.01507568359375, 0.0634765625, -0.1826171875] 8 3 1
 [0.1748046875, 0.01068115234375, -0.045654296875, 0.07470703125, -0.0390625, 0.169921875, -0.1826171875, 0.09423828125, 0.005615234375, -0.01507568359375, 0.0634765625, -0.1826171875] 8 3 1
 [0.1748046875, 0.01068115234375, -0.045654296875, 0.07470703125, -0.0390625, 0.169921875, -0.1826171875, 0.09423828125, 0.005615234375, -0.01507568359375, 0.0634765625, -0.1826171875] 8 3 1
 [0.1748046875, 0.01068115234375, -0.045654296875, 0.07470703125, -0.0390625, 0.169921875, -0.1826171875, 0.09423828125, 0.005615234375, -0.01507568359375, 0.0634765625, -0.1826171875] 8 3 1
 [0.1748046875, 0.01068115234375, -0.045654296875, 0.07470703125, -0.0390625, 0.169921875, -0.1826171875, 0.09423828125, 0.005615234375, -0.01507568359375, 0.0634765625, -0.1826171875] 8 3 1
 [0.1748046875, 0.01068115234375, -0.045654296875, 0.07470703125, -0.0390625, 0.169921875, -0.1826171875, 0.09423828125, 0.005615234375, -0.01507568359375, 0.0634765625, -0.1826171875] 8 3 1
 [0.1748046875, 0.01068115234375, -0.045654296875, 0.07470703125, -0.0390625, 0.169921875, -0.1826171875, 0.09423828125, 0.005615234375, -0.01507568359375, 0.0634765625, -0.1826171875] 8 3 1
 [0.1748046875, 0.01068115234375, -0.045654296875, 0.07470703125, -0.0390625, 0.169921875, -0.1826171875, 0.09423828125, 0.005615234375, -0.01507568359375, 0.0634765625, -0.1826171875] 8 3 1
 [0.1748046875, 0.01068115234375, -0.045654296875, 0.07470703125, -0.0390625, 0.169921875, -0.1826171875, 0.09423828125, 0.005615234375, -0.01507568359375, 0.0634765625, -0.1826171875] 8 3 1
 [0.1748046875, 0.01068115234375, -0.045654296875, 0.07470703125, -0.0390625, 0.169921875, -0.1826171875, 0.09423828125, 0.005615234375, -0.01507568359375, 0.0634765625, -0.1826171875] 8 3 1
 [0.1748046875, 0.01068115234375, -0.045654296875, 0.07470703125, -0.0390625, 0.169921875, -0.1826171875, 0.09423828125, 0.005615234375, -0.01507568359375, 0.0634765625, -0.1826171875] 8 3 1
 [0.1748046875, 0.01068115234375, -0.045654296875, 0.07470703125, -0.0390625, 0.169921875, -0.1826171875, 0.09423828125, 0.005615234375, -0.01507568359375, 0.0634765625, -0.1826171875] 8 3 1
 [0.1748046875, 0.01068115234375, -0.045654296875, 0.07470703125, -0.0390625, 0.169921875, -0.1826171875, 0.09423828125, 0.005615234375, -0.01507568359375, 0.0634765625, -0.1826171875] 8 3 1
 [0.1748046875, 0.01068115234375, -0.045654296875, 0.07470703125, -0.0390625, 0.169921875, -0.1826171875, 0.09423828125, 0.005615234375, -0.01507568359375, 0.0634765625, -0.1826171875] 8 3 1
 [0.1748046875, 0.01068115234375, -0.045654296875, 0.07470703125, -0.0390625, 0.169921875, -0.1826171875, 0.09423828125, 0.005615234375, -0.01507568359375, 0.0634765625, -0.1826171875] 8 3 1
 [0.1748046875, 0.01068115234375, -0.045654296875, 0.07470703125, -0.0390625, 0.169921875, -0.1826171875, 0.09423828125, 0.005615234375, -0.01507568359375, 0.0634765625, -0.1826171875] 8 3 1
 [0.1748046875, 0.01068115234375, -0.045654296875, 0.07470703125, -0.0390625, 0.169921875, -0.1826171875, 0.09423828125, 0.005615234375, -0.01507568359375, 0.0634765625, -0.1826171875] 8 3 1
 [0.1748046875, 0.01068115234375, -0.045654296875, 0.07470703125, -0.0390625, 0.169921875, -0.1826171875, 0.09423828125, 0.005615234375, -0.01507568359375, 0.0634765625, -0.1826171875] 8 3 1
 [0.1748046875, 0.01068115234375, -0.045654296875, 0.07470703125, -0.0390625, 0.169921875, -0.1826171875, 0.09423828125, 0.005615234375, -0.01507568359375, 0.0634765625, -0.1826171875] 10 3 1
 [0.1748046875, 0.01068115234375, -0.045654296875, 0.07470703125, -0.0390625, 0.169921875, -0.1826171875, 0.09423828125, 0.005615234375, -0.01507568359375, 0.0634765625, -0.1826171875] 10 3 1
 [0.1748046875, 0.01068115234375, -0.045654296875, 0.07470703125, -0.0390625, 0.169921875, -0.1826171875, 0.09423828125, 0.005615234375, -0.01507568359375, 0.0634765625, -0.1826171875] 10 3 1
 [0.1748046875, 0.01068115234375, -0.045654296875, 0.07470703125, -0.0390625, 0.169921875, -0.1826171875, 0.09423828125, 0.005615234375, -0.01507568359375, 0.0634765625, -0.1826171875] 10 3 1
 [0.1748046875, 0.01068115234375, -0.045654296875, 0.07470703125, -0.0390625, 0.169921875, -0.1826171875, 0.09423828125, 0.005615234375, -0.01507568359375, 0.0634765625, -0.1826171875] 10 3 1
 [0.1748046875, 0.01068115234375, -0.045654296875, 0.07470703125, -0.0390625, 0.169921875, -0.1826171875, 0.09423828125, 0.005615234375, -0.01507568359375, 0.0634765625, -0.1826171875] 10 3 1
 [0.1748046875, 0.01068115234375, -0.045654296875, 0.07470703125, -0.0390625, 0.169921875, -0.1826171875, 0.09423828125, 0.005615234375, -0.01507568359375, 0.0634765625, -0.1826171875] 10 3 1
 [0.1748046875, 0.01068115234375, -0.045654296875, 0.07470703125, -0.0390625, 0.169921875, -0.1826171875, 0.09423828125, 0.005615234375, -0.01507568359375, 0.0634765625, -0.1826171875] 10 3 1
 [0.1748046875, 0.01068115234375, -0.045654296875, 0.07470703125, -0.0390625, 0.169921875, -0.1826171875, 0.09423828125, 0.005615234375, -0.01507568359375, 0.0634765625, -0.1826171875] 10 3 1
 [0.1748046875, 0.01068115234375, -0.045654296875, 0.07470703125, -0.0390625, 0.169921875, -0.1826171875, 0.09423828125, 0.005615234375, -0.01507568359375, 0.0634765625, -0.1826171875] 10 3 1
 [0.1748046875, 0.01068115234375, -0.045654296875, 0.07470703125, -0.0390625, 0.169921875, -0.1826171875, 0.09423828125, 0.005615234375, -0.01507568359375, 0.0634765625, -0.1826171875] 10 3 1
 [0.1748046875, 0.01068115234375, -0.045654296875, 0.07470703125, -0.0390625, 0.169921875, -0.1826171875, 0.09423828125, 0.005615234375, -0.01507568359375, 0.0634765625, -0.1826171875] 10 3 1
 [0.1748046875, 0.01068115234375, -0.045654296875, 0.07470703125, -0.0390625, 0.169921875, -0.1826171875, 0.09423828125, 0.005615234375, -0.01507568359375, 0.0634765625, -0.1826171875] 10 3 1
 [0.1748046875, 0.01068115234375, -0.045654296875, 0.07470703125, -0.0390625, 0.169921875, -0.1826171875, 0.09423828125, 0.005615234375, -0.01507568359375, 0.0634765625, -0.1826171875] 10 3 1
 [0.1748046875, 0.01068115234375, -0.045654296875, 0.07470703125, -0.0390625, 0.169921875, -0.1826171875, 0.09423828125, 0.005615234375, -0.01507568359375, 0.0634765625, -0.1826171875] 10 3 1
 [0.1748046875, 0.01068115234375, -0.045654296875, 0.07470703125, -0.0390625, 0.169921875, -0.1826171875, 0.09423828125, 0.005615234375, -0.01507568359375, 0.0634765625, -0.1826171875] 10 3 1
 [0.1748046875, 0.01068115234375, -0.045654296875, 0.07470703125, -0.0390625, 0.169921875, -0.1826171875, 0.09423828125, 0.005615234375, -0.01507568359375, 0.0634765625, -0.1826171875] 10 3 1
 [0.1748046875, 0.01068115234375, -0.045654296875, 0.07470703125, -0.0390625, 0.169921875, -0.1826171875, 0.09423828125, 0.005615234375, -0.01507568359375, 0.0634765625, -0.1826171875] 10 3 1
 [0.1748046875, 0.01068115234375, -0.045654296875, 0.07470703125, -0.0390625, 0.169921875, -0.1826171875, 0.09423828125, 0.005615234375, -0.01507568359375, 0.0634765625, -0.1826171875] 10 3 1
 [0.1748046875, 0.01068115234375, -0.045654296875, 0.07470703125, -0.0390625, 0.169921875, -0.1826171875, 0.09423828125, 0.005615234375, -0.01507568359375, 0.0634765625, -0.1826171875] 10 3 1
 [0.1748046875, 0.01068115234375, -0.045654296875, 0.07470703125, -0.0390625, 0.169921875, -0.1826171875, 0.09423828125, 0.005615234375, -0.01507568359375, 0.0634765625, -0.1826171875] 10 3 1
 [0.1748046875, 0.01068115234375, -0.045654296875, 0.07470703125, -0.0390625, 0.169921875, -0.1826171875, 0.09423828125, 0.005615234375, -0.01507568359375, 0.0634765625, -0.1826171875] 10 3 1
 [0.1748046875, 0.01068115234375, -0.045654296875, 0.07470703125, -0.0390625, 0.169921875, -0.1826171875, 0.09423828125, 0.005615234375, -0.01507568359375, 0.0634765625, -0.1826171875] 10 3 1
 [0.1748046875, 0.01068115234375, -0.045654296875, 0.07470703125, -0.0390625, 0.169921875, -0.1826171875, 0.09423828125, 0.005615234375, -0.01507568359375, 0.0634765625, -0.1826171875] 10 3 1
 [0.1748046875, 0.01068115234375, -0.045654296875, 0.07470703125, -0.0390625, 0.169921875, -0.1826171875, 0.09423828125, 0.005615234375, -0.01507568359375, 0.0634765625, -0.1826171875] 10 3 1
 [0.1748046875, 0.01068115234375, -0.045654296875, 0.07470703125, -0.0390625, 0.169921875, -0.1826171875, 0.09423828125, 0.005615234375, -0.01507568359375, 0.0634765625, -0.1826171875] 10 3 1
 [0.1748046875, 0.01068115234375, -0.045654296875, 0.07470703125, -0.0390625, 0.169921875, -0.1826171875, 0.09423828125, 0.005615234375, -0.01507568359375, 0.0634765625, -0.1826171875] 10 3 1
 [0.1748046875, 0.01068115234375, -0.045654296875, 0.07470703125, -0.0390625, 0.169921875, -0.1826171875, 0.09423828125, 0.005615234375, -0.01507568359375, 0.0634765625, -0.1826171875] 10 3 1
 [0.1748046875, 0.01068115234375, -0.045654296875, 0.07470703125, -0.0390625, 0.169921875, -0.1826171875, 0.09423828125, 0.005615234375, -0.01507568359375, 0.0634765625, -0.1826171875] 10 3 1
 [0.1748046875, 0.01068115234375, -0.045654296875, 0.07470703125, -0.0390625, 0.169921875, -0.1826171875, 0.09423828125, 0.005615234375, -0.01507568359375, 0.0634765625, -0.1826171875] 10 3 1
 [0.1748046875, 0.01068115234375, -0.045654296875, 0.07470703125, -0.0390625, 0.169921875, -0.1826171875, 0.09423828125, 0.005615234375, -0.01507568359375, 0.0634765625, -0.1826171875] 10 3 1
 [0.1748046875, 0.01068115234375, -0.045654296875, 0.07470703125, -0.0390625, 0.169921875, -0.1826171875, 0.09423828125, 0.005615234375, -0.01507568359375, 0.0634765625, -0.1826171875] 10 3 1
 [0.1748046875, 0.01068115234375, -0.045654296875, 0.07470703125, -0.0390625, 0.169921875, -0.1826171875, 0.09423828125, 0.005615234375, -0.01507568359375, 0.0634765625, -0.1826171875] 10 3 1
 [0.1748046875, 0.01068115234375, -0.045654296875, 0.07470703125, -0.0390625, 0.169921875, -0.1826171875, 0.09423828125, 0.005615234375, -0.01507568359375, 0.0634765625, -0.1826171875] 10 3 1
 [0.1748046875, 0.01068115234375, -0.045654296875, 0.07470703125, -0.0390625, 0.169921875, -0.1826171875, 0.09423828125, 0.005615234375, -0.01507568359375, 0.0634765625, -0.1826171875] 11 3 1
 [0.1748046875, 0.01068115234375, -0.045654296875, 0.07470703125, -0.0390625, 0.169921875, -0.1826171875, 0.09423828125, 0.005615234375, -0.01507568359375, 0.0634765625, -0.1826171875] 11 3 1
 [0.1748046875, 0.01068115234375, -0.045654296875, 0.07470703125, -0.0390625, 0.169921875, -0.1826171875, 0.09423828125, 0.005615234375, -0.01507568359375, 0.0634765625, -0.1826171875] 11 3 1
 [0.1748046875, 0.01068115234375, -0.045654296875, 0.07470703125, -0.0390625, 0.169921875, -0.1826171875, 0.09423828125, 0.005615234375, -0.01507568359375, 0.0634765625, -0.1826171875] 11 3 1
 [0.1748046875, 0.01068115234375, -0.045654296875, 0.07470703125, -0.0390625, 0.169921875, -0.1826171875, 0.09423828125, 0.005615234375, -0.01507568359375, 0.0634765625, -0.1826171875] 11 3 1
 [0.1748046875, 0.01068115234375, -0.045654296875, 0.07470703125, -0.0390625, 0.169921875, -0.1826171875, 0.09423828125, 0.005615234375, -0.01507568359375, 0.0634765625, -0.1826171875] 11 3 1
 [0.1748046875, 0.01068115234375, -0.045654296875, 0.07470703125, -0.0390625, 0.169921875, -0.1826171875, 0.09423828125, 0.005615234375, -0.01507568359375, 0.0634765625, -0.1826171875] 11 3 1
 [0.1748046875, 0.01068115234375, -0.045654296875, 0.07470703125, -0.0390625, 0.169921875, -0.1826171875, 0.09423828125, 0.005615234375, -0.01507568359375, 0.0634765625, -0.1826171875] 11 3 1
 [0.1748046875, 0.01068115234375, -0.045654296875, 0.07470703125, -0.0390625, 0.169921875, -0.1826171875, 0.09423828125, 0.005615234375, -0.01507568359375, 0.0634765625, -0.1826171875] 11 3 1
 [0.1748046875, 0.01068115234375, -0.045654296875, 0.07470703125, -0.0390625, 0.169921875, -0.1826171875, 0.09423828125, 0.005615234375, -0.01507568359375, 0.0634765625, -0.1826171875] 11 3 1
 [0.1748046875, 0.01068115234375, -0.045654296875, 0.07470703125, -0.0390625, 0.169921875, -0.1826171875, 0.09423828125, 0.005615234375, -0.01507568359375, 0.0634765625, -0.1826171875] 11 3 1
 [0.1748046875, 0.01068115234375, -0.045654296875, 0.07470703125, -0.0390625, 0.169921875, -0.1826171875, 0.09423828125, 0.005615234375, -0.01507568359375, 0.0634765625, -0.1826171875] 11 3 1
 [0.1748046875, 0.01068115234375, -0.045654296875, 0.07470703125, -0.0390625, 0.169921875, -0.1826171875, 0.09423828125, 0.005615234375, -0.01507568359375, 0.0634765625, -0.1826171875] 11 3 1
 [0.1748046875, 0.01068115234375, -0.045654296875, 0.07470703125, -0.0390625, 0.169921875, -0.1826171875, 0.09423828125, 0.005615234375, -0.01507568359375, 0.0634765625, -0.1826171875] 11 3 1
 [0.1748046875, 0.01068115234375, -0.045654296875, 0.07470703125, -0.0390625, 0.169921875, -0.1826171875, 0.09423828125, 0.005615234375, -0.01507568359375, 0.0634765625, -0.1826171875] 11 3 1
 [0.1748046875, 0.01068115234375, -0.045654296875, 0.07470703125, -0.0390625, 0.169921875, -0.1826171875, 0.09423828125, 0.005615234375, -0.01507568359375, 0.0634765625, -0.1826171875] 11 3 1
 [0.1748046875, 0.01068115234375, -0.045654296875, 0.07470703125, -0.0390625, 0.169921875, -0.1826171875, 0.09423828125, 0.005615234375, -0.01507568359375, 0.0634765625, -0.1826171875] 11 3 1
 [0.1748046875, 0.01068115234375, -0.045654296875, 0.07470703125, -0.0390625, 0.169921875, -0.1826171875, 0.09423828125, 0.005615234375, -0.01507568359375, 0.0634765625, -0.1826171875] 11 3 1
 [0.1748046875, 0.01068115234375, -0.045654296875, 0.07470703125, -0.0390625, 0.169921875, -0.1826171875, 0.09423828125, 0.005615234375, -0.01507568359375, 0.0634765625, -0.1826171875] 11 3 1
 [0.1748046875, 0.01068115234375, -0.045654296875, 0.07470703125, -0.0390625, 0.169921875, -0.1826171875, 0.09423828125, 0.005615234375, -0.01507568359375, 0.0634765625, -0.1826171875] 11 3 1
 [0.1748046875, 0.01068115234375, -0.045654296875, 0.07470703125, -0.0390625, 0.169921875, -0.1826171875, 0.09423828125, 0.005615234375, -0.01507568359375, 0.0634765625, -0.1826171875] 11 3 1
 [0.1748046875, 0.01068115234375, -0.045654296875, 0.07470703125, -0.0390625, 0.169921875, -0.1826171875, 0.09423828125, 0.005615234375, -0.01507568359375, 0.0634765625, -0.1826171875] 11 3 1
 [0.1748046875, 0.01068115234375, -0.045654296875, 0.07470703125, -0.0390625, 0.169921875, -0.1826171875, 0.09423828125, 0.005615234375, -0.01507568359375, 0.0634765625, -0.1826171875] 11 3 1
 [0.1748046875, 0.01068115234375, -0.045654296875, 0.07470703125, -0.0390625, 0.169921875, -0.1826171875, 0.09423828125, 0.005615234375, -0.01507568359375, 0.0634765625, -0.1826171875] 11 3 1
 [0.1748046875, 0.01068115234375, -0.045654296875, 0.07470703125, -0.0390625, 0.169921875, -0.1826171875, 0.09423828125, 0.005615234375, -0.01507568359375, 0.0634765625, -0.1826171875] 11 3 1
 [0.1748046875, 0.01068115234375, -0.045654296875, 0.07470703125, -0.0390625, 0.169921875, -0.1826171875, 0.09423828125, 0.005615234375, -0.01507568359375, 0.0634765625, -0.1826171875] 11 3 1
 [0.1748046875, 0.01068115234375, -0.045654296875, 0.07470703125, -0.0390625, 0.169921875, -0.1826171875, 0.09423828125, 0.005615234375, -0.01507568359375, 0.0634765625, -0.1826171875] 11 3 1
 [0.1748046875, 0.01068115234375, -0.045654296875, 0.07470703125, -0.0390625, 0.169921875, -0.1826171875, 0.09423828125, 0.005615234375, -0.01507568359375, 0.0634765625, -0.1826171875] 11 3 1
 [0.1748046875, 0.01068115234375, -0.045654296875, 0.07470703125, -0.0390625, 0.169921875, -0.1826171875, 0.09423828125, 0.005615234375, -0.01507568359375, 0.0634765625, -0.1826171875] 11 3 1
 [0.1748046875, 0.01068115234375, -0.045654296875, 0.07470703125, -0.0390625, 0.169921875, -0.1826171875, 0.09423828125, 0.005615234375, -0.01507568359375, 0.0634765625, -0.1826171875] 11 3 1
 [0.1748046875, 0.01068115234375, -0.045654296875, 0.07470703125, -0.0390625, 0.169921875, -0.1826171875, 0.09423828125, 0.005615234375, -0.01507568359375, 0.0634765625, -0.1826171875] 11 3 1
 [0.1748046875, 0.01068115234375, -0.045654296875, 0.07470703125, -0.0390625, 0.169921875, -0.1826171875, 0.09423828125, 0.005615234375, -0.01507568359375, 0.0634765625, -0.1826171875] 11 3 1
 [0.1748046875, 0.01068115234375, -0.045654296875, 0.07470703125, -0.0390625, 0.169921875, -0.1826171875, 0.09423828125, 0.005615234375, -0.01507568359375, 0.0634765625, -0.1826171875] 10 3 1
 [0.1748046875, 0.01068115234375, -0.045654296875, 0.07470703125, -0.0390625, 0.169921875, -0.1826171875, 0.09423828125, 0.005615234375, -0.01507568359375, 0.0634765625, -0.1826171875] 0 3 2
 [0.1748046875, 0.01068115234375, -0.045654296875, 0.07470703125, -0.0390625, 0.169921875, -0.1826171875, 0.09423828125, 0.005615234375, -0.01507568359375, 0.0634765625, -0.1826171875] 0 3 2
 [0.1748046875, 0.01068115234375, -0.045654296875, 0.07470703125, -0.0390625, 0.169921875, -0.1826171875, 0.09423828125, 0.005615234375, -0.01507568359375, 0.0634765625, -0.1826171875] 0 3 2
 [0.1748046875, 0.01068115234375, -0.045654296875, 0.07470703125, -0.0390625, 0.169921875, -0.1826171875, 0.09423828125, 0.005615234375, -0.01507568359375, 0.0634765625, -0.1826171875] 0 3 2
 [0.1748046875, 0.01068115234375, -0.045654296875, 0.07470703125, -0.0390625, 0.169921875, -0.1826171875, 0.09423828125, 0.005615234375, -0.01507568359375, 0.0634765625, -0.1826171875] 0 3 2
 [0.1748046875, 0.01068115234375, -0.045654296875, 0.07470703125, -0.0390625, 0.169921875, -0.1826171875, 0.09423828125, 0.005615234375, -0.01507568359375, 0.0634765625, -0.1826171875] 0 3 2
 [0.1748046875, 0.01068115234375, -0.045654296875, 0.07470703125, -0.0390625, 0.169921875, -0.1826171875, 0.09423828125, 0.005615234375, -0.01507568359375, 0.0634765625, -0.1826171875] 0 3 2
 [0.1748046875, 0.01068115234375, -0.045654296875, 0.07470703125, -0.0390625, 0.169921875, -0.1826171875, 0.09423828125, 0.005615234375, -0.01507568359375, 0.0634765625, -0.1826171875] 0 3 2
 [0.1748046875, 0.01068115234375, -0.045654296875, 0.07470703125, -0.0390625, 0.169921875, -0.1826171875, 0.09423828125, 0.005615234375, -0.01507568359375, 0.0634765625, -0.1826171875] 0 3 2
 [0.1748046875, 0.01068115234375, -0.045654296875, 0.07470703125, -0.0390625, 0.169921875, -0.1826171875, 0.09423828125, 0.005615234375, -0.01507568359375, 0.0634765625, -0.1826171875] 0 3 2
 [0.1748046875, 0.01068115234375, -0.045654296875, 0.07470703125, -0.0390625, 0.169921875, -0.1826171875, 0.09423828125, 0.005615234375, -0.01507568359375, 0.0634765625, -0.1826171875] 0 3 2
 [0.1748046875, 0.01068115234375, -0.045654296875, 0.07470703125, -0.0390625, 0.169921875, -0.1826171875, 0.09423828125, 0.005615234375, -0.01507568359375, 0.0634765625, -0.1826171875] 0 3 2
 [0.1748046875, 0.01068115234375, -0.045654296875, 0.07470703125, -0.0390625, 0.169921875, -0.1826171875, 0.09423828125, 0.005615234375, -0.01507568359375, 0.0634765625, -0.1826171875] 0 3 2
 [0.1748046875, 0.01068115234375, -0.045654296875, 0.07470703125, -0.0390625, 0.169921875, -0.1826171875, 0.09423828125, 0.005615234375, -0.01507568359375, 0.0634765625, -0.1826171875] 0 3 2
 [0.1748046875, 0.01068115234375, -0.045654296875, 0.07470703125, -0.0390625, 0.169921875, -0.1826171875, 0.09423828125, 0.005615234375, -0.01507568359375, 0.0634765625, -0.1826171875] 0 3 2
 [0.1748046875, 0.01068115234375, -0.045654296875, 0.07470703125, -0.0390625, 0.169921875, -0.1826171875, 0.09423828125, 0.005615234375, -0.01507568359375, 0.0634765625, -0.1826171875] 0 3 2
 [0.1748046875, 0.01068115234375, -0.045654296875, 0.07470703125, -0.0390625, 0.169921875, -0.1826171875, 0.09423828125, 0.005615234375, -0.01507568359375, 0.0634765625, -0.1826171875] 0 3 2
 [0.1748046875, 0.01068115234375, -0.045654296875, 0.07470703125, -0.0390625, 0.169921875, -0.1826171875, 0.09423828125, 0.005615234375, -0.01507568359375, 0.0634765625, -0.1826171875] 0 3 2
 [0.1748046875, 0.01068115234375, -0.045654296875, 0.07470703125, -0.0390625, 0.169921875, -0.1826171875, 0.09423828125, 0.005615234375, -0.01507568359375, 0.0634765625, -0.1826171875] 0 3 2
 [0.1748046875, 0.01068115234375, -0.045654296875, 0.07470703125, -0.0390625, 0.169921875, -0.1826171875, 0.09423828125, 0.005615234375, -0.01507568359375, 0.0634765625, -0.1826171875] 0 3 2
 [0.1748046875, 0.01068115234375, -0.045654296875, 0.07470703125, -0.0390625, 0.169921875, -0.1826171875, 0.09423828125, 0.005615234375, -0.01507568359375, 0.0634765625, -0.1826171875] 0 3 2
 [0.1748046875, 0.01068115234375, -0.045654296875, 0.07470703125, -0.0390625, 0.169921875, -0.1826171875, 0.09423828125, 0.005615234375, -0.01507568359375, 0.0634765625, -0.1826171875] 0 3 2
 [0.1748046875, 0.01068115234375, -0.045654296875, 0.07470703125, -0.0390625, 0.169921875, -0.1826171875, 0.09423828125, 0.005615234375, -0.01507568359375, 0.0634765625, -0.1826171875] 0 3 2
 [0.1748046875, 0.01068115234375, -0.045654296875, 0.07470703125, -0.0390625, 0.169921875, -0.1826171875, 0.09423828125, 0.005615234375, -0.01507568359375, 0.0634765625, -0.1826171875] 0 3 2
 [0.1748046875, 0.01068115234375, -0.045654296875, 0.07470703125, -0.0390625, 0.169921875, -0.1826171875, 0.09423828125, 0.005615234375, -0.01507568359375, 0.0634765625, -0.1826171875] 0 3 2
 [0.1748046875, 0.01068115234375, -0.045654296875, 0.07470703125, -0.0390625, 0.169921875, -0.1826171875, 0.09423828125, 0.005615234375, -0.01507568359375, 0.0634765625, -0.1826171875] 0 3 2
 [0.1748046875, 0.01068115234375, -0.045654296875, 0.07470703125, -0.0390625, 0.169921875, -0.1826171875, 0.09423828125, 0.005615234375, -0.01507568359375, 0.0634765625, -0.1826171875] 0 3 2
 [0.1748046875, 0.01068115234375, -0.045654296875, 0.07470703125, -0.0390625, 0.169921875, -0.1826171875, 0.09423828125, 0.005615234375, -0.01507568359375, 0.0634765625, -0.1826171875] 0 3 2
 [0.1748046875, 0.01068115234375, -0.045654296875, 0.07470703125, -0.0390625, 0.169921875, -0.1826171875, 0.09423828125, 0.005615234375, -0.01507568359375, 0.0634765625, -0.1826171875] 0 3 2
 [0.1748046875, 0.01068115234375, -0.045654296875, 0.07470703125, -0.0390625, 0.169921875, -0.1826171875, 0.09423828125, 0.005615234375, -0.01507568359375, 0.0634765625, -0.1826171875] 0 3 2
 [0.1748046875, 0.01068115234375, -0.045654296875, 0.07470703125, -0.0390625, 0.169921875, -0.1826171875, 0.09423828125, 0.005615234375, -0.01507568359375, 0.0634765625, -0.1826171875] 0 3 2
 [0.1748046875, 0.01068115234375, -0.045654296875, 0.07470703125, -0.0390625, 0.169921875, -0.1826171875, 0.09423828125, 0.005615234375, -0.01507568359375, 0.0634765625, -0.1826171875] 0 3 2
 [0.1748046875, 0.01068115234375, -0.045654296875, 0.07470703125, -0.0390625, 0.169921875, -0.1826171875, 0.09423828125, 0.005615234375, -0.01507568359375, 0.0634765625, -0.1826171875] 0 3 2
 [0.1748046875, 0.01068115234375, -0.045654296875, 0.07470703125, -0.0390625, 0.169921875, -0.1826171875, 0.09423828125, 0.005615234375, -0.01507568359375, 0.0634765625, -0.1826171875] 1 3 2
 [0.1748046875, 0.01068115234375, -0.045654296875, 0.07470703125, -0.0390625, 0.169921875, -0.1826171875, 0.09423828125, 0.005615234375, -0.01507568359375, 0.0634765625, -0.1826171875] 1 3 2
 [0.1748046875, 0.01068115234375, -0.045654296875, 0.07470703125, -0.0390625, 0.169921875, -0.1826171875, 0.09423828125, 0.005615234375, -0.01507568359375, 0.0634765625, -0.1826171875] 1 3 2
 [0.1748046875, 0.01068115234375, -0.045654296875, 0.07470703125, -0.0390625, 0.169921875, -0.1826171875, 0.09423828125, 0.005615234375, -0.01507568359375, 0.0634765625, -0.1826171875] 1 3 2
 [0.1748046875, 0.01068115234375, -0.045654296875, 0.07470703125, -0.0390625, 0.169921875, -0.1826171875, 0.09423828125, 0.005615234375, -0.01507568359375, 0.0634765625, -0.1826171875] 1 3 2
 [0.1748046875, 0.01068115234375, -0.045654296875, 0.07470703125, -0.0390625, 0.169921875, -0.1826171875, 0.09423828125, 0.005615234375, -0.01507568359375, 0.0634765625, -0.1826171875] 1 3 2
 [0.1748046875, 0.01068115234375, -0.045654296875, 0.07470703125, -0.0390625, 0.169921875, -0.1826171875, 0.09423828125, 0.005615234375, -0.01507568359375, 0.0634765625, -0.1826171875] 1 3 2
 [0.1748046875, 0.01068115234375, -0.045654296875, 0.07470703125, -0.0390625, 0.169921875, -0.1826171875, 0.09423828125, 0.005615234375, -0.01507568359375, 0.0634765625, -0.1826171875] 1 3 2
 [0.1748046875, 0.01068115234375, -0.045654296875, 0.07470703125, -0.0390625, 0.169921875, -0.1826171875, 0.09423828125, 0.005615234375, -0.01507568359375, 0.0634765625, -0.1826171875] 1 3 2
 [0.1748046875, 0.01068115234375, -0.045654296875, 0.07470703125, -0.0390625, 0.169921875, -0.1826171875, 0.09423828125, 0.005615234375, -0.01507568359375, 0.0634765625, -0.1826171875] 1 3 2
 [0.1748046875, 0.01068115234375, -0.045654296875, 0.07470703125, -0.0390625, 0.169921875, -0.1826171875, 0.09423828125, 0.005615234375, -0.01507568359375, 0.0634765625, -0.1826171875] 1 3 2
 [0.1748046875, 0.01068115234375, -0.045654296875, 0.07470703125, -0.0390625, 0.169921875, -0.1826171875, 0.09423828125, 0.005615234375, -0.01507568359375, 0.0634765625, -0.1826171875] 1 3 2
 [0.1748046875, 0.01068115234375, -0.045654296875, 0.07470703125, -0.0390625, 0.169921875, -0.1826171875, 0.09423828125, 0.005615234375, -0.01507568359375, 0.0634765625, -0.1826171875] 1 3 2
 [0.1748046875, 0.01068115234375, -0.045654296875, 0.07470703125, -0.0390625, 0.169921875, -0.1826171875, 0.09423828125, 0.005615234375, -0.01507568359375, 0.0634765625, -0.1826171875] 1 3 2
 [0.1748046875, 0.01068115234375, -0.045654296875, 0.07470703125, -0.0390625, 0.169921875, -0.1826171875, 0.09423828125, 0.005615234375, -0.01507568359375, 0.0634765625, -0.1826171875] 1 3 2
 [0.1748046875, 0.01068115234375, -0.045654296875, 0.07470703125, -0.0390625, 0.169921875, -0.1826171875, 0.09423828125, 0.005615234375, -0.01507568359375, 0.0634765625, -0.1826171875] 1 3 2
 [0.1748046875, 0.01068115234375, -0.045654296875, 0.07470703125, -0.0390625, 0.169921875, -0.1826171875, 0.09423828125, 0.005615234375, -0.01507568359375, 0.0634765625, -0.1826171875] 1 3 2
 [0.1748046875, 0.01068115234375, -0.045654296875, 0.07470703125, -0.0390625, 0.169921875, -0.1826171875, 0.09423828125, 0.005615234375, -0.01507568359375, 0.0634765625, -0.1826171875] 1 3 2
 [0.1748046875, 0.01068115234375, -0.045654296875, 0.07470703125, -0.0390625, 0.169921875, -0.1826171875, 0.09423828125, 0.005615234375, -0.01507568359375, 0.0634765625, -0.1826171875] 1 3 2
 [0.1748046875, 0.01068115234375, -0.045654296875, 0.07470703125, -0.0390625, 0.169921875, -0.1826171875, 0.09423828125, 0.005615234375, -0.01507568359375, 0.0634765625, -0.1826171875] 1 3 2
 [0.1748046875, 0.01068115234375, -0.045654296875, 0.07470703125, -0.0390625, 0.169921875, -0.1826171875, 0.09423828125, 0.005615234375, -0.01507568359375, 0.0634765625, -0.1826171875] 1 3 2
 [0.1748046875, 0.01068115234375, -0.045654296875, 0.07470703125, -0.0390625, 0.169921875, -0.1826171875, 0.09423828125, 0.005615234375, -0.01507568359375, 0.0634765625, -0.1826171875] 1 3 2
 [0.1748046875, 0.01068115234375, -0.045654296875, 0.07470703125, -0.0390625, 0.169921875, -0.1826171875, 0.09423828125, 0.005615234375, -0.01507568359375, 0.0634765625, -0.1826171875] 1 3 2
 [0.1748046875, 0.01068115234375, -0.045654296875, 0.07470703125, -0.0390625, 0.169921875, -0.1826171875, 0.09423828125, 0.005615234375, -0.01507568359375, 0.0634765625, -0.1826171875] 1 3 2
 [0.1748046875, 0.01068115234375, -0.045654296875, 0.07470703125, -0.0390625, 0.169921875, -0.1826171875, 0.09423828125, 0.005615234375, -0.01507568359375, 0.0634765625, -0.1826171875] 1 3 2
 [0.1748046875, 0.01068115234375, -0.045654296875, 0.07470703125, -0.0390625, 0.169921875, -0.1826171875, 0.09423828125, 0.005615234375, -0.01507568359375, 0.0634765625, -0.1826171875] 1 3 2
 [0.1748046875, 0.01068115234375, -0.045654296875, 0.07470703125, -0.0390625, 0.169921875, -0.1826171875, 0.09423828125, 0.005615234375, -0.01507568359375, 0.0634765625, -0.1826171875] 1 3 2
 [0.1748046875, 0.01068115234375, -0.045654296875, 0.07470703125, -0.0390625, 0.169921875, -0.1826171875, 0.09423828125, 0.005615234375, -0.01507568359375, 0.0634765625, -0.1826171875] 1 3 2
 [0.1748046875, 0.01068115234375, -0.045654296875, 0.07470703125, -0.0390625, 0.169921875, -0.1826171875, 0.09423828125, 0.005615234375, -0.01507568359375, 0.0634765625, -0.1826171875] 1 3 2
 [0.1748046875, 0.01068115234375, -0.045654296875, 0.07470703125, -0.0390625, 0.169921875, -0.1826171875, 0.09423828125, 0.005615234375, -0.01507568359375, 0.0634765625, -0.1826171875] 1 3 2
 [0.1748046875, 0.01068115234375, -0.045654296875, 0.07470703125, -0.0390625, 0.169921875, -0.1826171875, 0.09423828125, 0.005615234375, -0.01507568359375, 0.0634765625, -0.1826171875] 1 3 2
 [0.1748046875, 0.01068115234375, -0.045654296875, 0.07470703125, -0.0390625, 0.169921875, -0.1826171875, 0.09423828125, 0.005615234375, -0.01507568359375, 0.0634765625, -0.1826171875] 1 3 2
 [0.1748046875, 0.01068115234375, -0.045654296875, 0.07470703125, -0.0390625, 0.169921875, -0.1826171875, 0.09423828125, 0.005615234375, -0.01507568359375, 0.0634765625, -0.1826171875] 1 3 2
 [0.1748046875, 0.01068115234375, -0.045654296875, 0.07470703125, -0.0390625, 0.169921875, -0.1826171875, 0.09423828125, 0.005615234375, -0.01507568359375, 0.0634765625, -0.1826171875] 1 3 2
 [0.1748046875, 0.01068115234375, -0.045654296875, 0.07470703125, -0.0390625, 0.169921875, -0.1826171875, 0.09423828125, 0.005615234375, -0.01507568359375, 0.0634765625, -0.1826171875] 2 3 2
 [0.1748046875, 0.01068115234375, -0.045654296875, 0.07470703125, -0.0390625, 0.169921875, -0.1826171875, 0.09423828125, 0.005615234375, -0.01507568359375, 0.0634765625, -0.1826171875] 2 3 2
 [0.1748046875, 0.01068115234375, -0.045654296875, 0.07470703125, -0.0390625, 0.169921875, -0.1826171875, 0.09423828125, 0.005615234375, -0.01507568359375, 0.0634765625, -0.1826171875] 2 3 2
 [0.1748046875, 0.01068115234375, -0.045654296875, 0.07470703125, -0.0390625, 0.169921875, -0.1826171875, 0.09423828125, 0.005615234375, -0.01507568359375, 0.0634765625, -0.1826171875] 2 3 2
 [0.1748046875, 0.01068115234375, -0.045654296875, 0.07470703125, -0.0390625, 0.169921875, -0.1826171875, 0.09423828125, 0.005615234375, -0.01507568359375, 0.0634765625, -0.1826171875] 2 3 2
 [0.1748046875, 0.01068115234375, -0.045654296875, 0.07470703125, -0.0390625, 0.169921875, -0.1826171875, 0.09423828125, 0.005615234375, -0.01507568359375, 0.0634765625, -0.1826171875] 2 3 2
 [0.1748046875, 0.01068115234375, -0.045654296875, 0.07470703125, -0.0390625, 0.169921875, -0.1826171875, 0.09423828125, 0.005615234375, -0.01507568359375, 0.0634765625, -0.1826171875] 2 3 2
 [0.1748046875, 0.01068115234375, -0.045654296875, 0.07470703125, -0.0390625, 0.169921875, -0.1826171875, 0.09423828125, 0.005615234375, -0.01507568359375, 0.0634765625, -0.1826171875] 2 3 2
 [0.1748046875, 0.01068115234375, -0.045654296875, 0.07470703125, -0.0390625, 0.169921875, -0.1826171875, 0.09423828125, 0.005615234375, -0.01507568359375, 0.0634765625, -0.1826171875] 2 3 2
 [0.1748046875, 0.01068115234375, -0.045654296875, 0.07470703125, -0.0390625, 0.169921875, -0.1826171875, 0.09423828125, 0.005615234375, -0.01507568359375, 0.0634765625, -0.1826171875] 2 3 2
 [0.1748046875, 0.01068115234375, -0.045654296875, 0.07470703125, -0.0390625, 0.169921875, -0.1826171875, 0.09423828125, 0.005615234375, -0.01507568359375, 0.0634765625, -0.1826171875] 2 3 2
 [0.1748046875, 0.01068115234375, -0.045654296875, 0.07470703125, -0.0390625, 0.169921875, -0.1826171875, 0.09423828125, 0.005615234375, -0.01507568359375, 0.0634765625, -0.1826171875] 2 3 2
 [0.1748046875, 0.01068115234375, -0.045654296875, 0.07470703125, -0.0390625, 0.169921875, -0.1826171875, 0.09423828125, 0.005615234375, -0.01507568359375, 0.0634765625, -0.1826171875] 2 3 2
 [0.1748046875, 0.01068115234375, -0.045654296875, 0.07470703125, -0.0390625, 0.169921875, -0.1826171875, 0.09423828125, 0.005615234375, -0.01507568359375, 0.0634765625, -0.1826171875] 2 3 2
 [0.1748046875, 0.01068115234375, -0.045654296875, 0.07470703125, -0.0390625, 0.169921875, -0.1826171875, 0.09423828125, 0.005615234375, -0.01507568359375, 0.0634765625, -0.1826171875] 2 3 2
 [0.1748046875, 0.01068115234375, -0.045654296875, 0.07470703125, -0.0390625, 0.169921875, -0.1826171875, 0.09423828125, 0.005615234375, -0.01507568359375, 0.0634765625, -0.1826171875] 2 3 2
 [0.1748046875, 0.01068115234375, -0.045654296875, 0.07470703125, -0.0390625, 0.169921875, -0.1826171875, 0.09423828125, 0.005615234375, -0.01507568359375, 0.0634765625, -0.1826171875] 2 3 2
 [0.1748046875, 0.01068115234375, -0.045654296875, 0.07470703125, -0.0390625, 0.169921875, -0.1826171875, 0.09423828125, 0.005615234375, -0.01507568359375, 0.0634765625, -0.1826171875] 2 3 2
 [0.1748046875, 0.01068115234375, -0.045654296875, 0.07470703125, -0.0390625, 0.169921875, -0.1826171875, 0.09423828125, 0.005615234375, -0.01507568359375, 0.0634765625, -0.1826171875] 2 3 2
 [0.1748046875, 0.01068115234375, -0.045654296875, 0.07470703125, -0.0390625, 0.169921875, -0.1826171875, 0.09423828125, 0.005615234375, -0.01507568359375, 0.0634765625, -0.1826171875] 2 3 2
 [0.1748046875, 0.01068115234375, -0.045654296875, 0.07470703125, -0.0390625, 0.169921875, -0.1826171875, 0.09423828125, 0.005615234375, -0.01507568359375, 0.0634765625, -0.1826171875] 2 3 2
 [0.1748046875, 0.01068115234375, -0.045654296875, 0.07470703125, -0.0390625, 0.169921875, -0.1826171875, 0.09423828125, 0.005615234375, -0.01507568359375, 0.0634765625, -0.1826171875] 2 3 2
 [0.1748046875, 0.01068115234375, -0.045654296875, 0.07470703125, -0.0390625, 0.169921875, -0.1826171875, 0.09423828125, 0.005615234375, -0.01507568359375, 0.0634765625, -0.1826171875] 2 3 2
 [0.1748046875, 0.01068115234375, -0.045654296875, 0.07470703125, -0.0390625, 0.169921875, -0.1826171875, 0.09423828125, 0.005615234375, -0.01507568359375, 0.0634765625, -0.1826171875] 2 3 2
 [0.1748046875, 0.01068115234375, -0.045654296875, 0.07470703125, -0.0390625, 0.169921875, -0.1826171875, 0.09423828125, 0.005615234375, -0.01507568359375, 0.0634765625, -0.1826171875] 2 3 2
 [0.1748046875, 0.01068115234375, -0.045654296875, 0.07470703125, -0.0390625, 0.169921875, -0.1826171875, 0.09423828125, 0.005615234375, -0.01507568359375, 0.0634765625, -0.1826171875] 2 3 2
 [0.1748046875, 0.01068115234375, -0.045654296875, 0.07470703125, -0.0390625, 0.169921875, -0.1826171875, 0.09423828125, 0.005615234375, -0.01507568359375, 0.0634765625, -0.1826171875] 2 3 2
 [0.1748046875, 0.01068115234375, -0.045654296875, 0.07470703125, -0.0390625, 0.169921875, -0.1826171875, 0.09423828125, 0.005615234375, -0.01507568359375, 0.0634765625, -0.1826171875] 2 3 2
 [0.1748046875, 0.01068115234375, -0.045654296875, 0.07470703125, -0.0390625, 0.169921875, -0.1826171875, 0.09423828125, 0.005615234375, -0.01507568359375, 0.0634765625, -0.1826171875] 2 3 2
 [0.1748046875, 0.01068115234375, -0.045654296875, 0.07470703125, -0.0390625, 0.169921875, -0.1826171875, 0.09423828125, 0.005615234375, -0.01507568359375, 0.0634765625, -0.1826171875] 2 3 2
 [0.1748046875, 0.01068115234375, -0.045654296875, 0.07470703125, -0.0390625, 0.169921875, -0.1826171875, 0.09423828125, 0.005615234375, -0.01507568359375, 0.0634765625, -0.1826171875] 2 3 2
 [0.1748046875, 0.01068115234375, -0.045654296875, 0.07470703125, -0.0390625, 0.169921875, -0.1826171875, 0.09423828125, 0.005615234375, -0.01507568359375, 0.0634765625, -0.1826171875] 3 3 2
 [0.1748046875, 0.01068115234375, -0.045654296875, 0.07470703125, -0.0390625, 0.169921875, -0.1826171875, 0.09423828125, 0.005615234375, -0.01507568359375, 0.0634765625, -0.1826171875] 3 3 2
 [0.1748046875, 0.01068115234375, -0.045654296875, 0.07470703125, -0.0390625, 0.169921875, -0.1826171875, 0.09423828125, 0.005615234375, -0.01507568359375, 0.0634765625, -0.1826171875] 3 3 2
 [0.1748046875, 0.01068115234375, -0.045654296875, 0.07470703125, -0.0390625, 0.169921875, -0.1826171875, 0.09423828125, 0.005615234375, -0.01507568359375, 0.0634765625, -0.1826171875] 3 3 2
 [0.1748046875, 0.01068115234375, -0.045654296875, 0.07470703125, -0.0390625, 0.169921875, -0.1826171875, 0.09423828125, 0.005615234375, -0.01507568359375, 0.0634765625, -0.1826171875] 3 3 2
 [0.1748046875, 0.01068115234375, -0.045654296875, 0.07470703125, -0.0390625, 0.169921875, -0.1826171875, 0.09423828125, 0.005615234375, -0.01507568359375, 0.0634765625, -0.1826171875] 3 3 2
 [0.1748046875, 0.01068115234375, -0.045654296875, 0.07470703125, -0.0390625, 0.169921875, -0.1826171875, 0.09423828125, 0.005615234375, -0.01507568359375, 0.0634765625, -0.1826171875] 3 3 2
 [0.1748046875, 0.01068115234375, -0.045654296875, 0.07470703125, -0.0390625, 0.169921875, -0.1826171875, 0.09423828125, 0.005615234375, -0.01507568359375, 0.0634765625, -0.1826171875] 3 3 2
 [0.1748046875, 0.01068115234375, -0.045654296875, 0.07470703125, -0.0390625, 0.169921875, -0.1826171875, 0.09423828125, 0.005615234375, -0.01507568359375, 0.0634765625, -0.1826171875] 3 3 2
 [0.1748046875, 0.01068115234375, -0.045654296875, 0.07470703125, -0.0390625, 0.169921875, -0.1826171875, 0.09423828125, 0.005615234375, -0.01507568359375, 0.0634765625, -0.1826171875] 3 3 2
 [0.1748046875, 0.01068115234375, -0.045654296875, 0.07470703125, -0.0390625, 0.169921875, -0.1826171875, 0.09423828125, 0.005615234375, -0.01507568359375, 0.0634765625, -0.1826171875] 3 3 2
 [0.1748046875, 0.01068115234375, -0.045654296875, 0.07470703125, -0.0390625, 0.169921875, -0.1826171875, 0.09423828125, 0.005615234375, -0.01507568359375, 0.0634765625, -0.1826171875] 3 3 2
 [0.1748046875, 0.01068115234375, -0.045654296875, 0.07470703125, -0.0390625, 0.169921875, -0.1826171875, 0.09423828125, 0.005615234375, -0.01507568359375, 0.0634765625, -0.1826171875] 3 3 2
 [0.1748046875, 0.01068115234375, -0.045654296875, 0.07470703125, -0.0390625, 0.169921875, -0.1826171875, 0.09423828125, 0.005615234375, -0.01507568359375, 0.0634765625, -0.1826171875] 3 3 2
 [0.1748046875, 0.01068115234375, -0.045654296875, 0.07470703125, -0.0390625, 0.169921875, -0.1826171875, 0.09423828125, 0.005615234375, -0.01507568359375, 0.0634765625, -0.1826171875] 3 3 2
 [0.1748046875, 0.01068115234375, -0.045654296875, 0.07470703125, -0.0390625, 0.169921875, -0.1826171875, 0.09423828125, 0.005615234375, -0.01507568359375, 0.0634765625, -0.1826171875] 3 3 2
 [0.1748046875, 0.01068115234375, -0.045654296875, 0.07470703125, -0.0390625, 0.169921875, -0.1826171875, 0.09423828125, 0.005615234375, -0.01507568359375, 0.0634765625, -0.1826171875] 3 3 2
 [0.1748046875, 0.01068115234375, -0.045654296875, 0.07470703125, -0.0390625, 0.169921875, -0.1826171875, 0.09423828125, 0.005615234375, -0.01507568359375, 0.0634765625, -0.1826171875] 3 3 2
 [0.1748046875, 0.01068115234375, -0.045654296875, 0.07470703125, -0.0390625, 0.169921875, -0.1826171875, 0.09423828125, 0.005615234375, -0.01507568359375, 0.0634765625, -0.1826171875] 3 3 2
 [0.1748046875, 0.01068115234375, -0.045654296875, 0.07470703125, -0.0390625, 0.169921875, -0.1826171875, 0.09423828125, 0.005615234375, -0.01507568359375, 0.0634765625, -0.1826171875] 3 3 2
 [0.1748046875, 0.01068115234375, -0.045654296875, 0.07470703125, -0.0390625, 0.169921875, -0.1826171875, 0.09423828125, 0.005615234375, -0.01507568359375, 0.0634765625, -0.1826171875] 3 3 2
 [0.1748046875, 0.01068115234375, -0.045654296875, 0.07470703125, -0.0390625, 0.169921875, -0.1826171875, 0.09423828125, 0.005615234375, -0.01507568359375, 0.0634765625, -0.1826171875] 3 3 2
 [0.1748046875, 0.01068115234375, -0.045654296875, 0.07470703125, -0.0390625, 0.169921875, -0.1826171875, 0.09423828125, 0.005615234375, -0.01507568359375, 0.0634765625, -0.1826171875] 3 3 2
 [0.1748046875, 0.01068115234375, -0.045654296875, 0.07470703125, -0.0390625, 0.169921875, -0.1826171875, 0.09423828125, 0.005615234375, -0.01507568359375, 0.0634765625, -0.1826171875] 3 3 2
 [0.1748046875, 0.01068115234375, -0.045654296875, 0.07470703125, -0.0390625, 0.169921875, -0.1826171875, 0.09423828125, 0.005615234375, -0.01507568359375, 0.0634765625, -0.1826171875] 3 3 2
 [0.1748046875, 0.01068115234375, -0.045654296875, 0.07470703125, -0.0390625, 0.169921875, -0.1826171875, 0.09423828125, 0.005615234375, -0.01507568359375, 0.0634765625, -0.1826171875] 3 3 2
 [0.1748046875, 0.01068115234375, -0.045654296875, 0.07470703125, -0.0390625, 0.169921875, -0.1826171875, 0.09423828125, 0.005615234375, -0.01507568359375, 0.0634765625, -0.1826171875] 3 3 2
 [0.1748046875, 0.01068115234375, -0.045654296875, 0.07470703125, -0.0390625, 0.169921875, -0.1826171875, 0.09423828125, 0.005615234375, -0.01507568359375, 0.0634765625, -0.1826171875] 3 3 2
 [0.1748046875, 0.01068115234375, -0.045654296875, 0.07470703125, -0.0390625, 0.169921875, -0.1826171875, 0.09423828125, 0.005615234375, -0.01507568359375, 0.0634765625, -0.1826171875] 3 3 2
 [0.1748046875, 0.01068115234375, -0.045654296875, 0.07470703125, -0.0390625, 0.169921875, -0.1826171875, 0.09423828125, 0.005615234375, -0.01507568359375, 0.0634765625, -0.1826171875] 3 3 2
 [0.1748046875, 0.01068115234375, -0.045654296875, 0.07470703125, -0.0390625, 0.169921875, -0.1826171875, 0.09423828125, 0.005615234375, -0.01507568359375, 0.0634765625, -0.1826171875] 3 3 2
 [0.1748046875, 0.01068115234375, -0.045654296875, 0.07470703125, -0.0390625, 0.169921875, -0.1826171875, 0.09423828125, 0.005615234375, -0.01507568359375, 0.0634765625, -0.1826171875] 4 3 2
 [0.1748046875, 0.01068115234375, -0.045654296875, 0.07470703125, -0.0390625, 0.169921875, -0.1826171875, 0.09423828125, 0.005615234375, -0.01507568359375, 0.0634765625, -0.1826171875] 4 3 2
 [0.1748046875, 0.01068115234375, -0.045654296875, 0.07470703125, -0.0390625, 0.169921875, -0.1826171875, 0.09423828125, 0.005615234375, -0.01507568359375, 0.0634765625, -0.1826171875] 4 3 2
 [0.1748046875, 0.01068115234375, -0.045654296875, 0.07470703125, -0.0390625, 0.169921875, -0.1826171875, 0.09423828125, 0.005615234375, -0.01507568359375, 0.0634765625, -0.1826171875] 4 3 2
 [0.1748046875, 0.01068115234375, -0.045654296875, 0.07470703125, -0.0390625, 0.169921875, -0.1826171875, 0.09423828125, 0.005615234375, -0.01507568359375, 0.0634765625, -0.1826171875] 4 3 2
 [0.1748046875, 0.01068115234375, -0.045654296875, 0.07470703125, -0.0390625, 0.169921875, -0.1826171875, 0.09423828125, 0.005615234375, -0.01507568359375, 0.0634765625, -0.1826171875] 4 3 2
 [0.1748046875, 0.01068115234375, -0.045654296875, 0.07470703125, -0.0390625, 0.169921875, -0.1826171875, 0.09423828125, 0.005615234375, -0.01507568359375, 0.0634765625, -0.1826171875] 4 3 2
 [0.1748046875, 0.01068115234375, -0.045654296875, 0.07470703125, -0.0390625, 0.169921875, -0.1826171875, 0.09423828125, 0.005615234375, -0.01507568359375, 0.0634765625, -0.1826171875] 4 3 2
 [0.1748046875, 0.01068115234375, -0.045654296875, 0.07470703125, -0.0390625, 0.169921875, -0.1826171875, 0.09423828125, 0.005615234375, -0.01507568359375, 0.0634765625, -0.1826171875] 4 3 2
 [0.1748046875, 0.01068115234375, -0.045654296875, 0.07470703125, -0.0390625, 0.169921875, -0.1826171875, 0.09423828125, 0.005615234375, -0.01507568359375, 0.0634765625, -0.1826171875] 4 3 2
 [0.1748046875, 0.01068115234375, -0.045654296875, 0.07470703125, -0.0390625, 0.169921875, -0.1826171875, 0.09423828125, 0.005615234375, -0.01507568359375, 0.0634765625, -0.1826171875] 4 3 2
 [0.1748046875, 0.01068115234375, -0.045654296875, 0.07470703125, -0.0390625, 0.169921875, -0.1826171875, 0.09423828125, 0.005615234375, -0.01507568359375, 0.0634765625, -0.1826171875] 4 3 2
 [0.1748046875, 0.01068115234375, -0.045654296875, 0.07470703125, -0.0390625, 0.169921875, -0.1826171875, 0.09423828125, 0.005615234375, -0.01507568359375, 0.0634765625, -0.1826171875] 4 3 2
 [0.1748046875, 0.01068115234375, -0.045654296875, 0.07470703125, -0.0390625, 0.169921875, -0.1826171875, 0.09423828125, 0.005615234375, -0.01507568359375, 0.0634765625, -0.1826171875] 4 3 2
 [0.1748046875, 0.01068115234375, -0.045654296875, 0.07470703125, -0.0390625, 0.169921875, -0.1826171875, 0.09423828125, 0.005615234375, -0.01507568359375, 0.0634765625, -0.1826171875] 4 3 2
 [0.1748046875, 0.01068115234375, -0.045654296875, 0.07470703125, -0.0390625, 0.169921875, -0.1826171875, 0.09423828125, 0.005615234375, -0.01507568359375, 0.0634765625, -0.1826171875] 4 3 2
 [0.1748046875, 0.01068115234375, -0.045654296875, 0.07470703125, -0.0390625, 0.169921875, -0.1826171875, 0.09423828125, 0.005615234375, -0.01507568359375, 0.0634765625, -0.1826171875] 4 3 2
 [0.1748046875, 0.01068115234375, -0.045654296875, 0.07470703125, -0.0390625, 0.169921875, -0.1826171875, 0.09423828125, 0.005615234375, -0.01507568359375, 0.0634765625, -0.1826171875] 4 3 2
 [0.1748046875, 0.01068115234375, -0.045654296875, 0.07470703125, -0.0390625, 0.169921875, -0.1826171875, 0.09423828125, 0.005615234375, -0.01507568359375, 0.0634765625, -0.1826171875] 4 3 2
 [0.1748046875, 0.01068115234375, -0.045654296875, 0.07470703125, -0.0390625, 0.169921875, -0.1826171875, 0.09423828125, 0.005615234375, -0.01507568359375, 0.0634765625, -0.1826171875] 4 3 2
 [0.1748046875, 0.01068115234375, -0.045654296875, 0.07470703125, -0.0390625, 0.169921875, -0.1826171875, 0.09423828125, 0.005615234375, -0.01507568359375, 0.0634765625, -0.1826171875] 4 3 2
 [0.1748046875, 0.01068115234375, -0.045654296875, 0.07470703125, -0.0390625, 0.169921875, -0.1826171875, 0.09423828125, 0.005615234375, -0.01507568359375, 0.0634765625, -0.1826171875] 4 3 2
 [0.1748046875, 0.01068115234375, -0.045654296875, 0.07470703125, -0.0390625, 0.169921875, -0.1826171875, 0.09423828125, 0.005615234375, -0.01507568359375, 0.0634765625, -0.1826171875] 4 3 2
 [0.1748046875, 0.01068115234375, -0.045654296875, 0.07470703125, -0.0390625, 0.169921875, -0.1826171875, 0.09423828125, 0.005615234375, -0.01507568359375, 0.0634765625, -0.1826171875] 4 3 2
 [0.1748046875, 0.01068115234375, -0.045654296875, 0.07470703125, -0.0390625, 0.169921875, -0.1826171875, 0.09423828125, 0.005615234375, -0.01507568359375, 0.0634765625, -0.1826171875] 4 3 2
 [0.1748046875, 0.01068115234375, -0.045654296875, 0.07470703125, -0.0390625, 0.169921875, -0.1826171875, 0.09423828125, 0.005615234375, -0.01507568359375, 0.0634765625, -0.1826171875] 4 3 2
 [0.1748046875, 0.01068115234375, -0.045654296875, 0.07470703125, -0.0390625, 0.169921875, -0.1826171875, 0.09423828125, 0.005615234375, -0.01507568359375, 0.0634765625, -0.1826171875] 4 3 2
 [0.1748046875, 0.01068115234375, -0.045654296875, 0.07470703125, -0.0390625, 0.169921875, -0.1826171875, 0.09423828125, 0.005615234375, -0.01507568359375, 0.0634765625, -0.1826171875] 4 3 2
 [0.1748046875, 0.01068115234375, -0.045654296875, 0.07470703125, -0.0390625, 0.169921875, -0.1826171875, 0.09423828125, 0.005615234375, -0.01507568359375, 0.0634765625, -0.1826171875] 4 3 2
 [0.1748046875, 0.01068115234375, -0.045654296875, 0.07470703125, -0.0390625, 0.169921875, -0.1826171875, 0.09423828125, 0.005615234375, -0.01507568359375, 0.0634765625, -0.1826171875] 4 3 2
 [0.1748046875, 0.01068115234375, -0.045654296875, 0.07470703125, -0.0390625, 0.169921875, -0.1826171875, 0.09423828125, 0.005615234375, -0.01507568359375, 0.0634765625, -0.1826171875] 4 3 2
 [0.1748046875, 0.01068115234375, -0.045654296875, 0.07470703125, -0.0390625, 0.169921875, -0.1826171875, 0.09423828125, 0.005615234375, -0.01507568359375, 0.0634765625, -0.1826171875] 4 3 2
 [0.1748046875, 0.01068115234375, -0.045654296875, 0.07470703125, -0.0390625, 0.169921875, -0.1826171875, 0.09423828125, 0.005615234375, -0.01507568359375, 0.0634765625, -0.1826171875] 4 3 2
 [0.1748046875, 0.01068115234375, -0.045654296875, 0.07470703125, -0.0390625, 0.169921875, -0.1826171875, 0.09423828125, 0.005615234375, -0.01507568359375, 0.0634765625, -0.1826171875] 4 3 2
 [0.1748046875, 0.01068115234375, -0.045654296875, 0.07470703125, -0.0390625, 0.169921875, -0.1826171875, 0.09423828125, 0.005615234375, -0.01507568359375, 0.0634765625, -0.1826171875] 5 3 2
 [0.1748046875, 0.01068115234375, -0.045654296875, 0.07470703125, -0.0390625, 0.169921875, -0.1826171875, 0.09423828125, 0.005615234375, -0.01507568359375, 0.0634765625, -0.1826171875] 5 3 2
 [0.1748046875, 0.01068115234375, -0.045654296875, 0.07470703125, -0.0390625, 0.169921875, -0.1826171875, 0.09423828125, 0.005615234375, -0.01507568359375, 0.0634765625, -0.1826171875] 5 3 2
 [0.1748046875, 0.01068115234375, -0.045654296875, 0.07470703125, -0.0390625, 0.169921875, -0.1826171875, 0.09423828125, 0.005615234375, -0.01507568359375, 0.0634765625, -0.1826171875] 5 3 2
 [0.1748046875, 0.01068115234375, -0.045654296875, 0.07470703125, -0.0390625, 0.169921875, -0.1826171875, 0.09423828125, 0.005615234375, -0.01507568359375, 0.0634765625, -0.1826171875] 5 3 2
 [0.1748046875, 0.01068115234375, -0.045654296875, 0.07470703125, -0.0390625, 0.169921875, -0.1826171875, 0.09423828125, 0.005615234375, -0.01507568359375, 0.0634765625, -0.1826171875] 5 3 2
 [0.1748046875, 0.01068115234375, -0.045654296875, 0.07470703125, -0.0390625, 0.169921875, -0.1826171875, 0.09423828125, 0.005615234375, -0.01507568359375, 0.0634765625, -0.1826171875] 5 3 2
 [0.1748046875, 0.01068115234375, -0.045654296875, 0.07470703125, -0.0390625, 0.169921875, -0.1826171875, 0.09423828125, 0.005615234375, -0.01507568359375, 0.0634765625, -0.1826171875] 5 3 2
 [0.1748046875, 0.01068115234375, -0.045654296875, 0.07470703125, -0.0390625, 0.169921875, -0.1826171875, 0.09423828125, 0.005615234375, -0.01507568359375, 0.0634765625, -0.1826171875] 5 3 2
 [0.1748046875, 0.01068115234375, -0.045654296875, 0.07470703125, -0.0390625, 0.169921875, -0.1826171875, 0.09423828125, 0.005615234375, -0.01507568359375, 0.0634765625, -0.1826171875] 5 3 2
 [0.1748046875, 0.01068115234375, -0.045654296875, 0.07470703125, -0.0390625, 0.169921875, -0.1826171875, 0.09423828125, 0.005615234375, -0.01507568359375, 0.0634765625, -0.1826171875] 5 3 2
 [0.1748046875, 0.01068115234375, -0.045654296875, 0.07470703125, -0.0390625, 0.169921875, -0.1826171875, 0.09423828125, 0.005615234375, -0.01507568359375, 0.0634765625, -0.1826171875] 5 3 2
 [0.1748046875, 0.01068115234375, -0.045654296875, 0.07470703125, -0.0390625, 0.169921875, -0.1826171875, 0.09423828125, 0.005615234375, -0.01507568359375, 0.0634765625, -0.1826171875] 5 3 2
 [0.1748046875, 0.01068115234375, -0.045654296875, 0.07470703125, -0.0390625, 0.169921875, -0.1826171875, 0.09423828125, 0.005615234375, -0.01507568359375, 0.0634765625, -0.1826171875] 5 3 2
 [0.1748046875, 0.01068115234375, -0.045654296875, 0.07470703125, -0.0390625, 0.169921875, -0.1826171875, 0.09423828125, 0.005615234375, -0.01507568359375, 0.0634765625, -0.1826171875] 5 3 2
 [0.1748046875, 0.01068115234375, -0.045654296875, 0.07470703125, -0.0390625, 0.169921875, -0.1826171875, 0.09423828125, 0.005615234375, -0.01507568359375, 0.0634765625, -0.1826171875] 5 3 2
 [0.1748046875, 0.01068115234375, -0.045654296875, 0.07470703125, -0.0390625, 0.169921875, -0.1826171875, 0.09423828125, 0.005615234375, -0.01507568359375, 0.0634765625, -0.1826171875] 5 3 2
 [0.1748046875, 0.01068115234375, -0.045654296875, 0.07470703125, -0.0390625, 0.169921875, -0.1826171875, 0.09423828125, 0.005615234375, -0.01507568359375, 0.0634765625, -0.1826171875] 5 3 2
 [0.1748046875, 0.01068115234375, -0.045654296875, 0.07470703125, -0.0390625, 0.169921875, -0.1826171875, 0.09423828125, 0.005615234375, -0.01507568359375, 0.0634765625, -0.1826171875] 5 3 2
 [0.1748046875, 0.01068115234375, -0.045654296875, 0.07470703125, -0.0390625, 0.169921875, -0.1826171875, 0.09423828125, 0.005615234375, -0.01507568359375, 0.0634765625, -0.1826171875] 5 3 2
 [0.1748046875, 0.01068115234375, -0.045654296875, 0.07470703125, -0.0390625, 0.169921875, -0.1826171875, 0.09423828125, 0.005615234375, -0.01507568359375, 0.0634765625, -0.1826171875] 5 3 2
 [0.1748046875, 0.01068115234375, -0.045654296875, 0.07470703125, -0.0390625, 0.169921875, -0.1826171875, 0.09423828125, 0.005615234375, -0.01507568359375, 0.0634765625, -0.1826171875] 5 3 2
 [0.1748046875, 0.01068115234375, -0.045654296875, 0.07470703125, -0.0390625, 0.169921875, -0.1826171875, 0.09423828125, 0.005615234375, -0.01507568359375, 0.0634765625, -0.1826171875] 5 3 2
 [0.1748046875, 0.01068115234375, -0.045654296875, 0.07470703125, -0.0390625, 0.169921875, -0.1826171875, 0.09423828125, 0.005615234375, -0.01507568359375, 0.0634765625, -0.1826171875] 5 3 2
 [0.1748046875, 0.01068115234375, -0.045654296875, 0.07470703125, -0.0390625, 0.169921875, -0.1826171875, 0.09423828125, 0.005615234375, -0.01507568359375, 0.0634765625, -0.1826171875] 5 3 2
 [0.1748046875, 0.01068115234375, -0.045654296875, 0.07470703125, -0.0390625, 0.169921875, -0.1826171875, 0.09423828125, 0.005615234375, -0.01507568359375, 0.0634765625, -0.1826171875] 5 3 2
 [0.1748046875, 0.01068115234375, -0.045654296875, 0.07470703125, -0.0390625, 0.169921875, -0.1826171875, 0.09423828125, 0.005615234375, -0.01507568359375, 0.0634765625, -0.1826171875] 5 3 2
 [0.1748046875, 0.01068115234375, -0.045654296875, 0.07470703125, -0.0390625, 0.169921875, -0.1826171875, 0.09423828125, 0.005615234375, -0.01507568359375, 0.0634765625, -0.1826171875] 5 3 2
 [0.1748046875, 0.01068115234375, -0.045654296875, 0.07470703125, -0.0390625, 0.169921875, -0.1826171875, 0.09423828125, 0.005615234375, -0.01507568359375, 0.0634765625, -0.1826171875] 5 3 2
 [0.1748046875, 0.01068115234375, -0.045654296875, 0.07470703125, -0.0390625, 0.169921875, -0.1826171875, 0.09423828125, 0.005615234375, -0.01507568359375, 0.0634765625, -0.1826171875] 5 3 2
 [0.1748046875, 0.01068115234375, -0.045654296875, 0.07470703125, -0.0390625, 0.169921875, -0.1826171875, 0.09423828125, 0.005615234375, -0.01507568359375, 0.0634765625, -0.1826171875] 5 3 2
 [0.1748046875, 0.01068115234375, -0.045654296875, 0.07470703125, -0.0390625, 0.169921875, -0.1826171875, 0.09423828125, 0.005615234375, -0.01507568359375, 0.0634765625, -0.1826171875] 5 3 2
 [0.1748046875, 0.01068115234375, -0.045654296875, 0.07470703125, -0.0390625, 0.169921875, -0.1826171875, 0.09423828125, 0.005615234375, -0.01507568359375, 0.0634765625, -0.1826171875] 5 3 2
 [0.1748046875, 0.01068115234375, -0.045654296875, 0.07470703125, -0.0390625, 0.169921875, -0.1826171875, 0.09423828125, 0.005615234375, -0.01507568359375, 0.0634765625, -0.1826171875] 7 3 2
 [0.1748046875, 0.01068115234375, -0.045654296875, 0.07470703125, -0.0390625, 0.169921875, -0.1826171875, 0.09423828125, 0.005615234375, -0.01507568359375, 0.0634765625, -0.1826171875] 7 3 2
 [0.1748046875, 0.01068115234375, -0.045654296875, 0.07470703125, -0.0390625, 0.169921875, -0.1826171875, 0.09423828125, 0.005615234375, -0.01507568359375, 0.0634765625, -0.1826171875] 7 3 2
 [0.1748046875, 0.01068115234375, -0.045654296875, 0.07470703125, -0.0390625, 0.169921875, -0.1826171875, 0.09423828125, 0.005615234375, -0.01507568359375, 0.0634765625, -0.1826171875] 7 3 2
 [0.1748046875, 0.01068115234375, -0.045654296875, 0.07470703125, -0.0390625, 0.169921875, -0.1826171875, 0.09423828125, 0.005615234375, -0.01507568359375, 0.0634765625, -0.1826171875] 7 3 2
 [0.1748046875, 0.01068115234375, -0.045654296875, 0.07470703125, -0.0390625, 0.169921875, -0.1826171875, 0.09423828125, 0.005615234375, -0.01507568359375, 0.0634765625, -0.1826171875] 7 3 2
 [0.1748046875, 0.01068115234375, -0.045654296875, 0.07470703125, -0.0390625, 0.169921875, -0.1826171875, 0.09423828125, 0.005615234375, -0.01507568359375, 0.0634765625, -0.1826171875] 7 3 2
 [0.1748046875, 0.01068115234375, -0.045654296875, 0.07470703125, -0.0390625, 0.169921875, -0.1826171875, 0.09423828125, 0.005615234375, -0.01507568359375, 0.0634765625, -0.1826171875] 7 3 2
 [0.1748046875, 0.01068115234375, -0.045654296875, 0.07470703125, -0.0390625, 0.169921875, -0.1826171875, 0.09423828125, 0.005615234375, -0.01507568359375, 0.0634765625, -0.1826171875] 7 3 2
 [0.1748046875, 0.01068115234375, -0.045654296875, 0.07470703125, -0.0390625, 0.169921875, -0.1826171875, 0.09423828125, 0.005615234375, -0.01507568359375, 0.0634765625, -0.1826171875] 7 3 2
 [0.1748046875, 0.01068115234375, -0.045654296875, 0.07470703125, -0.0390625, 0.169921875, -0.1826171875, 0.09423828125, 0.005615234375, -0.01507568359375, 0.0634765625, -0.1826171875] 7 3 2
 [0.1748046875, 0.01068115234375, -0.045654296875, 0.07470703125, -0.0390625, 0.169921875, -0.1826171875, 0.09423828125, 0.005615234375, -0.01507568359375, 0.0634765625, -0.1826171875] 7 3 2
 [0.1748046875, 0.01068115234375, -0.045654296875, 0.07470703125, -0.0390625, 0.169921875, -0.1826171875, 0.09423828125, 0.005615234375, -0.01507568359375, 0.0634765625, -0.1826171875] 7 3 2
 [0.1748046875, 0.01068115234375, -0.045654296875, 0.07470703125, -0.0390625, 0.169921875, -0.1826171875, 0.09423828125, 0.005615234375, -0.01507568359375, 0.0634765625, -0.1826171875] 7 3 2
 [0.1748046875, 0.01068115234375, -0.045654296875, 0.07470703125, -0.0390625, 0.169921875, -0.1826171875, 0.09423828125, 0.005615234375, -0.01507568359375, 0.0634765625, -0.1826171875] 7 3 2
 [0.1748046875, 0.01068115234375, -0.045654296875, 0.07470703125, -0.0390625, 0.169921875, -0.1826171875, 0.09423828125, 0.005615234375, -0.01507568359375, 0.0634765625, -0.1826171875] 7 3 2
 [0.1748046875, 0.01068115234375, -0.045654296875, 0.07470703125, -0.0390625, 0.169921875, -0.1826171875, 0.09423828125, 0.005615234375, -0.01507568359375, 0.0634765625, -0.1826171875] 7 3 2
 [0.1748046875, 0.01068115234375, -0.045654296875, 0.07470703125, -0.0390625, 0.169921875, -0.1826171875, 0.09423828125, 0.005615234375, -0.01507568359375, 0.0634765625, -0.1826171875] 7 3 2
 [0.1748046875, 0.01068115234375, -0.045654296875, 0.07470703125, -0.0390625, 0.169921875, -0.1826171875, 0.09423828125, 0.005615234375, -0.01507568359375, 0.0634765625, -0.1826171875] 7 3 2
 [0.1748046875, 0.01068115234375, -0.045654296875, 0.07470703125, -0.0390625, 0.169921875, -0.1826171875, 0.09423828125, 0.005615234375, -0.01507568359375, 0.0634765625, -0.1826171875] 7 3 2
 [0.1748046875, 0.01068115234375, -0.045654296875, 0.07470703125, -0.0390625, 0.169921875, -0.1826171875, 0.09423828125, 0.005615234375, -0.01507568359375, 0.0634765625, -0.1826171875] 7 3 2
 [0.1748046875, 0.01068115234375, -0.045654296875, 0.07470703125, -0.0390625, 0.169921875, -0.1826171875, 0.09423828125, 0.005615234375, -0.01507568359375, 0.0634765625, -0.1826171875] 7 3 2
 [0.1748046875, 0.01068115234375, -0.045654296875, 0.07470703125, -0.0390625, 0.169921875, -0.1826171875, 0.09423828125, 0.005615234375, -0.01507568359375, 0.0634765625, -0.1826171875] 7 3 2
 [0.1748046875, 0.01068115234375, -0.045654296875, 0.07470703125, -0.0390625, 0.169921875, -0.1826171875, 0.09423828125, 0.005615234375, -0.01507568359375, 0.0634765625, -0.1826171875] 7 3 2
 [0.1748046875, 0.01068115234375, -0.045654296875, 0.07470703125, -0.0390625, 0.169921875, -0.1826171875, 0.09423828125, 0.005615234375, -0.01507568359375, 0.0634765625, -0.1826171875] 7 3 2
 [0.1748046875, 0.01068115234375, -0.045654296875, 0.07470703125, -0.0390625, 0.169921875, -0.1826171875, 0.09423828125, 0.005615234375, -0.01507568359375, 0.0634765625, -0.1826171875] 7 3 2
 [0.1748046875, 0.01068115234375, -0.045654296875, 0.07470703125, -0.0390625, 0.169921875, -0.1826171875, 0.09423828125, 0.005615234375, -0.01507568359375, 0.0634765625, -0.1826171875] 7 3 2
 [0.1748046875, 0.01068115234375, -0.045654296875, 0.07470703125, -0.0390625, 0.169921875, -0.1826171875, 0.09423828125, 0.005615234375, -0.01507568359375, 0.0634765625, -0.1826171875] 7 3 2
 [0.1748046875, 0.01068115234375, -0.045654296875, 0.07470703125, -0.0390625, 0.169921875, -0.1826171875, 0.09423828125, 0.005615234375, -0.01507568359375, 0.0634765625, -0.1826171875] 7 3 2
 [0.1748046875, 0.01068115234375, -0.045654296875, 0.07470703125, -0.0390625, 0.169921875, -0.1826171875, 0.09423828125, 0.005615234375, -0.01507568359375, 0.0634765625, -0.1826171875] 7 3 2
 [0.1748046875, 0.01068115234375, -0.045654296875, 0.07470703125, -0.0390625, 0.169921875, -0.1826171875, 0.09423828125, 0.005615234375, -0.01507568359375, 0.0634765625, -0.1826171875] 8 3 2
 [0.1748046875, 0.01068115234375, -0.045654296875, 0.07470703125, -0.0390625, 0.169921875, -0.1826171875, 0.09423828125, 0.005615234375, -0.01507568359375, 0.0634765625, -0.1826171875] 8 3 2
 [0.1748046875, 0.01068115234375, -0.045654296875, 0.07470703125, -0.0390625, 0.169921875, -0.1826171875, 0.09423828125, 0.005615234375, -0.01507568359375, 0.0634765625, -0.1826171875] 8 3 2
 [0.1748046875, 0.01068115234375, -0.045654296875, 0.07470703125, -0.0390625, 0.169921875, -0.1826171875, 0.09423828125, 0.005615234375, -0.01507568359375, 0.0634765625, -0.1826171875] 8 3 2
 [0.1748046875, 0.01068115234375, -0.045654296875, 0.07470703125, -0.0390625, 0.169921875, -0.1826171875, 0.09423828125, 0.005615234375, -0.01507568359375, 0.0634765625, -0.1826171875] 8 3 2
 [0.1748046875, 0.01068115234375, -0.045654296875, 0.07470703125, -0.0390625, 0.169921875, -0.1826171875, 0.09423828125, 0.005615234375, -0.01507568359375, 0.0634765625, -0.1826171875] 8 3 2
 [0.1748046875, 0.01068115234375, -0.045654296875, 0.07470703125, -0.0390625, 0.169921875, -0.1826171875, 0.09423828125, 0.005615234375, -0.01507568359375, 0.0634765625, -0.1826171875] 8 3 2
 [0.1748046875, 0.01068115234375, -0.045654296875, 0.07470703125, -0.0390625, 0.169921875, -0.1826171875, 0.09423828125, 0.005615234375, -0.01507568359375, 0.0634765625, -0.1826171875] 8 3 2
 [0.1748046875, 0.01068115234375, -0.045654296875, 0.07470703125, -0.0390625, 0.169921875, -0.1826171875, 0.09423828125, 0.005615234375, -0.01507568359375, 0.0634765625, -0.1826171875] 8 3 2
 [0.1748046875, 0.01068115234375, -0.045654296875, 0.07470703125, -0.0390625, 0.169921875, -0.1826171875, 0.09423828125, 0.005615234375, -0.01507568359375, 0.0634765625, -0.1826171875] 8 3 2
 [0.1748046875, 0.01068115234375, -0.045654296875, 0.07470703125, -0.0390625, 0.169921875, -0.1826171875, 0.09423828125, 0.005615234375, -0.01507568359375, 0.0634765625, -0.1826171875] 8 3 2
 [0.1748046875, 0.01068115234375, -0.045654296875, 0.07470703125, -0.0390625, 0.169921875, -0.1826171875, 0.09423828125, 0.005615234375, -0.01507568359375, 0.0634765625, -0.1826171875] 8 3 2
 [0.1748046875, 0.01068115234375, -0.045654296875, 0.07470703125, -0.0390625, 0.169921875, -0.1826171875, 0.09423828125, 0.005615234375, -0.01507568359375, 0.0634765625, -0.1826171875] 8 3 2
 [0.1748046875, 0.01068115234375, -0.045654296875, 0.07470703125, -0.0390625, 0.169921875, -0.1826171875, 0.09423828125, 0.005615234375, -0.01507568359375, 0.0634765625, -0.1826171875] 8 3 2
 [0.1748046875, 0.01068115234375, -0.045654296875, 0.07470703125, -0.0390625, 0.169921875, -0.1826171875, 0.09423828125, 0.005615234375, -0.01507568359375, 0.0634765625, -0.1826171875] 8 3 2
 [0.1748046875, 0.01068115234375, -0.045654296875, 0.07470703125, -0.0390625, 0.169921875, -0.1826171875, 0.09423828125, 0.005615234375, -0.01507568359375, 0.0634765625, -0.1826171875] 8 3 2
 [0.1748046875, 0.01068115234375, -0.045654296875, 0.07470703125, -0.0390625, 0.169921875, -0.1826171875, 0.09423828125, 0.005615234375, -0.01507568359375, 0.0634765625, -0.1826171875] 8 3 2
 [0.1748046875, 0.01068115234375, -0.045654296875, 0.07470703125, -0.0390625, 0.169921875, -0.1826171875, 0.09423828125, 0.005615234375, -0.01507568359375, 0.0634765625, -0.1826171875] 8 3 2
 [0.1748046875, 0.01068115234375, -0.045654296875, 0.07470703125, -0.0390625, 0.169921875, -0.1826171875, 0.09423828125, 0.005615234375, -0.01507568359375, 0.0634765625, -0.1826171875] 8 3 2
 [0.1748046875, 0.01068115234375, -0.045654296875, 0.07470703125, -0.0390625, 0.169921875, -0.1826171875, 0.09423828125, 0.005615234375, -0.01507568359375, 0.0634765625, -0.1826171875] 8 3 2
 [0.1748046875, 0.01068115234375, -0.045654296875, 0.07470703125, -0.0390625, 0.169921875, -0.1826171875, 0.09423828125, 0.005615234375, -0.01507568359375, 0.0634765625, -0.1826171875] 8 3 2
 [0.1748046875, 0.01068115234375, -0.045654296875, 0.07470703125, -0.0390625, 0.169921875, -0.1826171875, 0.09423828125, 0.005615234375, -0.01507568359375, 0.0634765625, -0.1826171875] 8 3 2
 [0.1748046875, 0.01068115234375, -0.045654296875, 0.07470703125, -0.0390625, 0.169921875, -0.1826171875, 0.09423828125, 0.005615234375, -0.01507568359375, 0.0634765625, -0.1826171875] 8 3 2
 [0.1748046875, 0.01068115234375, -0.045654296875, 0.07470703125, -0.0390625, 0.169921875, -0.1826171875, 0.09423828125, 0.005615234375, -0.01507568359375, 0.0634765625, -0.1826171875] 8 3 2
 [0.1748046875, 0.01068115234375, -0.045654296875, 0.07470703125, -0.0390625, 0.169921875, -0.1826171875, 0.09423828125, 0.005615234375, -0.01507568359375, 0.0634765625, -0.1826171875] 8 3 2
 [0.1748046875, 0.01068115234375, -0.045654296875, 0.07470703125, -0.0390625, 0.169921875, -0.1826171875, 0.09423828125, 0.005615234375, -0.01507568359375, 0.0634765625, -0.1826171875] 8 3 2
 [0.1748046875, 0.01068115234375, -0.045654296875, 0.07470703125, -0.0390625, 0.169921875, -0.1826171875, 0.09423828125, 0.005615234375, -0.01507568359375, 0.0634765625, -0.1826171875] 8 3 2
 [0.1748046875, 0.01068115234375, -0.045654296875, 0.07470703125, -0.0390625, 0.169921875, -0.1826171875, 0.09423828125, 0.005615234375, -0.01507568359375, 0.0634765625, -0.1826171875] 8 3 2
 [0.1748046875, 0.01068115234375, -0.045654296875, 0.07470703125, -0.0390625, 0.169921875, -0.1826171875, 0.09423828125, 0.005615234375, -0.01507568359375, 0.0634765625, -0.1826171875] 8 3 2
 [0.1748046875, 0.01068115234375, -0.045654296875, 0.07470703125, -0.0390625, 0.169921875, -0.1826171875, 0.09423828125, 0.005615234375, -0.01507568359375, 0.0634765625, -0.1826171875] 10 3 2
 [0.1748046875, 0.01068115234375, -0.045654296875, 0.07470703125, -0.0390625, 0.169921875, -0.1826171875, 0.09423828125, 0.005615234375, -0.01507568359375, 0.0634765625, -0.1826171875] 10 3 2
 [0.1748046875, 0.01068115234375, -0.045654296875, 0.07470703125, -0.0390625, 0.169921875, -0.1826171875, 0.09423828125, 0.005615234375, -0.01507568359375, 0.0634765625, -0.1826171875] 10 3 2
 [0.1748046875, 0.01068115234375, -0.045654296875, 0.07470703125, -0.0390625, 0.169921875, -0.1826171875, 0.09423828125, 0.005615234375, -0.01507568359375, 0.0634765625, -0.1826171875] 10 3 2
 [0.1748046875, 0.01068115234375, -0.045654296875, 0.07470703125, -0.0390625, 0.169921875, -0.1826171875, 0.09423828125, 0.005615234375, -0.01507568359375, 0.0634765625, -0.1826171875] 10 3 2
 [0.1748046875, 0.01068115234375, -0.045654296875, 0.07470703125, -0.0390625, 0.169921875, -0.1826171875, 0.09423828125, 0.005615234375, -0.01507568359375, 0.0634765625, -0.1826171875] 10 3 2
 [0.1748046875, 0.01068115234375, -0.045654296875, 0.07470703125, -0.0390625, 0.169921875, -0.1826171875, 0.09423828125, 0.005615234375, -0.01507568359375, 0.0634765625, -0.1826171875] 10 3 2
 [0.1748046875, 0.01068115234375, -0.045654296875, 0.07470703125, -0.0390625, 0.169921875, -0.1826171875, 0.09423828125, 0.005615234375, -0.01507568359375, 0.0634765625, -0.1826171875] 10 3 2
 [0.1748046875, 0.01068115234375, -0.045654296875, 0.07470703125, -0.0390625, 0.169921875, -0.1826171875, 0.09423828125, 0.005615234375, -0.01507568359375, 0.0634765625, -0.1826171875] 10 3 2
 [0.1748046875, 0.01068115234375, -0.045654296875, 0.07470703125, -0.0390625, 0.169921875, -0.1826171875, 0.09423828125, 0.005615234375, -0.01507568359375, 0.0634765625, -0.1826171875] 10 3 2
 [0.1748046875, 0.01068115234375, -0.045654296875, 0.07470703125, -0.0390625, 0.169921875, -0.1826171875, 0.09423828125, 0.005615234375, -0.01507568359375, 0.0634765625, -0.1826171875] 10 3 2
 [0.1748046875, 0.01068115234375, -0.045654296875, 0.07470703125, -0.0390625, 0.169921875, -0.1826171875, 0.09423828125, 0.005615234375, -0.01507568359375, 0.0634765625, -0.1826171875] 10 3 2
 [0.1748046875, 0.01068115234375, -0.045654296875, 0.07470703125, -0.0390625, 0.169921875, -0.1826171875, 0.09423828125, 0.005615234375, -0.01507568359375, 0.0634765625, -0.1826171875] 10 3 2
 [0.1748046875, 0.01068115234375, -0.045654296875, 0.07470703125, -0.0390625, 0.169921875, -0.1826171875, 0.09423828125, 0.005615234375, -0.01507568359375, 0.0634765625, -0.1826171875] 10 3 2
 [0.1748046875, 0.01068115234375, -0.045654296875, 0.07470703125, -0.0390625, 0.169921875, -0.1826171875, 0.09423828125, 0.005615234375, -0.01507568359375, 0.0634765625, -0.1826171875] 10 3 2
 [0.1748046875, 0.01068115234375, -0.045654296875, 0.07470703125, -0.0390625, 0.169921875, -0.1826171875, 0.09423828125, 0.005615234375, -0.01507568359375, 0.0634765625, -0.1826171875] 10 3 2
 [0.1748046875, 0.01068115234375, -0.045654296875, 0.07470703125, -0.0390625, 0.169921875, -0.1826171875, 0.09423828125, 0.005615234375, -0.01507568359375, 0.0634765625, -0.1826171875] 10 3 2
 [0.1748046875, 0.01068115234375, -0.045654296875, 0.07470703125, -0.0390625, 0.169921875, -0.1826171875, 0.09423828125, 0.005615234375, -0.01507568359375, 0.0634765625, -0.1826171875] 10 3 2
 [0.1748046875, 0.01068115234375, -0.045654296875, 0.07470703125, -0.0390625, 0.169921875, -0.1826171875, 0.09423828125, 0.005615234375, -0.01507568359375, 0.0634765625, -0.1826171875] 10 3 2
 [0.1748046875, 0.01068115234375, -0.045654296875, 0.07470703125, -0.0390625, 0.169921875, -0.1826171875, 0.09423828125, 0.005615234375, -0.01507568359375, 0.0634765625, -0.1826171875] 10 3 2
 [0.1748046875, 0.01068115234375, -0.045654296875, 0.07470703125, -0.0390625, 0.169921875, -0.1826171875, 0.09423828125, 0.005615234375, -0.01507568359375, 0.0634765625, -0.1826171875] 10 3 2
 [0.1748046875, 0.01068115234375, -0.045654296875, 0.07470703125, -0.0390625, 0.169921875, -0.1826171875, 0.09423828125, 0.005615234375, -0.01507568359375, 0.0634765625, -0.1826171875] 10 3 2
 [0.1748046875, 0.01068115234375, -0.045654296875, 0.07470703125, -0.0390625, 0.169921875, -0.1826171875, 0.09423828125, 0.005615234375, -0.01507568359375, 0.0634765625, -0.1826171875] 10 3 2
 [0.1748046875, 0.01068115234375, -0.045654296875, 0.07470703125, -0.0390625, 0.169921875, -0.1826171875, 0.09423828125, 0.005615234375, -0.01507568359375, 0.0634765625, -0.1826171875] 10 3 2
 [0.1748046875, 0.01068115234375, -0.045654296875, 0.07470703125, -0.0390625, 0.169921875, -0.1826171875, 0.09423828125, 0.005615234375, -0.01507568359375, 0.0634765625, -0.1826171875] 10 3 2
 [0.1748046875, 0.01068115234375, -0.045654296875, 0.07470703125, -0.0390625, 0.169921875, -0.1826171875, 0.09423828125, 0.005615234375, -0.01507568359375, 0.0634765625, -0.1826171875] 10 3 2
 [0.1748046875, 0.01068115234375, -0.045654296875, 0.07470703125, -0.0390625, 0.169921875, -0.1826171875, 0.09423828125, 0.005615234375, -0.01507568359375, 0.0634765625, -0.1826171875] 10 3 2
 [0.1748046875, 0.01068115234375, -0.045654296875, 0.07470703125, -0.0390625, 0.169921875, -0.1826171875, 0.09423828125, 0.005615234375, -0.01507568359375, 0.0634765625, -0.1826171875] 10 3 2
 [0.1748046875, 0.01068115234375, -0.045654296875, 0.07470703125, -0.0390625, 0.169921875, -0.1826171875, 0.09423828125, 0.005615234375, -0.01507568359375, 0.0634765625, -0.1826171875] 10 3 2
 [0.1748046875, 0.01068115234375, -0.045654296875, 0.07470703125, -0.0390625, 0.169921875, -0.1826171875, 0.09423828125, 0.005615234375, -0.01507568359375, 0.0634765625, -0.1826171875] 10 3 2
 [0.1748046875, 0.01068115234375, -0.045654296875, 0.07470703125, -0.0390625, 0.169921875, -0.1826171875, 0.09423828125, 0.005615234375, -0.01507568359375, 0.0634765625, -0.1826171875] 10 3 2
 [0.1748046875, 0.01068115234375, -0.045654296875, 0.07470703125, -0.0390625, 0.169921875, -0.1826171875, 0.09423828125, 0.005615234375, -0.01507568359375, 0.0634765625, -0.1826171875] 10 3 2
 [0.1748046875, 0.01068115234375, -0.045654296875, 0.07470703125, -0.0390625, 0.169921875, -0.1826171875, 0.09423828125, 0.005615234375, -0.01507568359375, 0.0634765625, -0.1826171875] 10 3 2
 [0.1748046875, 0.01068115234375, -0.045654296875, 0.07470703125, -0.0390625, 0.169921875, -0.1826171875, 0.09423828125, 0.005615234375, -0.01507568359375, 0.0634765625, -0.1826171875] 10 3 2
 [0.1748046875, 0.01068115234375, -0.045654296875, 0.07470703125, -0.0390625, 0.169921875, -0.1826171875, 0.09423828125, 0.005615234375, -0.01507568359375, 0.0634765625, -0.1826171875] 11 3 2
 [0.1748046875, 0.01068115234375, -0.045654296875, 0.07470703125, -0.0390625, 0.169921875, -0.1826171875, 0.09423828125, 0.005615234375, -0.01507568359375, 0.0634765625, -0.1826171875] 11 3 2
 [0.1748046875, 0.01068115234375, -0.045654296875, 0.07470703125, -0.0390625, 0.169921875, -0.1826171875, 0.09423828125, 0.005615234375, -0.01507568359375, 0.0634765625, -0.1826171875] 11 3 2
 [0.1748046875, 0.01068115234375, -0.045654296875, 0.07470703125, -0.0390625, 0.169921875, -0.1826171875, 0.09423828125, 0.005615234375, -0.01507568359375, 0.0634765625, -0.1826171875] 11 3 2
 [0.1748046875, 0.01068115234375, -0.045654296875, 0.07470703125, -0.0390625, 0.169921875, -0.1826171875, 0.09423828125, 0.005615234375, -0.01507568359375, 0.0634765625, -0.1826171875] 11 3 2
 [0.1748046875, 0.01068115234375, -0.045654296875, 0.07470703125, -0.0390625, 0.169921875, -0.1826171875, 0.09423828125, 0.005615234375, -0.01507568359375, 0.0634765625, -0.1826171875] 11 3 2
 [0.1748046875, 0.01068115234375, -0.045654296875, 0.07470703125, -0.0390625, 0.169921875, -0.1826171875, 0.09423828125, 0.005615234375, -0.01507568359375, 0.0634765625, -0.1826171875] 11 3 2
 [0.1748046875, 0.01068115234375, -0.045654296875, 0.07470703125, -0.0390625, 0.169921875, -0.1826171875, 0.09423828125, 0.005615234375, -0.01507568359375, 0.0634765625, -0.1826171875] 11 3 2
 [0.1748046875, 0.01068115234375, -0.045654296875, 0.07470703125, -0.0390625, 0.169921875, -0.1826171875, 0.09423828125, 0.005615234375, -0.01507568359375, 0.0634765625, -0.1826171875] 11 3 2
 [0.1748046875, 0.01068115234375, -0.045654296875, 0.07470703125, -0.0390625, 0.169921875, -0.1826171875, 0.09423828125, 0.005615234375, -0.01507568359375, 0.0634765625, -0.1826171875] 11 3 2
 [0.1748046875, 0.01068115234375, -0.045654296875, 0.07470703125, -0.0390625, 0.169921875, -0.1826171875, 0.09423828125, 0.005615234375, -0.01507568359375, 0.0634765625, -0.1826171875] 11 3 2
 [0.1748046875, 0.01068115234375, -0.045654296875, 0.07470703125, -0.0390625, 0.169921875, -0.1826171875, 0.09423828125, 0.005615234375, -0.01507568359375, 0.0634765625, -0.1826171875] 11 3 2
 [0.1748046875, 0.01068115234375, -0.045654296875, 0.07470703125, -0.0390625, 0.169921875, -0.1826171875, 0.09423828125, 0.005615234375, -0.01507568359375, 0.0634765625, -0.1826171875] 11 3 2
 [0.1748046875, 0.01068115234375, -0.045654296875, 0.07470703125, -0.0390625, 0.169921875, -0.1826171875, 0.09423828125, 0.005615234375, -0.01507568359375, 0.0634765625, -0.1826171875] 11 3 2
 [0.1748046875, 0.01068115234375, -0.045654296875, 0.07470703125, -0.0390625, 0.169921875, -0.1826171875, 0.09423828125, 0.005615234375, -0.01507568359375, 0.0634765625, -0.1826171875] 11 3 2
 [0.1748046875, 0.01068115234375, -0.045654296875, 0.07470703125, -0.0390625, 0.169921875, -0.1826171875, 0.09423828125, 0.005615234375, -0.01507568359375, 0.0634765625, -0.1826171875] 11 3 2
 [0.1748046875, 0.01068115234375, -0.045654296875, 0.07470703125, -0.0390625, 0.169921875, -0.1826171875, 0.09423828125, 0.005615234375, -0.01507568359375, 0.0634765625, -0.1826171875] 11 3 2
 [0.1748046875, 0.01068115234375, -0.045654296875, 0.07470703125, -0.0390625, 0.169921875, -0.1826171875, 0.09423828125, 0.005615234375, -0.01507568359375, 0.0634765625, -0.1826171875] 11 3 2
 [0.1748046875, 0.01068115234375, -0.045654296875, 0.07470703125, -0.0390625, 0.169921875, -0.1826171875, 0.09423828125, 0.005615234375, -0.01507568359375, 0.0634765625, -0.1826171875] 11 3 2
 [0.1748046875, 0.01068115234375, -0.045654296875, 0.07470703125, -0.0390625, 0.169921875, -0.1826171875, 0.09423828125, 0.005615234375, -0.01507568359375, 0.0634765625, -0.1826171875] 11 3 2
 [0.1748046875, 0.01068115234375, -0.045654296875, 0.07470703125, -0.0390625, 0.169921875, -0.1826171875, 0.09423828125, 0.005615234375, -0.01507568359375, 0.0634765625, -0.1826171875] 11 3 2
 [0.1748046875, 0.01068115234375, -0.045654296875, 0.07470703125, -0.0390625, 0.169921875, -0.1826171875, 0.09423828125, 0.005615234375, -0.01507568359375, 0.0634765625, -0.1826171875] 11 3 2
 [0.1748046875, 0.01068115234375, -0.045654296875, 0.07470703125, -0.0390625, 0.169921875, -0.1826171875, 0.09423828125, 0.005615234375, -0.01507568359375, 0.0634765625, -0.1826171875] 11 3 2
 [0.1748046875, 0.01068115234375, -0.045654296875, 0.07470703125, -0.0390625, 0.169921875, -0.1826171875, 0.09423828125, 0.005615234375, -0.01507568359375, 0.0634765625, -0.1826171875] 11 3 2
 [0.1748046875, 0.01068115234375, -0.045654296875, 0.07470703125, -0.0390625, 0.169921875, -0.1826171875, 0.09423828125, 0.005615234375, -0.01507568359375, 0.0634765625, -0.1826171875] 11 3 2
 [0.1748046875, 0.01068115234375, -0.045654296875, 0.07470703125, -0.0390625, 0.169921875, -0.1826171875, 0.09423828125, 0.005615234375, -0.01507568359375, 0.0634765625, -0.1826171875] 11 3 2
 [0.1748046875, 0.01068115234375, -0.045654296875, 0.07470703125, -0.0390625, 0.169921875, -0.1826171875, 0.09423828125, 0.005615234375, -0.01507568359375, 0.0634765625, -0.1826171875] 11 3 2
 [0.1748046875, 0.01068115234375, -0.045654296875, 0.07470703125, -0.0390625, 0.169921875, -0.1826171875, 0.09423828125, 0.005615234375, -0.01507568359375, 0.0634765625, -0.1826171875] 11 3 2
 [0.1748046875, 0.01068115234375, -0.045654296875, 0.07470703125, -0.0390625, 0.169921875, -0.1826171875, 0.09423828125, 0.005615234375, -0.01507568359375, 0.0634765625, -0.1826171875] 11 3 2
 [0.1748046875, 0.01068115234375, -0.045654296875, 0.07470703125, -0.0390625, 0.169921875, -0.1826171875, 0.09423828125, 0.005615234375, -0.01507568359375, 0.0634765625, -0.1826171875] 11 3 2
 [0.1748046875, 0.01068115234375, -0.045654296875, 0.07470703125, -0.0390625, 0.169921875, -0.1826171875, 0.09423828125, 0.005615234375, -0.01507568359375, 0.0634765625, -0.1826171875] 11 3 2
 [0.1748046875, 0.01068115234375, -0.045654296875, 0.07470703125, -0.0390625, 0.169921875, -0.1826171875, 0.09423828125, 0.005615234375, -0.01507568359375, 0.0634765625, -0.1826171875] 11 3 2
 [0.1748046875, 0.01068115234375, -0.045654296875, 0.07470703125, -0.0390625, 0.169921875, -0.1826171875, 0.09423828125, 0.005615234375, -0.01507568359375, 0.0634765625, -0.1826171875] 10 3 2
